timestamp,device_name,device_type,location,sensor_id,temperature,humidity,ml_prediction,anomaly_prediction,anomaly_status,risk_score,risk_level,recommended_action,attack_status,event_type,http_code
2026-08-13 19:51:26,Real ESP32 Room Sensor,temperature_humidity_sensor,Demo Room,31.3,53.0,31.3,1,Normal Pattern,55,Medium,Check Room Conditions,Environmental Warning,,,
2026-08-13 19:51:28,Real ESP32 Room Sensor,temperature_humidity_sensor,Demo Room,31.3,53.0,31.3,1,Normal Pattern,55,Medium,Check Room Conditions,Environmental Warning,,,
2026-08-13 19:51:30,Real ESP32 Room Sensor,temperature_humidity_sensor,Demo Room,31.3,53.0,31.3,1,Normal Pattern,55,Medium,Check Room Conditions,Environmental Warning,,,
2026-08-13 19:51:32,Real ESP32 Room Sensor,temperature_humidity_sensor,Demo Room,31.3,53.0,31.3,1,Normal Pattern,55,Medium,Check Room Conditions,Environmental Warning,,,
2026-08-13 19:51:35,Real ESP32 Room Sensor,temperature_humidity_sensor,Demo Room,31.3,53.0,31.3,1,Normal Pattern,55,Medium,Check Room Conditions,Environmental Warning,,,
2026-08-13 19:51:37,Real ESP32 Room Sensor,temperature_humidity_sensor,Demo Room,31.3,53.0,31.3,1,Normal Pattern,55,Medium,Check Room Conditions,Environmental Warning,,,
2026-08-13 19:51:39,Real ESP32 Room Sensor,temperature_humidity_sensor,Demo Room,31.3,53.0,31.3,1,Normal Pattern,55,Medium,Check Room Conditions,Environmental Warning,,,
2026-08-13 19:51:41,Real ESP32 Room Sensor,temperature_humidity_sensor,Demo Room,31.3,53.0,31.3,1,Normal Pattern,55,Medium,Check Room Conditions,Environmental Warning,,,
2026-08-13 19:51:44,Real ESP32 Room Sensor,temperature_humidity_sensor,Demo Room,31.3,53.0,31.3,1,Normal Pattern,55,Medium,Check Room Conditions,Environmental Warning,,,
2026-08-13 19:51:46,Real ESP32 Room Sensor,temperature_humidity_sensor,Demo Room,31.3,53.0,31.3,1,Normal Pattern,55,Medium,Check Room Conditions,Environmental Warning,,,
2026-08-13 19:51:48,Real ESP32 Room Sensor,temperature_humidity_sensor,Demo Room,31.3,53.0,31.3,1,Normal Pattern,55,Medium,Check Room Conditions,Environmental Warning,,,
2026-08-13 19:51:50,Real ESP32 Room Sensor,temperature_humidity_sensor,Demo Room,31.3,53.0,31.3,1,Normal Pattern,55,Medium,Check Room Conditions,Environmental Warning,,,
2026-08-13 19:51:53,Real ESP32 Room Sensor,temperature_humidity_sensor,Demo Room,31.3,53.0,31.3,1,Normal Pattern,55,Medium,Check Room Conditions,Environmental Warning,,,
2026-08-13 19:51:55,Real ESP32 Room Sensor,temperature_humidity_sensor,Demo Room,31.3,53.0,31.3,1,Normal Pattern,55,Medium,Check Room Conditions,Environmental Warning,,,
2026-08-13 19:51:57,Real ESP32 Room Sensor,temperature_humidity_sensor,Demo Room,31.3,53.0,31.3,1,Normal Pattern,55,Medium,Check Room Conditions,Environmental Warning,,,
2026-08-13 21:49:22,Real ESP32 Room Sensor,temperature_humidity_sensor,Demo Room,25.8,37.0,Critical,0,Normal Pattern,100,High,Critical Cold-Storage Failure,Critical Cold-Storage Failure,,,
2026-08-13 21:49:24,Real ESP32 Room Sensor,temperature_humidity_sensor,Demo Room,25.8,37.0,Critical,0,Normal Pattern,100,High,Critical Cold-Storage Failure,Critical Cold-Storage Failure,,,
2026-08-13 21:49:27,Real ESP32 Room Sensor,temperature_humidity_sensor,Demo Room,25.8,37.0,Critical,0,Normal Pattern,100,High,Critical Cold-Storage Failure,Critical Cold-Storage Failure,,,
2026-08-13 21:49:29,Real ESP32 Room Sensor,temperature_humidity_sensor,Demo Room,25.8,37.0,Critical,0,Normal Pattern,100,High,Critical Cold-Storage Failure,Critical Cold-Storage Failure,,,
2026-08-13 21:49:31,Real ESP32 Room Sensor,temperature_humidity_sensor,Demo Room,25.8,37.0,Critical,0,Normal Pattern,100,High,Critical Cold-Storage Failure,Critical Cold-Storage Failure,,,
2026-08-13 21:49:33,Real ESP32 Room Sensor,temperature_humidity_sensor,Demo Room,25.8,37.0,Critical,0,Normal Pattern,100,High,Critical Cold-Storage Failure,Critical Cold-Storage Failure,,,
2026-08-13 21:49:36,Real ESP32 Room Sensor,temperature_humidity_sensor,Demo Room,25.8,37.0,Critical,0,Normal Pattern,100,High,Critical Cold-Storage Failure,Critical Cold-Storage Failure,,,
2026-08-13 21:49:38,Real ESP32 Room Sensor,temperature_humidity_sensor,Demo Room,25.8,37.0,Critical,0,Normal Pattern,100,High,Critical Cold-Storage Failure,Critical Cold-Storage Failure,,,
2026-08-13 21:49:40,Real ESP32 Room Sensor,temperature_humidity_sensor,Demo Room,25.8,37.0,Critical,0,Normal Pattern,100,High,Critical Cold-Storage Failure,Critical Cold-Storage Failure,,,
2026-08-13 21:49:42,Real ESP32 Room Sensor,temperature_humidity_sensor,Demo Room,25.8,37.0,Critical,0,Normal Pattern,100,High,Critical Cold-Storage Failure,Critical Cold-Storage Failure,,,
2026-08-13 21:49:45,Real ESP32 Room Sensor,temperature_humidity_sensor,Demo Room,25.8,37.0,Critical,0,Normal Pattern,100,High,Critical Cold-Storage Failure,Critical Cold-Storage Failure,,,
2026-08-13 21:49:47,Real ESP32 Room Sensor,temperature_humidity_sensor,Demo Room,25.8,37.0,Critical,0,Normal Pattern,100,High,Critical Cold-Storage Failure,Critical Cold-Storage Failure,,,
2026-08-13 21:49:49,Real ESP32 Room Sensor,temperature_humidity_sensor,Demo Room,25.8,37.0,Critical,0,Normal Pattern,100,High,Critical Cold-Storage Failure,Critical Cold-Storage Failure,,,
2026-08-13 21:49:51,Real ESP32 Room Sensor,temperature_humidity_sensor,Demo Room,25.8,37.0,Critical,0,Normal Pattern,100,High,Critical Cold-Storage Failure,Critical Cold-Storage Failure,,,
2026-08-13 21:49:53,Real ESP32 Room Sensor,temperature_humidity_sensor,Demo Room,25.8,37.0,Critical,0,Normal Pattern,100,High,Critical Cold-Storage Failure,Critical Cold-Storage Failure,,,
2026-08-13 21:49:56,Real ESP32 Room Sensor,temperature_humidity_sensor,Demo Room,25.8,37.0,Critical,0,Normal Pattern,100,High,Critical Cold-Storage Failure,Critical Cold-Storage Failure,,,
2026-08-13 21:49:58,Real ESP32 Room Sensor,temperature_humidity_sensor,Demo Room,25.8,37.0,Critical,0,Normal Pattern,100,High,Critical Cold-Storage Failure,Critical Cold-Storage Failure,,,
2026-08-13 21:50:00,Real ESP32 Room Sensor,temperature_humidity_sensor,Demo Room,25.8,37.0,Critical,0,Normal Pattern,100,High,Critical Cold-Storage Failure,Critical Cold-Storage Failure,,,
2026-08-13 21:50:02,Real ESP32 Room Sensor,temperature_humidity_sensor,Demo Room,25.8,37.0,Critical,0,Normal Pattern,100,High,Critical Cold-Storage Failure,Critical Cold-Storage Failure,,,
2026-08-13 21:50:04,Real ESP32 Room Sensor,temperature_humidity_sensor,Demo Room,25.8,37.0,Critical,0,Normal Pattern,100,High,Critical Cold-Storage Failure,Critical Cold-Storage Failure,,,
2026-08-13 21:50:07,Real ESP32 Room Sensor,temperature_humidity_sensor,Demo Room,25.8,37.0,Critical,0,Normal Pattern,100,High,Critical Cold-Storage Failure,Critical Cold-Storage Failure,,,
2026-08-13 21:50:09,Real ESP32 Room Sensor,temperature_humidity_sensor,Demo Room,25.8,37.0,Critical,0,Normal Pattern,100,High,Critical Cold-Storage Failure,Critical Cold-Storage Failure,,,
2026-08-13 21:50:11,Real ESP32 Room Sensor,temperature_humidity_sensor,Demo Room,25.8,37.0,Critical,0,Normal Pattern,100,High,Critical Cold-Storage Failure,Critical Cold-Storage Failure,,,
2026-08-13 21:50:13,Real ESP32 Room Sensor,temperature_humidity_sensor,Demo Room,25.8,37.0,Critical,0,Normal Pattern,100,High,Critical Cold-Storage Failure,Critical Cold-Storage Failure,,,
2026-08-13 21:50:16,Real ESP32 Room Sensor,temperature_humidity_sensor,Demo Room,25.8,37.0,Critical,0,Normal Pattern,100,High,Critical Cold-Storage Failure,Critical Cold-Storage Failure,,,
2026-08-13 21:50:18,Real ESP32 Room Sensor,temperature_humidity_sensor,Demo Room,25.8,37.0,Critical,0,Normal Pattern,100,High,Critical Cold-Storage Failure,Critical Cold-Storage Failure,,,
2026-08-13 21:50:20,Real ESP32 Room Sensor,temperature_humidity_sensor,Demo Room,25.8,37.0,Critical,0,Normal Pattern,100,High,Critical Cold-Storage Failure,Critical Cold-Storage Failure,,,
2026-08-13 21:50:22,Real ESP32 Room Sensor,temperature_humidity_sensor,Demo Room,25.8,37.0,Critical,0,Normal Pattern,100,High,Critical Cold-Storage Failure,Critical Cold-Storage Failure,,,
2026-08-13 21:50:24,Real ESP32 Room Sensor,temperature_humidity_sensor,Demo Room,25.8,37.0,Critical,0,Normal Pattern,100,High,Critical Cold-Storage Failure,Critical Cold-Storage Failure,,,
2026-08-13 21:50:27,Real ESP32 Room Sensor,temperature_humidity_sensor,Demo Room,25.8,37.0,Critical,0,Normal Pattern,100,High,Critical Cold-Storage Failure,Critical Cold-Storage Failure,,,
2026-08-13 21:50:29,Real ESP32 Room Sensor,temperature_humidity_sensor,Demo Room,25.8,37.0,Critical,0,Normal Pattern,100,High,Critical Cold-Storage Failure,Critical Cold-Storage Failure,,,
2026-08-13 21:50:31,Real ESP32 Room Sensor,temperature_humidity_sensor,Demo Room,25.8,37.0,Critical,0,Normal Pattern,100,High,Critical Cold-Storage Failure,Critical Cold-Storage Failure,,,
2026-08-13 21:50:34,Real ESP32 Room Sensor,temperature_humidity_sensor,Demo Room,25.8,37.0,Critical,0,Normal Pattern,100,High,Critical Cold-Storage Failure,Critical Cold-Storage Failure,,,
2026-08-13 21:50:36,Real ESP32 Room Sensor,temperature_humidity_sensor,Demo Room,25.8,37.0,Critical,0,Normal Pattern,100,High,Critical Cold-Storage Failure,Critical Cold-Storage Failure,,,
2026-08-13 21:50:38,Real ESP32 Room Sensor,temperature_humidity_sensor,Demo Room,25.8,37.0,Critical,0,Normal Pattern,100,High,Critical Cold-Storage Failure,Critical Cold-Storage Failure,,,
2026-08-13 21:50:40,Real ESP32 Room Sensor,temperature_humidity_sensor,Demo Room,25.8,37.0,Critical,0,Normal Pattern,100,High,Critical Cold-Storage Failure,Critical Cold-Storage Failure,,,
2026-08-13 21:50:43,Real ESP32 Room Sensor,temperature_humidity_sensor,Demo Room,25.8,37.0,Critical,0,Normal Pattern,100,High,Critical Cold-Storage Failure,Critical Cold-Storage Failure,,,
2026-08-13 21:50:45,Real ESP32 Room Sensor,temperature_humidity_sensor,Demo Room,25.8,37.0,Critical,0,Normal Pattern,100,High,Critical Cold-Storage Failure,Critical Cold-Storage Failure,,,
2026-08-13 21:50:47,Real ESP32 Room Sensor,temperature_humidity_sensor,Demo Room,25.8,37.0,Critical,0,Normal Pattern,100,High,Critical Cold-Storage Failure,Critical Cold-Storage Failure,,,
2026-08-13 21:50:49,Real ESP32 Room Sensor,temperature_humidity_sensor,Demo Room,25.8,37.0,Critical,0,Normal Pattern,100,High,Critical Cold-Storage Failure,Critical Cold-Storage Failure,,,
2026-08-13 21:50:51,Real ESP32 Room Sensor,temperature_humidity_sensor,Demo Room,25.8,37.0,Critical,0,Normal Pattern,100,High,Critical Cold-Storage Failure,Critical Cold-Storage Failure,,,
2026-08-13 21:50:54,Real ESP32 Room Sensor,temperature_humidity_sensor,Demo Room,25.8,37.0,Critical,0,Normal Pattern,100,High,Critical Cold-Storage Failure,Critical Cold-Storage Failure,,,
2026-08-13 21:52:21,Real ESP32 Room Sensor,temperature_humidity_sensor,Demo Room,25.8,36.0,Critical,0,Normal Pattern,100,High,Critical Cold-Storage Failure,Critical Cold-Storage Failure,,,
2026-08-13 21:52:23,Real ESP32 Room Sensor,temperature_humidity_sensor,Demo Room,25.8,36.0,Critical,0,Normal Pattern,100,High,Critical Cold-Storage Failure,Critical Cold-Storage Failure,,,
2026-08-13 21:52:25,Real ESP32 Room Sensor,temperature_humidity_sensor,Demo Room,25.8,36.0,Critical,0,Normal Pattern,100,High,Critical Cold-Storage Failure,Critical Cold-Storage Failure,,,
2026-08-13 21:52:27,Real ESP32 Room Sensor,temperature_humidity_sensor,Demo Room,25.8,36.0,Critical,0,Normal Pattern,100,High,Critical Cold-Storage Failure,Critical Cold-Storage Failure,,,
2026-08-13 21:52:29,Real ESP32 Room Sensor,temperature_humidity_sensor,Demo Room,25.8,36.0,Critical,0,Normal Pattern,100,High,Critical Cold-Storage Failure,Critical Cold-Storage Failure,,,
2026-08-13 21:52:32,Real ESP32 Room Sensor,temperature_humidity_sensor,Demo Room,25.8,36.0,Critical,0,Normal Pattern,100,High,Critical Cold-Storage Failure,Critical Cold-Storage Failure,,,
2026-08-13 21:52:34,Real ESP32 Room Sensor,temperature_humidity_sensor,Demo Room,25.8,36.0,Critical,0,Normal Pattern,100,High,Critical Cold-Storage Failure,Critical Cold-Storage Failure,,,
2026-08-13 21:52:36,Real ESP32 Room Sensor,temperature_humidity_sensor,Demo Room,25.8,36.0,Critical,0,Normal Pattern,100,High,Critical Cold-Storage Failure,Critical Cold-Storage Failure,,,
2026-08-13 21:52:38,Real ESP32 Room Sensor,temperature_humidity_sensor,Demo Room,25.8,36.0,Critical,0,Normal Pattern,100,High,Critical Cold-Storage Failure,Critical Cold-Storage Failure,,,
2026-08-13 21:52:41,Real ESP32 Room Sensor,temperature_humidity_sensor,Demo Room,25.8,36.0,Critical,0,Normal Pattern,100,High,Critical Cold-Storage Failure,Critical Cold-Storage Failure,,,
2026-08-13 21:52:43,Real ESP32 Room Sensor,temperature_humidity_sensor,Demo Room,25.8,36.0,Critical,0,Normal Pattern,100,High,Critical Cold-Storage Failure,Critical Cold-Storage Failure,,,
2026-08-13 21:52:45,Real ESP32 Room Sensor,temperature_humidity_sensor,Demo Room,25.8,36.0,Critical,0,Normal Pattern,100,High,Critical Cold-Storage Failure,Critical Cold-Storage Failure,,,
2026-08-13 21:52:47,Real ESP32 Room Sensor,temperature_humidity_sensor,Demo Room,25.8,36.0,Critical,0,Normal Pattern,100,High,Critical Cold-Storage Failure,Critical Cold-Storage Failure,,,
2026-08-13 21:52:50,Real ESP32 Room Sensor,temperature_humidity_sensor,Demo Room,25.8,36.0,Critical,0,Normal Pattern,100,High,Critical Cold-Storage Failure,Critical Cold-Storage Failure,,,
2026-08-13 21:52:52,Real ESP32 Room Sensor,temperature_humidity_sensor,Demo Room,25.8,48.0,Critical,0,Normal Pattern,100,High,Critical Cold-Storage Failure,Critical Cold-Storage Failure,,,
2026-08-13 21:52:54,Real ESP32 Room Sensor,temperature_humidity_sensor,Demo Room,30.8,98.0,Critical,0,Normal Pattern,100,High,Critical Cold-Storage Failure,Critical Cold-Storage Failure,,,
2026-08-13 21:52:56,Real ESP32 Room Sensor,temperature_humidity_sensor,Demo Room,32.8,98.0,Critical,0,Normal Pattern,100,High,Critical Cold-Storage Failure,Critical Cold-Storage Failure,,,
2026-08-13 21:52:59,Real ESP32 Room Sensor,temperature_humidity_sensor,Demo Room,32.8,98.0,Critical,0,Normal Pattern,100,High,Critical Cold-Storage Failure,Critical Cold-Storage Failure,,,
2026-08-13 21:53:01,Real ESP32 Room Sensor,temperature_humidity_sensor,Demo Room,32.3,98.0,Critical,0,Normal Pattern,100,High,Critical Cold-Storage Failure,Critical Cold-Storage Failure,,,
2026-08-13 21:53:03,Real ESP32 Room Sensor,temperature_humidity_sensor,Demo Room,31.8,98.0,Critical,0,Normal Pattern,100,High,Critical Cold-Storage Failure,Critical Cold-Storage Failure,,,
2026-08-13 21:53:05,Real ESP32 Room Sensor,temperature_humidity_sensor,Demo Room,31.3,98.0,Critical,0,Normal Pattern,100,High,Critical Cold-Storage Failure,Critical Cold-Storage Failure,,,
2026-08-13 21:53:10,Real ESP32 Room Sensor,temperature_humidity_sensor,Demo Room,30.8,98.0,Critical,0,Normal Pattern,100,High,Critical Cold-Storage Failure,Critical Cold-Storage Failure,,,
2026-08-13 21:53:12,Real ESP32 Room Sensor,temperature_humidity_sensor,Demo Room,30.2,94.0,Critical,0,Normal Pattern,100,High,Critical Cold-Storage Failure,Critical Cold-Storage Failure,,,
2026-08-13 21:53:15,Real ESP32 Room Sensor,temperature_humidity_sensor,Demo Room,29.3,92.0,Critical,0,Normal Pattern,100,High,Critical Cold-Storage Failure,Critical Cold-Storage Failure,,,
2026-08-13 21:53:17,Real ESP32 Room Sensor,temperature_humidity_sensor,Demo Room,29.3,88.0,Critical,0,Normal Pattern,100,High,Critical Cold-Storage Failure,Critical Cold-Storage Failure,,,
2026-08-13 21:53:19,Real ESP32 Room Sensor,temperature_humidity_sensor,Demo Room,28.9,81.0,Critical,0,Normal Pattern,100,High,Critical Cold-Storage Failure,Critical Cold-Storage Failure,,,
2026-08-13 21:53:21,Real ESP32 Room Sensor,temperature_humidity_sensor,Demo Room,28.5,77.0,Critical,0,Normal Pattern,100,High,Critical Cold-Storage Failure,Critical Cold-Storage Failure,,,
2026-08-13 21:53:24,Real ESP32 Room Sensor,temperature_humidity_sensor,Demo Room,28.5,72.0,Critical,0,Normal Pattern,100,High,Critical Cold-Storage Failure,Critical Cold-Storage Failure,,,
2026-08-13 21:53:26,Real ESP32 Room Sensor,temperature_humidity_sensor,Demo Room,28.0,68.0,Critical,0,Normal Pattern,100,High,Critical Cold-Storage Failure,Critical Cold-Storage Failure,,,
2026-08-13 21:53:28,Real ESP32 Room Sensor,temperature_humidity_sensor,Demo Room,28.0,65.0,Critical,0,Normal Pattern,100,High,Critical Cold-Storage Failure,Critical Cold-Storage Failure,,,
2026-08-13 21:53:30,Real ESP32 Room Sensor,temperature_humidity_sensor,Demo Room,27.6,62.0,Critical,0,Normal Pattern,100,High,Critical Cold-Storage Failure,Critical Cold-Storage Failure,,,
2026-08-13 21:53:33,Real ESP32 Room Sensor,temperature_humidity_sensor,Demo Room,27.6,59.0,Critical,0,Normal Pattern,100,High,Critical Cold-Storage Failure,Critical Cold-Storage Failure,,,
2026-08-13 21:53:35,Real ESP32 Room Sensor,temperature_humidity_sensor,Demo Room,27.1,56.0,Critical,0,Normal Pattern,100,High,Critical Cold-Storage Failure,Critical Cold-Storage Failure,,,
2026-08-13 21:53:37,Real ESP32 Room Sensor,temperature_humidity_sensor,Demo Room,27.1,55.0,Critical,0,Normal Pattern,100,High,Critical Cold-Storage Failure,Critical Cold-Storage Failure,,,
2026-08-13 21:53:39,Real ESP32 Room Sensor,temperature_humidity_sensor,Demo Room,27.1,58.0,Critical,0,Normal Pattern,100,High,Critical Cold-Storage Failure,Critical Cold-Storage Failure,,,
2026-08-13 21:53:42,Real ESP32 Room Sensor,temperature_humidity_sensor,Demo Room,26.7,59.0,Critical,0,Normal Pattern,100,High,Critical Cold-Storage Failure,Critical Cold-Storage Failure,,,
2026-08-13 21:53:44,Real ESP32 Room Sensor,temperature_humidity_sensor,Demo Room,26.7,60.0,Critical,0,Normal Pattern,100,High,Critical Cold-Storage Failure,Critical Cold-Storage Failure,,,
2026-08-13 21:53:46,Real ESP32 Room Sensor,temperature_humidity_sensor,Demo Room,26.7,59.0,Critical,0,Normal Pattern,100,High,Critical Cold-Storage Failure,Critical Cold-Storage Failure,,,
2026-08-13 21:53:48,Real ESP32 Room Sensor,temperature_humidity_sensor,Demo Room,26.7,56.0,Critical,0,Normal Pattern,100,High,Critical Cold-Storage Failure,Critical Cold-Storage Failure,,,
2026-08-13 21:53:50,Real ESP32 Room Sensor,temperature_humidity_sensor,Demo Room,26.2,52.0,Critical,0,Normal Pattern,100,High,Critical Cold-Storage Failure,Critical Cold-Storage Failure,,,
2026-08-13 22:36:21,Real ESP32 Room Sensor,temperature_humidity_sensor,Demo Room,28.0,53.0,Critical,0,Normal Pattern,100,High,Critical Cold-Storage Failure,Critical Cold-Storage Failure,,,
2026-08-13 22:36:23,Real ESP32 Room Sensor,temperature_humidity_sensor,Demo Room,28.0,53.0,Critical,0,Normal Pattern,100,High,Critical Cold-Storage Failure,Critical Cold-Storage Failure,,,
2026-08-13 22:36:25,Real ESP32 Room Sensor,temperature_humidity_sensor,Demo Room,28.0,53.0,Critical,0,Normal Pattern,100,High,Critical Cold-Storage Failure,Critical Cold-Storage Failure,,,
2026-08-13 22:36:27,Real ESP32 Room Sensor,temperature_humidity_sensor,Demo Room,28.0,53.0,Critical,0,Normal Pattern,100,High,Critical Cold-Storage Failure,Critical Cold-Storage Failure,,,
2026-08-13 22:36:29,Real ESP32 Room Sensor,temperature_humidity_sensor,Demo Room,28.0,53.0,Critical,0,Normal Pattern,100,High,Critical Cold-Storage Failure,Critical Cold-Storage Failure,,,
2026-08-13 22:36:32,Real ESP32 Room Sensor,temperature_humidity_sensor,Demo Room,28.0,53.0,Critical,0,Normal Pattern,100,High,Critical Cold-Storage Failure,Critical Cold-Storage Failure,,,
2026-08-13 22:36:34,Real ESP32 Room Sensor,temperature_humidity_sensor,Demo Room,28.0,53.0,Critical,0,Normal Pattern,100,High,Critical Cold-Storage Failure,Critical Cold-Storage Failure,,,
2026-08-13 22:36:36,Real ESP32 Room Sensor,temperature_humidity_sensor,Demo Room,28.0,53.0,Critical,0,Normal Pattern,100,High,Critical Cold-Storage Failure,Critical Cold-Storage Failure,,,
2026-08-13 22:36:38,Real ESP32 Room Sensor,temperature_humidity_sensor,Demo Room,28.0,53.0,Critical,0,Normal Pattern,100,High,Critical Cold-Storage Failure,Critical Cold-Storage Failure,,,
2026-08-13 22:36:41,Real ESP32 Room Sensor,temperature_humidity_sensor,Demo Room,28.0,53.0,Critical,0,Normal Pattern,100,High,Critical Cold-Storage Failure,Critical Cold-Storage Failure,,,
2026-08-13 22:36:43,Real ESP32 Room Sensor,temperature_humidity_sensor,Demo Room,28.0,53.0,Critical,0,Normal Pattern,100,High,Critical Cold-Storage Failure,Critical Cold-Storage Failure,,,
2026-08-13 22:36:45,Real ESP32 Room Sensor,temperature_humidity_sensor,Demo Room,28.0,53.0,Critical,0,Normal Pattern,100,High,Critical Cold-Storage Failure,Critical Cold-Storage Failure,,,
2026-08-13 22:36:47,Real ESP32 Room Sensor,temperature_humidity_sensor,Demo Room,28.0,53.0,Critical,0,Normal Pattern,100,High,Critical Cold-Storage Failure,Critical Cold-Storage Failure,,,
2026-08-13 22:36:50,Real ESP32 Room Sensor,temperature_humidity_sensor,Demo Room,28.0,53.0,Critical,0,Normal Pattern,100,High,Critical Cold-Storage Failure,Critical Cold-Storage Failure,,,
2026-08-13 22:36:52,Real ESP32 Room Sensor,temperature_humidity_sensor,Demo Room,28.0,53.0,Critical,0,Normal Pattern,100,High,Critical Cold-Storage Failure,Critical Cold-Storage Failure,,,
2026-08-13 22:36:54,Real ESP32 Room Sensor,temperature_humidity_sensor,Demo Room,28.1,53.0,Critical,0,Normal Pattern,100,High,Critical Cold-Storage Failure,Critical Cold-Storage Failure,,,
2026-08-13 22:36:56,Real ESP32 Room Sensor,temperature_humidity_sensor,Demo Room,28.1,53.0,Critical,0,Normal Pattern,100,High,Critical Cold-Storage Failure,Critical Cold-Storage Failure,,,
2026-08-13 22:36:59,Real ESP32 Room Sensor,temperature_humidity_sensor,Demo Room,28.1,53.0,Critical,0,Normal Pattern,100,High,Critical Cold-Storage Failure,Critical Cold-Storage Failure,,,
2026-08-13 22:37:01,Real ESP32 Room Sensor,temperature_humidity_sensor,Demo Room,28.2,53.0,Critical,0,Normal Pattern,100,High,Critical Cold-Storage Failure,Critical Cold-Storage Failure,,,
2026-08-13 22:37:03,Real ESP32 Room Sensor,temperature_humidity_sensor,Demo Room,28.4,53.0,Critical,0,Normal Pattern,100,High,Critical Cold-Storage Failure,Critical Cold-Storage Failure,,,
2026-08-13 22:37:05,Real ESP32 Room Sensor,temperature_humidity_sensor,Demo Room,28.5,53.0,Critical,0,Normal Pattern,100,High,Critical Cold-Storage Failure,Critical Cold-Storage Failure,,,
2026-08-13 22:37:07,Real ESP32 Room Sensor,temperature_humidity_sensor,Demo Room,28.5,53.0,Critical,0,Normal Pattern,100,High,Critical Cold-Storage Failure,Critical Cold-Storage Failure,,,
2026-08-13 22:37:10,Real ESP32 Room Sensor,temperature_humidity_sensor,Demo Room,28.5,53.0,Critical,0,Normal Pattern,100,High,Critical Cold-Storage Failure,Critical Cold-Storage Failure,,,
2026-08-13 22:37:12,Real ESP32 Room Sensor,temperature_humidity_sensor,Demo Room,28.5,53.0,Critical,0,Normal Pattern,100,High,Critical Cold-Storage Failure,Critical Cold-Storage Failure,,,
2026-08-13 22:37:14,Real ESP32 Room Sensor,temperature_humidity_sensor,Demo Room,28.5,53.0,Critical,0,Normal Pattern,100,High,Critical Cold-Storage Failure,Critical Cold-Storage Failure,,,
2026-08-13 22:37:16,Real ESP32 Room Sensor,temperature_humidity_sensor,Demo Room,28.5,53.0,Critical,0,Normal Pattern,100,High,Critical Cold-Storage Failure,Critical Cold-Storage Failure,,,
2026-08-13 22:37:18,Real ESP32 Room Sensor,temperature_humidity_sensor,Demo Room,28.5,53.0,Critical,0,Normal Pattern,100,High,Critical Cold-Storage Failure,Critical Cold-Storage Failure,,,
2026-08-13 22:37:21,Real ESP32 Room Sensor,temperature_humidity_sensor,Demo Room,28.5,53.0,Critical,0,Normal Pattern,100,High,Critical Cold-Storage Failure,Critical Cold-Storage Failure,,,
2026-08-13 22:37:23,Real ESP32 Room Sensor,temperature_humidity_sensor,Demo Room,28.5,53.0,Critical,0,Normal Pattern,100,High,Critical Cold-Storage Failure,Critical Cold-Storage Failure,,,
2026-08-13 22:37:25,Real ESP32 Room Sensor,temperature_humidity_sensor,Demo Room,28.5,53.0,Critical,0,Normal Pattern,100,High,Critical Cold-Storage Failure,Critical Cold-Storage Failure,,,
2026-08-13 22:37:27,Real ESP32 Room Sensor,temperature_humidity_sensor,Demo Room,28.5,53.0,Critical,0,Normal Pattern,100,High,Critical Cold-Storage Failure,Critical Cold-Storage Failure,,,
2026-08-13 22:37:30,Real ESP32 Room Sensor,temperature_humidity_sensor,Demo Room,28.5,53.0,Critical,0,Normal Pattern,100,High,Critical Cold-Storage Failure,Critical Cold-Storage Failure,,,
2026-08-13 22:37:32,Real ESP32 Room Sensor,temperature_humidity_sensor,Demo Room,28.5,53.0,Critical,0,Normal Pattern,100,High,Critical Cold-Storage Failure,Critical Cold-Storage Failure,,,
2026-08-13 22:37:34,Real ESP32 Room Sensor,temperature_humidity_sensor,Demo Room,28.5,53.0,Critical,0,Normal Pattern,100,High,Critical Cold-Storage Failure,Critical Cold-Storage Failure,,,
2026-08-13 22:37:36,Real ESP32 Room Sensor,temperature_humidity_sensor,Demo Room,28.5,53.0,Critical,0,Normal Pattern,100,High,Critical Cold-Storage Failure,Critical Cold-Storage Failure,,,
2026-08-13 22:37:38,Real ESP32 Room Sensor,temperature_humidity_sensor,Demo Room,28.5,53.0,Critical,0,Normal Pattern,100,High,Critical Cold-Storage Failure,Critical Cold-Storage Failure,,,
2026-08-13 22:37:41,Real ESP32 Room Sensor,temperature_humidity_sensor,Demo Room,28.5,53.0,Critical,0,Normal Pattern,100,High,Critical Cold-Storage Failure,Critical Cold-Storage Failure,,,
2026-08-13 22:37:43,Real ESP32 Room Sensor,temperature_humidity_sensor,Demo Room,28.5,53.0,Critical,0,Normal Pattern,100,High,Critical Cold-Storage Failure,Critical Cold-Storage Failure,,,
2026-08-13 22:37:45,Real ESP32 Room Sensor,temperature_humidity_sensor,Demo Room,28.5,53.0,Critical,0,Normal Pattern,100,High,Critical Cold-Storage Failure,Critical Cold-Storage Failure,,,
2026-08-13 22:37:47,Real ESP32 Room Sensor,temperature_humidity_sensor,Demo Room,28.5,53.0,Critical,0,Normal Pattern,100,High,Critical Cold-Storage Failure,Critical Cold-Storage Failure,,,
2026-08-13 22:37:50,Real ESP32 Room Sensor,temperature_humidity_sensor,Demo Room,28.5,53.0,Critical,0,Normal Pattern,100,High,Critical Cold-Storage Failure,Critical Cold-Storage Failure,,,
2026-08-13 22:37:52,Real ESP32 Room Sensor,temperature_humidity_sensor,Demo Room,28.5,53.0,Critical,0,Normal Pattern,100,High,Critical Cold-Storage Failure,Critical Cold-Storage Failure,,,
2026-08-13 22:37:54,Real ESP32 Room Sensor,temperature_humidity_sensor,Demo Room,28.5,53.0,Critical,0,Normal Pattern,100,High,Critical Cold-Storage Failure,Critical Cold-Storage Failure,,,
2026-08-13 22:37:56,Real ESP32 Room Sensor,temperature_humidity_sensor,Demo Room,28.5,53.0,Critical,0,Normal Pattern,100,High,Critical Cold-Storage Failure,Critical Cold-Storage Failure,,,
2026-08-13 22:37:59,Real ESP32 Room Sensor,temperature_humidity_sensor,Demo Room,28.5,53.0,Critical,0,Normal Pattern,100,High,Critical Cold-Storage Failure,Critical Cold-Storage Failure,,,
2026-08-13 22:38:01,Real ESP32 Room Sensor,temperature_humidity_sensor,Demo Room,28.5,53.0,Critical,0,Normal Pattern,100,High,Critical Cold-Storage Failure,Critical Cold-Storage Failure,,,
2026-08-13 22:38:03,Real ESP32 Room Sensor,temperature_humidity_sensor,Demo Room,28.5,53.0,Critical,0,Normal Pattern,100,High,Critical Cold-Storage Failure,Critical Cold-Storage Failure,,,
2026-08-13 22:38:05,Real ESP32 Room Sensor,temperature_humidity_sensor,Demo Room,28.5,53.0,Critical,0,Normal Pattern,100,High,Critical Cold-Storage Failure,Critical Cold-Storage Failure,,,
2026-08-13 22:38:08,Real ESP32 Room Sensor,temperature_humidity_sensor,Demo Room,28.5,53.0,Critical,0,Normal Pattern,100,High,Critical Cold-Storage Failure,Critical Cold-Storage Failure,,,
2026-08-13 22:38:10,Real ESP32 Room Sensor,temperature_humidity_sensor,Demo Room,28.5,53.0,Critical,0,Normal Pattern,100,High,Critical Cold-Storage Failure,Critical Cold-Storage Failure,,,
2026-08-13 22:38:12,Real ESP32 Room Sensor,temperature_humidity_sensor,Demo Room,28.5,53.0,Critical,0,Normal Pattern,100,High,Critical Cold-Storage Failure,Critical Cold-Storage Failure,,,
2026-08-13 22:38:14,Real ESP32 Room Sensor,temperature_humidity_sensor,Demo Room,28.5,53.0,Critical,0,Normal Pattern,100,High,Critical Cold-Storage Failure,Critical Cold-Storage Failure,,,
2026-08-13 22:38:17,Real ESP32 Room Sensor,temperature_humidity_sensor,Demo Room,28.5,53.0,Critical,0,Normal Pattern,100,High,Critical Cold-Storage Failure,Critical Cold-Storage Failure,,,
2026-08-13 22:38:19,Real ESP32 Room Sensor,temperature_humidity_sensor,Demo Room,28.5,53.0,Critical,0,Normal Pattern,100,High,Critical Cold-Storage Failure,Critical Cold-Storage Failure,,,
2026-08-13 22:38:21,Real ESP32 Room Sensor,temperature_humidity_sensor,Demo Room,28.5,53.0,Critical,0,Normal Pattern,100,High,Critical Cold-Storage Failure,Critical Cold-Storage Failure,,,
2026-08-13 22:38:23,Real ESP32 Room Sensor,temperature_humidity_sensor,Demo Room,28.5,53.0,Critical,0,Normal Pattern,100,High,Critical Cold-Storage Failure,Critical Cold-Storage Failure,,,
2026-08-13 22:38:26,Real ESP32 Room Sensor,temperature_humidity_sensor,Demo Room,28.5,53.0,Critical,0,Normal Pattern,100,High,Critical Cold-Storage Failure,Critical Cold-Storage Failure,,,
2026-08-13 22:38:28,Real ESP32 Room Sensor,temperature_humidity_sensor,Demo Room,28.5,53.0,Critical,0,Normal Pattern,100,High,Critical Cold-Storage Failure,Critical Cold-Storage Failure,,,
2026-08-13 22:38:30,Real ESP32 Room Sensor,temperature_humidity_sensor,Demo Room,28.5,53.0,Critical,0,Normal Pattern,100,High,Critical Cold-Storage Failure,Critical Cold-Storage Failure,,,
2026-08-13 22:38:32,Real ESP32 Room Sensor,temperature_humidity_sensor,Demo Room,28.5,53.0,Critical,0,Normal Pattern,100,High,Critical Cold-Storage Failure,Critical Cold-Storage Failure,,,
2026-08-13 22:38:35,Real ESP32 Room Sensor,temperature_humidity_sensor,Demo Room,28.5,53.0,Critical,0,Normal Pattern,100,High,Critical Cold-Storage Failure,Critical Cold-Storage Failure,,,
2026-08-13 22:38:37,Real ESP32 Room Sensor,temperature_humidity_sensor,Demo Room,28.5,53.0,Critical,0,Normal Pattern,100,High,Critical Cold-Storage Failure,Critical Cold-Storage Failure,,,
2026-08-13 22:38:39,Real ESP32 Room Sensor,temperature_humidity_sensor,Demo Room,28.5,52.0,Critical,0,Normal Pattern,100,High,Critical Cold-Storage Failure,Critical Cold-Storage Failure,,,
2026-08-13 22:38:41,Real ESP32 Room Sensor,temperature_humidity_sensor,Demo Room,28.5,52.0,Critical,0,Normal Pattern,100,High,Critical Cold-Storage Failure,Critical Cold-Storage Failure,,,
2026-08-13 22:38:44,Real ESP32 Room Sensor,temperature_humidity_sensor,Demo Room,28.5,52.0,Critical,0,Normal Pattern,100,High,Critical Cold-Storage Failure,Critical Cold-Storage Failure,,,
2026-08-13 22:38:46,Real ESP32 Room Sensor,temperature_humidity_sensor,Demo Room,28.5,52.0,Critical,0,Normal Pattern,100,High,Critical Cold-Storage Failure,Critical Cold-Storage Failure,,,
2026-08-13 22:38:48,Real ESP32 Room Sensor,temperature_humidity_sensor,Demo Room,28.5,52.0,Critical,0,Normal Pattern,100,High,Critical Cold-Storage Failure,Critical Cold-Storage Failure,,,
2026-08-13 22:38:50,Real ESP32 Room Sensor,temperature_humidity_sensor,Demo Room,28.5,52.0,Critical,0,Normal Pattern,100,High,Critical Cold-Storage Failure,Critical Cold-Storage Failure,,,
2026-08-13 22:38:53,Real ESP32 Room Sensor,temperature_humidity_sensor,Demo Room,28.5,52.0,Critical,0,Normal Pattern,100,High,Critical Cold-Storage Failure,Critical Cold-Storage Failure,,,
2026-08-13 22:38:55,Real ESP32 Room Sensor,temperature_humidity_sensor,Demo Room,28.5,52.0,Critical,0,Normal Pattern,100,High,Critical Cold-Storage Failure,Critical Cold-Storage Failure,,,
2026-08-13 22:38:57,Real ESP32 Room Sensor,temperature_humidity_sensor,Demo Room,28.5,52.0,Critical,0,Normal Pattern,100,High,Critical Cold-Storage Failure,Critical Cold-Storage Failure,,,
2026-08-13 22:38:59,Real ESP32 Room Sensor,temperature_humidity_sensor,Demo Room,28.5,52.0,Critical,0,Normal Pattern,100,High,Critical Cold-Storage Failure,Critical Cold-Storage Failure,,,
2026-08-13 22:39:02,Real ESP32 Room Sensor,temperature_humidity_sensor,Demo Room,28.5,52.0,Critical,0,Normal Pattern,100,High,Critical Cold-Storage Failure,Critical Cold-Storage Failure,,,
2026-08-13 22:39:04,Real ESP32 Room Sensor,temperature_humidity_sensor,Demo Room,28.5,52.0,Critical,0,Normal Pattern,100,High,Critical Cold-Storage Failure,Critical Cold-Storage Failure,,,
2026-08-13 22:39:06,Real ESP32 Room Sensor,temperature_humidity_sensor,Demo Room,28.5,52.0,Critical,0,Normal Pattern,100,High,Critical Cold-Storage Failure,Critical Cold-Storage Failure,,,
2026-08-13 22:39:08,Real ESP32 Room Sensor,temperature_humidity_sensor,Demo Room,28.5,52.0,Critical,0,Normal Pattern,100,High,Critical Cold-Storage Failure,Critical Cold-Storage Failure,,,
2026-08-13 22:39:10,Real ESP32 Room Sensor,temperature_humidity_sensor,Demo Room,28.5,52.0,Critical,0,Normal Pattern,100,High,Critical Cold-Storage Failure,Critical Cold-Storage Failure,,,
2026-08-13 22:39:13,Real ESP32 Room Sensor,temperature_humidity_sensor,Demo Room,28.5,52.0,Critical,0,Normal Pattern,100,High,Critical Cold-Storage Failure,Critical Cold-Storage Failure,,,
2026-08-13 22:39:15,Real ESP32 Room Sensor,temperature_humidity_sensor,Demo Room,28.5,52.0,Critical,0,Normal Pattern,100,High,Critical Cold-Storage Failure,Critical Cold-Storage Failure,,,
2026-08-13 22:39:17,Real ESP32 Room Sensor,temperature_humidity_sensor,Demo Room,28.5,52.0,Critical,0,Normal Pattern,100,High,Critical Cold-Storage Failure,Critical Cold-Storage Failure,,,
2026-08-13 22:39:19,Real ESP32 Room Sensor,temperature_humidity_sensor,Demo Room,28.5,52.0,Critical,0,Normal Pattern,100,High,Critical Cold-Storage Failure,Critical Cold-Storage Failure,,,
2026-08-13 22:39:22,Real ESP32 Room Sensor,temperature_humidity_sensor,Demo Room,28.5,52.0,Critical,0,Normal Pattern,100,High,Critical Cold-Storage Failure,Critical Cold-Storage Failure,,,
2026-08-13 22:39:24,Real ESP32 Room Sensor,temperature_humidity_sensor,Demo Room,28.5,52.0,Critical,0,Normal Pattern,100,High,Critical Cold-Storage Failure,Critical Cold-Storage Failure,,,
2026-08-13 22:39:26,Real ESP32 Room Sensor,temperature_humidity_sensor,Demo Room,28.5,52.0,Critical,0,Normal Pattern,100,High,Critical Cold-Storage Failure,Critical Cold-Storage Failure,,,
2026-08-13 22:39:28,Real ESP32 Room Sensor,temperature_humidity_sensor,Demo Room,28.5,52.0,Critical,0,Normal Pattern,100,High,Critical Cold-Storage Failure,Critical Cold-Storage Failure,,,
2026-08-13 22:39:31,Real ESP32 Room Sensor,temperature_humidity_sensor,Demo Room,28.5,52.0,Critical,0,Normal Pattern,100,High,Critical Cold-Storage Failure,Critical Cold-Storage Failure,,,
2026-08-13 22:39:33,Real ESP32 Room Sensor,temperature_humidity_sensor,Demo Room,28.5,52.0,Critical,0,Normal Pattern,100,High,Critical Cold-Storage Failure,Critical Cold-Storage Failure,,,
2026-08-13 22:39:35,Real ESP32 Room Sensor,temperature_humidity_sensor,Demo Room,28.5,52.0,Critical,0,Normal Pattern,100,High,Critical Cold-Storage Failure,Critical Cold-Storage Failure,,,
2026-08-13 22:39:37,Real ESP32 Room Sensor,temperature_humidity_sensor,Demo Room,28.5,52.0,Critical,0,Normal Pattern,100,High,Critical Cold-Storage Failure,Critical Cold-Storage Failure,,,
2026-08-13 22:39:40,Real ESP32 Room Sensor,temperature_humidity_sensor,Demo Room,28.5,52.0,Critical,0,Normal Pattern,100,High,Critical Cold-Storage Failure,Critical Cold-Storage Failure,,,
2026-08-13 22:39:42,Real ESP32 Room Sensor,temperature_humidity_sensor,Demo Room,28.5,52.0,Critical,0,Normal Pattern,100,High,Critical Cold-Storage Failure,Critical Cold-Storage Failure,,,
2026-08-13 22:39:44,Real ESP32 Room Sensor,temperature_humidity_sensor,Demo Room,28.5,52.0,Critical,0,Normal Pattern,100,High,Critical Cold-Storage Failure,Critical Cold-Storage Failure,,,
2026-08-13 22:39:46,Real ESP32 Room Sensor,temperature_humidity_sensor,Demo Room,28.5,52.0,Critical,0,Normal Pattern,100,High,Critical Cold-Storage Failure,Critical Cold-Storage Failure,,,
2026-08-13 22:39:49,Real ESP32 Room Sensor,temperature_humidity_sensor,Demo Room,28.5,52.0,Critical,0,Normal Pattern,100,High,Critical Cold-Storage Failure,Critical Cold-Storage Failure,,,
2026-08-13 22:39:51,Real ESP32 Room Sensor,temperature_humidity_sensor,Demo Room,28.5,52.0,Critical,0,Normal Pattern,100,High,Critical Cold-Storage Failure,Critical Cold-Storage Failure,,,
2026-08-13 22:39:53,Real ESP32 Room Sensor,temperature_humidity_sensor,Demo Room,28.5,52.0,Critical,0,Normal Pattern,100,High,Critical Cold-Storage Failure,Critical Cold-Storage Failure,,,
2026-08-13 22:39:55,Real ESP32 Room Sensor,temperature_humidity_sensor,Demo Room,28.5,52.0,Critical,0,Normal Pattern,100,High,Critical Cold-Storage Failure,Critical Cold-Storage Failure,,,
2026-08-13 22:39:58,Real ESP32 Room Sensor,temperature_humidity_sensor,Demo Room,28.5,52.0,Critical,0,Normal Pattern,100,High,Critical Cold-Storage Failure,Critical Cold-Storage Failure,,,
2026-08-13 22:40:00,Real ESP32 Room Sensor,temperature_humidity_sensor,Demo Room,28.5,52.0,Critical,0,Normal Pattern,100,High,Critical Cold-Storage Failure,Critical Cold-Storage Failure,,,
2026-08-13 22:40:02,Real ESP32 Room Sensor,temperature_humidity_sensor,Demo Room,28.5,52.0,Critical,0,Normal Pattern,100,High,Critical Cold-Storage Failure,Critical Cold-Storage Failure,,,
2026-08-13 22:40:05,Real ESP32 Room Sensor,temperature_humidity_sensor,Demo Room,28.5,52.0,Critical,0,Normal Pattern,100,High,Critical Cold-Storage Failure,Critical Cold-Storage Failure,,,
2026-08-13 22:40:07,Real ESP32 Room Sensor,temperature_humidity_sensor,Demo Room,28.5,52.0,Critical,0,Normal Pattern,100,High,Critical Cold-Storage Failure,Critical Cold-Storage Failure,,,
2026-08-13 22:40:09,Real ESP32 Room Sensor,temperature_humidity_sensor,Demo Room,28.5,52.0,Critical,0,Normal Pattern,100,High,Critical Cold-Storage Failure,Critical Cold-Storage Failure,,,
2026-08-13 22:40:11,Real ESP32 Room Sensor,temperature_humidity_sensor,Demo Room,28.5,52.0,Critical,0,Normal Pattern,100,High,Critical Cold-Storage Failure,Critical Cold-Storage Failure,,,
2026-08-13 22:40:14,Real ESP32 Room Sensor,temperature_humidity_sensor,Demo Room,28.5,52.0,Critical,0,Normal Pattern,100,High,Critical Cold-Storage Failure,Critical Cold-Storage Failure,,,
2026-08-13 22:40:16,Real ESP32 Room Sensor,temperature_humidity_sensor,Demo Room,28.5,52.0,Critical,0,Normal Pattern,100,High,Critical Cold-Storage Failure,Critical Cold-Storage Failure,,,
2026-08-13 22:40:18,Real ESP32 Room Sensor,temperature_humidity_sensor,Demo Room,28.5,52.0,Critical,0,Normal Pattern,100,High,Critical Cold-Storage Failure,Critical Cold-Storage Failure,,,
2026-08-13 22:40:20,Real ESP32 Room Sensor,temperature_humidity_sensor,Demo Room,28.5,52.0,Critical,0,Normal Pattern,100,High,Critical Cold-Storage Failure,Critical Cold-Storage Failure,,,
2026-08-13 22:40:23,Real ESP32 Room Sensor,temperature_humidity_sensor,Demo Room,28.5,52.0,Critical,0,Normal Pattern,100,High,Critical Cold-Storage Failure,Critical Cold-Storage Failure,,,
2026-08-13 22:40:25,Real ESP32 Room Sensor,temperature_humidity_sensor,Demo Room,28.5,52.0,Critical,0,Normal Pattern,100,High,Critical Cold-Storage Failure,Critical Cold-Storage Failure,,,
2026-08-13 22:40:27,Real ESP32 Room Sensor,temperature_humidity_sensor,Demo Room,28.5,52.0,Critical,0,Normal Pattern,100,High,Critical Cold-Storage Failure,Critical Cold-Storage Failure,,,
2026-08-13 22:40:29,Real ESP32 Room Sensor,temperature_humidity_sensor,Demo Room,28.5,52.0,Critical,0,Normal Pattern,100,High,Critical Cold-Storage Failure,Critical Cold-Storage Failure,,,
2026-08-13 22:40:31,Real ESP32 Room Sensor,temperature_humidity_sensor,Demo Room,28.5,52.0,Critical,0,Normal Pattern,100,High,Critical Cold-Storage Failure,Critical Cold-Storage Failure,,,
2026-08-13 22:40:34,Real ESP32 Room Sensor,temperature_humidity_sensor,Demo Room,28.5,52.0,Critical,0,Normal Pattern,100,High,Critical Cold-Storage Failure,Critical Cold-Storage Failure,,,
2026-08-13 22:40:36,Real ESP32 Room Sensor,temperature_humidity_sensor,Demo Room,28.5,52.0,Critical,0,Normal Pattern,100,High,Critical Cold-Storage Failure,Critical Cold-Storage Failure,,,
2026-08-13 22:40:38,Real ESP32 Room Sensor,temperature_humidity_sensor,Demo Room,28.5,52.0,Critical,0,Normal Pattern,100,High,Critical Cold-Storage Failure,Critical Cold-Storage Failure,,,
2026-08-13 22:40:41,Real ESP32 Room Sensor,temperature_humidity_sensor,Demo Room,28.5,52.0,Critical,0,Normal Pattern,100,High,Critical Cold-Storage Failure,Critical Cold-Storage Failure,,,
2026-08-13 22:40:43,Real ESP32 Room Sensor,temperature_humidity_sensor,Demo Room,28.5,52.0,Critical,0,Normal Pattern,100,High,Critical Cold-Storage Failure,Critical Cold-Storage Failure,,,
2026-08-13 22:40:45,Real ESP32 Room Sensor,temperature_humidity_sensor,Demo Room,28.5,52.0,Critical,0,Normal Pattern,100,High,Critical Cold-Storage Failure,Critical Cold-Storage Failure,,,
2026-08-13 22:40:47,Real ESP32 Room Sensor,temperature_humidity_sensor,Demo Room,28.5,52.0,Critical,0,Normal Pattern,100,High,Critical Cold-Storage Failure,Critical Cold-Storage Failure,,,
2026-08-13 22:40:50,Real ESP32 Room Sensor,temperature_humidity_sensor,Demo Room,28.5,52.0,Critical,0,Normal Pattern,100,High,Critical Cold-Storage Failure,Critical Cold-Storage Failure,,,
2026-08-13 22:40:52,Real ESP32 Room Sensor,temperature_humidity_sensor,Demo Room,28.5,52.0,Critical,0,Normal Pattern,100,High,Critical Cold-Storage Failure,Critical Cold-Storage Failure,,,
2026-08-13 22:40:54,Real ESP32 Room Sensor,temperature_humidity_sensor,Demo Room,28.5,52.0,Critical,0,Normal Pattern,100,High,Critical Cold-Storage Failure,Critical Cold-Storage Failure,,,
2026-08-13 22:40:57,Real ESP32 Room Sensor,temperature_humidity_sensor,Demo Room,28.5,52.0,Critical,0,Normal Pattern,100,High,Critical Cold-Storage Failure,Critical Cold-Storage Failure,,,
2026-08-13 22:40:59,Real ESP32 Room Sensor,temperature_humidity_sensor,Demo Room,28.5,52.0,Critical,0,Normal Pattern,100,High,Critical Cold-Storage Failure,Critical Cold-Storage Failure,,,
2026-08-13 22:41:01,Real ESP32 Room Sensor,temperature_humidity_sensor,Demo Room,28.5,52.0,Critical,0,Normal Pattern,100,High,Critical Cold-Storage Failure,Critical Cold-Storage Failure,,,
2026-08-13 22:41:04,Real ESP32 Room Sensor,temperature_humidity_sensor,Demo Room,28.5,52.0,Critical,0,Normal Pattern,100,High,Critical Cold-Storage Failure,Critical Cold-Storage Failure,,,
2026-08-13 22:41:06,Real ESP32 Room Sensor,temperature_humidity_sensor,Demo Room,28.5,52.0,Critical,0,Normal Pattern,100,High,Critical Cold-Storage Failure,Critical Cold-Storage Failure,,,
2026-08-13 22:41:08,Real ESP32 Room Sensor,temperature_humidity_sensor,Demo Room,28.5,52.0,Critical,0,Normal Pattern,100,High,Critical Cold-Storage Failure,Critical Cold-Storage Failure,,,
2026-08-13 22:41:10,Real ESP32 Room Sensor,temperature_humidity_sensor,Demo Room,28.5,52.0,Critical,0,Normal Pattern,100,High,Critical Cold-Storage Failure,Critical Cold-Storage Failure,,,
2026-08-13 22:41:13,Real ESP32 Room Sensor,temperature_humidity_sensor,Demo Room,28.5,52.0,Critical,0,Normal Pattern,100,High,Critical Cold-Storage Failure,Critical Cold-Storage Failure,,,
2026-08-13 22:41:15,Real ESP32 Room Sensor,temperature_humidity_sensor,Demo Room,28.5,52.0,Critical,0,Normal Pattern,100,High,Critical Cold-Storage Failure,Critical Cold-Storage Failure,,,
2026-08-13 22:41:17,Real ESP32 Room Sensor,temperature_humidity_sensor,Demo Room,28.5,52.0,Critical,0,Normal Pattern,100,High,Critical Cold-Storage Failure,Critical Cold-Storage Failure,,,
2026-08-13 22:41:19,Real ESP32 Room Sensor,temperature_humidity_sensor,Demo Room,28.5,52.0,Critical,0,Normal Pattern,100,High,Critical Cold-Storage Failure,Critical Cold-Storage Failure,,,
2026-08-13 22:41:22,Real ESP32 Room Sensor,temperature_humidity_sensor,Demo Room,28.5,52.0,Critical,0,Normal Pattern,100,High,Critical Cold-Storage Failure,Critical Cold-Storage Failure,,,
2026-08-13 22:41:24,Real ESP32 Room Sensor,temperature_humidity_sensor,Demo Room,28.5,52.0,Critical,0,Normal Pattern,100,High,Critical Cold-Storage Failure,Critical Cold-Storage Failure,,,
2026-08-13 22:41:26,Real ESP32 Room Sensor,temperature_humidity_sensor,Demo Room,28.5,52.0,Critical,0,Normal Pattern,100,High,Critical Cold-Storage Failure,Critical Cold-Storage Failure,,,
2026-08-13 22:41:28,Real ESP32 Room Sensor,temperature_humidity_sensor,Demo Room,28.5,52.0,Critical,0,Normal Pattern,100,High,Critical Cold-Storage Failure,Critical Cold-Storage Failure,,,
2026-08-13 22:41:31,Real ESP32 Room Sensor,temperature_humidity_sensor,Demo Room,28.5,52.0,Critical,0,Normal Pattern,100,High,Critical Cold-Storage Failure,Critical Cold-Storage Failure,,,
2026-08-13 22:41:33,Real ESP32 Room Sensor,temperature_humidity_sensor,Demo Room,28.5,52.0,Critical,0,Normal Pattern,100,High,Critical Cold-Storage Failure,Critical Cold-Storage Failure,,,
2026-08-13 22:41:35,Real ESP32 Room Sensor,temperature_humidity_sensor,Demo Room,28.5,52.0,Critical,0,Normal Pattern,100,High,Critical Cold-Storage Failure,Critical Cold-Storage Failure,,,
2026-08-13 22:41:37,Real ESP32 Room Sensor,temperature_humidity_sensor,Demo Room,28.5,52.0,Critical,0,Normal Pattern,100,High,Critical Cold-Storage Failure,Critical Cold-Storage Failure,,,
2026-08-13 22:41:40,Real ESP32 Room Sensor,temperature_humidity_sensor,Demo Room,28.5,52.0,Critical,0,Normal Pattern,100,High,Critical Cold-Storage Failure,Critical Cold-Storage Failure,,,
2026-08-13 22:41:42,Real ESP32 Room Sensor,temperature_humidity_sensor,Demo Room,28.5,52.0,Critical,0,Normal Pattern,100,High,Critical Cold-Storage Failure,Critical Cold-Storage Failure,,,
2026-08-13 22:41:44,Real ESP32 Room Sensor,temperature_humidity_sensor,Demo Room,28.5,52.0,Critical,0,Normal Pattern,100,High,Critical Cold-Storage Failure,Critical Cold-Storage Failure,,,
2026-08-13 22:41:46,Real ESP32 Room Sensor,temperature_humidity_sensor,Demo Room,28.5,52.0,Critical,0,Normal Pattern,100,High,Critical Cold-Storage Failure,Critical Cold-Storage Failure,,,
2026-08-13 22:41:48,Real ESP32 Room Sensor,temperature_humidity_sensor,Demo Room,28.5,52.0,Critical,0,Normal Pattern,100,High,Critical Cold-Storage Failure,Critical Cold-Storage Failure,,,
2026-08-13 22:41:51,Real ESP32 Room Sensor,temperature_humidity_sensor,Demo Room,28.5,52.0,Critical,0,Normal Pattern,100,High,Critical Cold-Storage Failure,Critical Cold-Storage Failure,,,
2026-08-13 22:41:53,Real ESP32 Room Sensor,temperature_humidity_sensor,Demo Room,28.5,52.0,Critical,0,Normal Pattern,100,High,Critical Cold-Storage Failure,Critical Cold-Storage Failure,,,
2026-08-13 22:41:55,Real ESP32 Room Sensor,temperature_humidity_sensor,Demo Room,28.5,52.0,Critical,0,Normal Pattern,100,High,Critical Cold-Storage Failure,Critical Cold-Storage Failure,,,
2026-08-13 22:41:57,Real ESP32 Room Sensor,temperature_humidity_sensor,Demo Room,28.5,52.0,Critical,0,Normal Pattern,100,High,Critical Cold-Storage Failure,Critical Cold-Storage Failure,,,
2026-08-13 22:42:00,Real ESP32 Room Sensor,temperature_humidity_sensor,Demo Room,28.5,52.0,Critical,0,Normal Pattern,100,High,Critical Cold-Storage Failure,Critical Cold-Storage Failure,,,
2026-08-13 22:42:02,Real ESP32 Room Sensor,temperature_humidity_sensor,Demo Room,28.5,52.0,Critical,0,Normal Pattern,100,High,Critical Cold-Storage Failure,Critical Cold-Storage Failure,,,
2026-08-13 22:42:04,Real ESP32 Room Sensor,temperature_humidity_sensor,Demo Room,28.5,52.0,Critical,0,Normal Pattern,100,High,Critical Cold-Storage Failure,Critical Cold-Storage Failure,,,
2026-08-13 22:42:06,Real ESP32 Room Sensor,temperature_humidity_sensor,Demo Room,28.5,52.0,Critical,0,Normal Pattern,100,High,Critical Cold-Storage Failure,Critical Cold-Storage Failure,,,
2026-08-13 22:42:08,Real ESP32 Room Sensor,temperature_humidity_sensor,Demo Room,28.5,52.0,Critical,0,Normal Pattern,100,High,Critical Cold-Storage Failure,Critical Cold-Storage Failure,,,
2026-08-13 22:42:11,Real ESP32 Room Sensor,temperature_humidity_sensor,Demo Room,28.5,52.0,Critical,0,Normal Pattern,100,High,Critical Cold-Storage Failure,Critical Cold-Storage Failure,,,
2026-08-13 22:42:13,Real ESP32 Room Sensor,temperature_humidity_sensor,Demo Room,28.5,52.0,Critical,0,Normal Pattern,100,High,Critical Cold-Storage Failure,Critical Cold-Storage Failure,,,
2026-08-13 22:42:15,Real ESP32 Room Sensor,temperature_humidity_sensor,Demo Room,28.5,52.0,Critical,0,Normal Pattern,100,High,Critical Cold-Storage Failure,Critical Cold-Storage Failure,,,
2026-08-13 22:42:17,Real ESP32 Room Sensor,temperature_humidity_sensor,Demo Room,28.5,52.0,Critical,0,Normal Pattern,100,High,Critical Cold-Storage Failure,Critical Cold-Storage Failure,,,
2026-08-13 22:42:20,Real ESP32 Room Sensor,temperature_humidity_sensor,Demo Room,28.5,52.0,Critical,0,Normal Pattern,100,High,Critical Cold-Storage Failure,Critical Cold-Storage Failure,,,
2026-08-13 22:42:22,Real ESP32 Room Sensor,temperature_humidity_sensor,Demo Room,28.5,52.0,Critical,0,Normal Pattern,100,High,Critical Cold-Storage Failure,Critical Cold-Storage Failure,,,
2026-08-13 22:42:24,Real ESP32 Room Sensor,temperature_humidity_sensor,Demo Room,28.5,52.0,Critical,0,Normal Pattern,100,High,Critical Cold-Storage Failure,Critical Cold-Storage Failure,,,
2026-08-13 22:42:26,Real ESP32 Room Sensor,temperature_humidity_sensor,Demo Room,28.5,52.0,Critical,0,Normal Pattern,100,High,Critical Cold-Storage Failure,Critical Cold-Storage Failure,,,
2026-08-13 22:42:29,Real ESP32 Room Sensor,temperature_humidity_sensor,Demo Room,28.5,52.0,Critical,0,Normal Pattern,100,High,Critical Cold-Storage Failure,Critical Cold-Storage Failure,,,
2026-08-13 22:42:31,Real ESP32 Room Sensor,temperature_humidity_sensor,Demo Room,28.5,51.0,Critical,0,Normal Pattern,100,High,Critical Cold-Storage Failure,Critical Cold-Storage Failure,,,
2026-08-13 22:42:33,Real ESP32 Room Sensor,temperature_humidity_sensor,Demo Room,28.5,51.0,Critical,0,Normal Pattern,100,High,Critical Cold-Storage Failure,Critical Cold-Storage Failure,,,
2026-08-13 22:42:35,Real ESP32 Room Sensor,temperature_humidity_sensor,Demo Room,28.5,51.0,Critical,0,Normal Pattern,100,High,Critical Cold-Storage Failure,Critical Cold-Storage Failure,,,
2026-08-13 22:42:38,Real ESP32 Room Sensor,temperature_humidity_sensor,Demo Room,28.5,51.0,Critical,0,Normal Pattern,100,High,Critical Cold-Storage Failure,Critical Cold-Storage Failure,,,
2026-08-13 22:42:40,Real ESP32 Room Sensor,temperature_humidity_sensor,Demo Room,28.5,51.0,Critical,0,Normal Pattern,100,High,Critical Cold-Storage Failure,Critical Cold-Storage Failure,,,
2026-08-13 22:42:42,Real ESP32 Room Sensor,temperature_humidity_sensor,Demo Room,28.5,51.0,Critical,0,Normal Pattern,100,High,Critical Cold-Storage Failure,Critical Cold-Storage Failure,,,
2026-08-13 22:42:44,Real ESP32 Room Sensor,temperature_humidity_sensor,Demo Room,28.5,51.0,Critical,0,Normal Pattern,100,High,Critical Cold-Storage Failure,Critical Cold-Storage Failure,,,
2026-08-13 22:42:46,Real ESP32 Room Sensor,temperature_humidity_sensor,Demo Room,28.5,51.0,Critical,0,Normal Pattern,100,High,Critical Cold-Storage Failure,Critical Cold-Storage Failure,,,
2026-08-13 22:42:49,Real ESP32 Room Sensor,temperature_humidity_sensor,Demo Room,28.5,51.0,Critical,0,Normal Pattern,100,High,Critical Cold-Storage Failure,Critical Cold-Storage Failure,,,
2026-08-13 22:42:51,Real ESP32 Room Sensor,temperature_humidity_sensor,Demo Room,28.5,51.0,Critical,0,Normal Pattern,100,High,Critical Cold-Storage Failure,Critical Cold-Storage Failure,,,
2026-08-13 22:42:53,Real ESP32 Room Sensor,temperature_humidity_sensor,Demo Room,28.5,51.0,Critical,0,Normal Pattern,100,High,Critical Cold-Storage Failure,Critical Cold-Storage Failure,,,
2026-08-13 22:42:55,Real ESP32 Room Sensor,temperature_humidity_sensor,Demo Room,28.5,51.0,Critical,0,Normal Pattern,100,High,Critical Cold-Storage Failure,Critical Cold-Storage Failure,,,
2026-08-13 22:42:58,Real ESP32 Room Sensor,temperature_humidity_sensor,Demo Room,28.5,51.0,Critical,0,Normal Pattern,100,High,Critical Cold-Storage Failure,Critical Cold-Storage Failure,,,
2026-08-13 22:43:00,Real ESP32 Room Sensor,temperature_humidity_sensor,Demo Room,28.5,51.0,Critical,0,Normal Pattern,100,High,Critical Cold-Storage Failure,Critical Cold-Storage Failure,,,
2026-08-13 22:43:02,Real ESP32 Room Sensor,temperature_humidity_sensor,Demo Room,28.5,51.0,Critical,0,Normal Pattern,100,High,Critical Cold-Storage Failure,Critical Cold-Storage Failure,,,
2026-08-13 22:43:04,Real ESP32 Room Sensor,temperature_humidity_sensor,Demo Room,28.5,51.0,Critical,0,Normal Pattern,100,High,Critical Cold-Storage Failure,Critical Cold-Storage Failure,,,
2026-08-13 22:43:06,Real ESP32 Room Sensor,temperature_humidity_sensor,Demo Room,28.5,51.0,Critical,0,Normal Pattern,100,High,Critical Cold-Storage Failure,Critical Cold-Storage Failure,,,
2026-08-13 22:43:11,Real ESP32 Room Sensor,temperature_humidity_sensor,Demo Room,28.5,51.0,Critical,0,Normal Pattern,100,High,Critical Cold-Storage Failure,Critical Cold-Storage Failure,,,
2026-08-13 22:43:13,Real ESP32 Room Sensor,temperature_humidity_sensor,Demo Room,28.5,51.0,Critical,0,Normal Pattern,100,High,Critical Cold-Storage Failure,Critical Cold-Storage Failure,,,
2026-08-13 22:43:16,Real ESP32 Room Sensor,temperature_humidity_sensor,Demo Room,28.5,51.0,Critical,0,Normal Pattern,100,High,Critical Cold-Storage Failure,Critical Cold-Storage Failure,,,
2026-08-13 22:43:18,Real ESP32 Room Sensor,temperature_humidity_sensor,Demo Room,28.5,51.0,Critical,0,Normal Pattern,100,High,Critical Cold-Storage Failure,Critical Cold-Storage Failure,,,
2026-08-13 22:43:20,Real ESP32 Room Sensor,temperature_humidity_sensor,Demo Room,28.5,51.0,Critical,0,Normal Pattern,100,High,Critical Cold-Storage Failure,Critical Cold-Storage Failure,,,
2026-08-13 22:43:22,Real ESP32 Room Sensor,temperature_humidity_sensor,Demo Room,28.5,51.0,Critical,0,Normal Pattern,100,High,Critical Cold-Storage Failure,Critical Cold-Storage Failure,,,
2026-08-13 22:43:25,Real ESP32 Room Sensor,temperature_humidity_sensor,Demo Room,28.5,51.0,Critical,0,Normal Pattern,100,High,Critical Cold-Storage Failure,Critical Cold-Storage Failure,,,
2026-08-13 22:43:27,Real ESP32 Room Sensor,temperature_humidity_sensor,Demo Room,28.5,51.0,Critical,0,Normal Pattern,100,High,Critical Cold-Storage Failure,Critical Cold-Storage Failure,,,
2026-08-13 22:43:29,Real ESP32 Room Sensor,temperature_humidity_sensor,Demo Room,28.5,51.0,Critical,0,Normal Pattern,100,High,Critical Cold-Storage Failure,Critical Cold-Storage Failure,,,
2026-08-13 22:43:31,Real ESP32 Room Sensor,temperature_humidity_sensor,Demo Room,28.5,51.0,Critical,0,Normal Pattern,100,High,Critical Cold-Storage Failure,Critical Cold-Storage Failure,,,
2026-08-13 22:43:34,Real ESP32 Room Sensor,temperature_humidity_sensor,Demo Room,28.5,51.0,Critical,0,Normal Pattern,100,High,Critical Cold-Storage Failure,Critical Cold-Storage Failure,,,
2026-08-13 22:43:39,Real ESP32 Room Sensor,temperature_humidity_sensor,Demo Room,28.5,51.0,Critical,0,Normal Pattern,100,High,Critical Cold-Storage Failure,Critical Cold-Storage Failure,,,
2026-08-13 22:43:41,Real ESP32 Room Sensor,temperature_humidity_sensor,Demo Room,28.5,51.0,Critical,0,Normal Pattern,100,High,Critical Cold-Storage Failure,Critical Cold-Storage Failure,,,
2026-08-13 22:43:43,Real ESP32 Room Sensor,temperature_humidity_sensor,Demo Room,28.5,51.0,Critical,0,Normal Pattern,100,High,Critical Cold-Storage Failure,Critical Cold-Storage Failure,,,
2026-08-13 22:43:46,Real ESP32 Room Sensor,temperature_humidity_sensor,Demo Room,28.5,51.0,Critical,0,Normal Pattern,100,High,Critical Cold-Storage Failure,Critical Cold-Storage Failure,,,
2026-08-13 22:43:48,Real ESP32 Room Sensor,temperature_humidity_sensor,Demo Room,28.5,51.0,Critical,0,Normal Pattern,100,High,Critical Cold-Storage Failure,Critical Cold-Storage Failure,,,
2026-08-13 22:43:50,Real ESP32 Room Sensor,temperature_humidity_sensor,Demo Room,28.5,51.0,Critical,0,Normal Pattern,100,High,Critical Cold-Storage Failure,Critical Cold-Storage Failure,,,
2026-08-13 22:43:52,Real ESP32 Room Sensor,temperature_humidity_sensor,Demo Room,28.5,51.0,Critical,0,Normal Pattern,100,High,Critical Cold-Storage Failure,Critical Cold-Storage Failure,,,
2026-08-13 22:43:55,Real ESP32 Room Sensor,temperature_humidity_sensor,Demo Room,28.5,51.0,Critical,0,Normal Pattern,100,High,Critical Cold-Storage Failure,Critical Cold-Storage Failure,,,
2026-08-13 22:43:57,Real ESP32 Room Sensor,temperature_humidity_sensor,Demo Room,28.5,51.0,Critical,0,Normal Pattern,100,High,Critical Cold-Storage Failure,Critical Cold-Storage Failure,,,
2026-08-13 22:43:59,Real ESP32 Room Sensor,temperature_humidity_sensor,Demo Room,28.5,51.0,Critical,0,Normal Pattern,100,High,Critical Cold-Storage Failure,Critical Cold-Storage Failure,,,
2026-08-13 22:44:01,Real ESP32 Room Sensor,temperature_humidity_sensor,Demo Room,28.5,51.0,Critical,0,Normal Pattern,100,High,Critical Cold-Storage Failure,Critical Cold-Storage Failure,,,
2026-08-13 22:44:04,Real ESP32 Room Sensor,temperature_humidity_sensor,Demo Room,28.5,51.0,Critical,0,Normal Pattern,100,High,Critical Cold-Storage Failure,Critical Cold-Storage Failure,,,
2026-08-13 22:44:06,Real ESP32 Room Sensor,temperature_humidity_sensor,Demo Room,28.5,51.0,Critical,0,Normal Pattern,100,High,Critical Cold-Storage Failure,Critical Cold-Storage Failure,,,
2026-08-13 22:44:08,Real ESP32 Room Sensor,temperature_humidity_sensor,Demo Room,28.5,51.0,Critical,0,Normal Pattern,100,High,Critical Cold-Storage Failure,Critical Cold-Storage Failure,,,
2026-08-13 22:44:10,Real ESP32 Room Sensor,temperature_humidity_sensor,Demo Room,28.5,51.0,Critical,0,Normal Pattern,100,High,Critical Cold-Storage Failure,Critical Cold-Storage Failure,,,
2026-08-13 22:44:13,Real ESP32 Room Sensor,temperature_humidity_sensor,Demo Room,28.5,51.0,Critical,0,Normal Pattern,100,High,Critical Cold-Storage Failure,Critical Cold-Storage Failure,,,
2026-08-13 22:44:15,Real ESP32 Room Sensor,temperature_humidity_sensor,Demo Room,28.5,51.0,Critical,0,Normal Pattern,100,High,Critical Cold-Storage Failure,Critical Cold-Storage Failure,,,
2026-08-13 22:44:17,Real ESP32 Room Sensor,temperature_humidity_sensor,Demo Room,28.5,51.0,Critical,0,Normal Pattern,100,High,Critical Cold-Storage Failure,Critical Cold-Storage Failure,,,
2026-08-13 22:44:19,Real ESP32 Room Sensor,temperature_humidity_sensor,Demo Room,28.5,51.0,Critical,0,Normal Pattern,100,High,Critical Cold-Storage Failure,Critical Cold-Storage Failure,,,
2026-08-13 22:44:22,Real ESP32 Room Sensor,temperature_humidity_sensor,Demo Room,28.5,51.0,Critical,0,Normal Pattern,100,High,Critical Cold-Storage Failure,Critical Cold-Storage Failure,,,
2026-08-13 22:44:24,Real ESP32 Room Sensor,temperature_humidity_sensor,Demo Room,28.5,51.0,Critical,0,Normal Pattern,100,High,Critical Cold-Storage Failure,Critical Cold-Storage Failure,,,
2026-08-13 22:44:26,Real ESP32 Room Sensor,temperature_humidity_sensor,Demo Room,28.5,51.0,Critical,0,Normal Pattern,100,High,Critical Cold-Storage Failure,Critical Cold-Storage Failure,,,
2026-08-13 22:44:29,Real ESP32 Room Sensor,temperature_humidity_sensor,Demo Room,28.5,51.0,Critical,0,Normal Pattern,100,High,Critical Cold-Storage Failure,Critical Cold-Storage Failure,,,
2026-08-13 22:44:31,Real ESP32 Room Sensor,temperature_humidity_sensor,Demo Room,28.5,51.0,Critical,0,Normal Pattern,100,High,Critical Cold-Storage Failure,Critical Cold-Storage Failure,,,
2026-08-13 22:44:33,Real ESP32 Room Sensor,temperature_humidity_sensor,Demo Room,28.5,51.0,Critical,0,Normal Pattern,100,High,Critical Cold-Storage Failure,Critical Cold-Storage Failure,,,
2026-08-13 22:44:35,Real ESP32 Room Sensor,temperature_humidity_sensor,Demo Room,28.5,51.0,Critical,0,Normal Pattern,100,High,Critical Cold-Storage Failure,Critical Cold-Storage Failure,,,
2026-08-13 22:44:37,Real ESP32 Room Sensor,temperature_humidity_sensor,Demo Room,28.5,51.0,Critical,0,Normal Pattern,100,High,Critical Cold-Storage Failure,Critical Cold-Storage Failure,,,
2026-08-13 22:44:40,Real ESP32 Room Sensor,temperature_humidity_sensor,Demo Room,28.5,51.0,Critical,0,Normal Pattern,100,High,Critical Cold-Storage Failure,Critical Cold-Storage Failure,,,
2026-08-13 22:44:42,Real ESP32 Room Sensor,temperature_humidity_sensor,Demo Room,28.5,51.0,Critical,0,Normal Pattern,100,High,Critical Cold-Storage Failure,Critical Cold-Storage Failure,,,
2026-08-13 22:44:44,Real ESP32 Room Sensor,temperature_humidity_sensor,Demo Room,28.5,51.0,Critical,0,Normal Pattern,100,High,Critical Cold-Storage Failure,Critical Cold-Storage Failure,,,
2026-08-13 22:44:46,Real ESP32 Room Sensor,temperature_humidity_sensor,Demo Room,28.5,51.0,Critical,0,Normal Pattern,100,High,Critical Cold-Storage Failure,Critical Cold-Storage Failure,,,
2026-08-13 22:44:49,Real ESP32 Room Sensor,temperature_humidity_sensor,Demo Room,28.5,51.0,Critical,0,Normal Pattern,100,High,Critical Cold-Storage Failure,Critical Cold-Storage Failure,,,
2026-08-13 22:44:51,Real ESP32 Room Sensor,temperature_humidity_sensor,Demo Room,28.5,51.0,Critical,0,Normal Pattern,100,High,Critical Cold-Storage Failure,Critical Cold-Storage Failure,,,
2026-08-13 22:44:53,Real ESP32 Room Sensor,temperature_humidity_sensor,Demo Room,28.5,51.0,Critical,0,Normal Pattern,100,High,Critical Cold-Storage Failure,Critical Cold-Storage Failure,,,
2026-08-13 22:44:55,Real ESP32 Room Sensor,temperature_humidity_sensor,Demo Room,28.5,51.0,Critical,0,Normal Pattern,100,High,Critical Cold-Storage Failure,Critical Cold-Storage Failure,,,
2026-08-13 22:44:58,Real ESP32 Room Sensor,temperature_humidity_sensor,Demo Room,28.5,51.0,Critical,0,Normal Pattern,100,High,Critical Cold-Storage Failure,Critical Cold-Storage Failure,,,
2026-08-13 22:45:00,Real ESP32 Room Sensor,temperature_humidity_sensor,Demo Room,28.5,51.0,Critical,0,Normal Pattern,100,High,Critical Cold-Storage Failure,Critical Cold-Storage Failure,,,
2026-08-13 22:45:02,Real ESP32 Room Sensor,temperature_humidity_sensor,Demo Room,28.5,51.0,Critical,0,Normal Pattern,100,High,Critical Cold-Storage Failure,Critical Cold-Storage Failure,,,
2026-08-13 22:45:04,Real ESP32 Room Sensor,temperature_humidity_sensor,Demo Room,28.5,51.0,Critical,0,Normal Pattern,100,High,Critical Cold-Storage Failure,Critical Cold-Storage Failure,,,
2026-08-13 22:45:07,Real ESP32 Room Sensor,temperature_humidity_sensor,Demo Room,28.5,51.0,Critical,0,Normal Pattern,100,High,Critical Cold-Storage Failure,Critical Cold-Storage Failure,,,
2026-08-13 22:45:09,Real ESP32 Room Sensor,temperature_humidity_sensor,Demo Room,28.5,51.0,Critical,0,Normal Pattern,100,High,Critical Cold-Storage Failure,Critical Cold-Storage Failure,,,
2026-08-13 22:45:11,Real ESP32 Room Sensor,temperature_humidity_sensor,Demo Room,28.5,51.0,Critical,0,Normal Pattern,100,High,Critical Cold-Storage Failure,Critical Cold-Storage Failure,,,
2026-08-13 22:45:13,Real ESP32 Room Sensor,temperature_humidity_sensor,Demo Room,28.5,51.0,Critical,0,Normal Pattern,100,High,Critical Cold-Storage Failure,Critical Cold-Storage Failure,,,
2026-08-13 22:45:15,Real ESP32 Room Sensor,temperature_humidity_sensor,Demo Room,28.5,51.0,Critical,0,Normal Pattern,100,High,Critical Cold-Storage Failure,Critical Cold-Storage Failure,,,
2026-08-13 22:45:18,Real ESP32 Room Sensor,temperature_humidity_sensor,Demo Room,28.5,51.0,Critical,0,Normal Pattern,100,High,Critical Cold-Storage Failure,Critical Cold-Storage Failure,,,
2026-08-13 22:45:20,Real ESP32 Room Sensor,temperature_humidity_sensor,Demo Room,28.5,51.0,Critical,0,Normal Pattern,100,High,Critical Cold-Storage Failure,Critical Cold-Storage Failure,,,
2026-08-13 22:45:22,Real ESP32 Room Sensor,temperature_humidity_sensor,Demo Room,28.5,51.0,Critical,0,Normal Pattern,100,High,Critical Cold-Storage Failure,Critical Cold-Storage Failure,,,
2026-08-13 22:45:25,Real ESP32 Room Sensor,temperature_humidity_sensor,Demo Room,28.5,51.0,Critical,0,Normal Pattern,100,High,Critical Cold-Storage Failure,Critical Cold-Storage Failure,,,
2026-08-13 22:45:27,Real ESP32 Room Sensor,temperature_humidity_sensor,Demo Room,28.5,51.0,Critical,0,Normal Pattern,100,High,Critical Cold-Storage Failure,Critical Cold-Storage Failure,,,
2026-08-13 22:45:29,Real ESP32 Room Sensor,temperature_humidity_sensor,Demo Room,28.5,51.0,Critical,0,Normal Pattern,100,High,Critical Cold-Storage Failure,Critical Cold-Storage Failure,,,
2026-08-13 22:45:32,Real ESP32 Room Sensor,temperature_humidity_sensor,Demo Room,28.5,51.0,Critical,0,Normal Pattern,100,High,Critical Cold-Storage Failure,Critical Cold-Storage Failure,,,
2026-08-13 22:45:34,Real ESP32 Room Sensor,temperature_humidity_sensor,Demo Room,28.5,51.0,Critical,0,Normal Pattern,100,High,Critical Cold-Storage Failure,Critical Cold-Storage Failure,,,
2026-08-13 22:45:36,Real ESP32 Room Sensor,temperature_humidity_sensor,Demo Room,28.5,51.0,Critical,0,Normal Pattern,100,High,Critical Cold-Storage Failure,Critical Cold-Storage Failure,,,
2026-08-13 22:45:38,Real ESP32 Room Sensor,temperature_humidity_sensor,Demo Room,28.5,51.0,Critical,0,Normal Pattern,100,High,Critical Cold-Storage Failure,Critical Cold-Storage Failure,,,
2026-08-13 22:45:40,Real ESP32 Room Sensor,temperature_humidity_sensor,Demo Room,28.5,51.0,Critical,0,Normal Pattern,100,High,Critical Cold-Storage Failure,Critical Cold-Storage Failure,,,
2026-08-13 22:45:43,Real ESP32 Room Sensor,temperature_humidity_sensor,Demo Room,28.5,51.0,Critical,0,Normal Pattern,100,High,Critical Cold-Storage Failure,Critical Cold-Storage Failure,,,
2026-08-13 22:45:45,Real ESP32 Room Sensor,temperature_humidity_sensor,Demo Room,28.5,51.0,Critical,0,Normal Pattern,100,High,Critical Cold-Storage Failure,Critical Cold-Storage Failure,,,
2026-08-13 22:45:47,Real ESP32 Room Sensor,temperature_humidity_sensor,Demo Room,28.5,51.0,Critical,0,Normal Pattern,100,High,Critical Cold-Storage Failure,Critical Cold-Storage Failure,,,
2026-08-13 22:45:49,Real ESP32 Room Sensor,temperature_humidity_sensor,Demo Room,28.5,51.0,Critical,0,Normal Pattern,100,High,Critical Cold-Storage Failure,Critical Cold-Storage Failure,,,
2026-08-13 22:45:52,Real ESP32 Room Sensor,temperature_humidity_sensor,Demo Room,28.5,51.0,Critical,0,Normal Pattern,100,High,Critical Cold-Storage Failure,Critical Cold-Storage Failure,,,
2026-08-13 22:45:54,Real ESP32 Room Sensor,temperature_humidity_sensor,Demo Room,28.5,51.0,Critical,0,Normal Pattern,100,High,Critical Cold-Storage Failure,Critical Cold-Storage Failure,,,
2026-08-13 22:45:56,Real ESP32 Room Sensor,temperature_humidity_sensor,Demo Room,28.5,51.0,Critical,0,Normal Pattern,100,High,Critical Cold-Storage Failure,Critical Cold-Storage Failure,,,
2026-08-13 22:45:58,Real ESP32 Room Sensor,temperature_humidity_sensor,Demo Room,28.5,51.0,Critical,0,Normal Pattern,100,High,Critical Cold-Storage Failure,Critical Cold-Storage Failure,,,
2026-08-13 22:46:00,Real ESP32 Room Sensor,temperature_humidity_sensor,Demo Room,28.5,51.0,Critical,0,Normal Pattern,100,High,Critical Cold-Storage Failure,Critical Cold-Storage Failure,,,
2026-08-13 22:46:04,Real ESP32 Room Sensor,temperature_humidity_sensor,Demo Room,28.5,51.0,Critical,0,Normal Pattern,100,High,Critical Cold-Storage Failure,Critical Cold-Storage Failure,,,
2026-08-13 22:46:07,Real ESP32 Room Sensor,temperature_humidity_sensor,Demo Room,28.5,51.0,Critical,0,Normal Pattern,100,High,Critical Cold-Storage Failure,Critical Cold-Storage Failure,,,
2026-08-13 22:46:09,Real ESP32 Room Sensor,temperature_humidity_sensor,Demo Room,28.5,51.0,Critical,0,Normal Pattern,100,High,Critical Cold-Storage Failure,Critical Cold-Storage Failure,,,
2026-08-13 22:46:11,Real ESP32 Room Sensor,temperature_humidity_sensor,Demo Room,28.5,51.0,Critical,0,Normal Pattern,100,High,Critical Cold-Storage Failure,Critical Cold-Storage Failure,,,
2026-08-13 22:46:13,Real ESP32 Room Sensor,temperature_humidity_sensor,Demo Room,28.5,51.0,Critical,0,Normal Pattern,100,High,Critical Cold-Storage Failure,Critical Cold-Storage Failure,,,
2026-08-13 22:46:16,Real ESP32 Room Sensor,temperature_humidity_sensor,Demo Room,28.5,51.0,Critical,0,Normal Pattern,100,High,Critical Cold-Storage Failure,Critical Cold-Storage Failure,,,
2026-08-13 22:46:18,Real ESP32 Room Sensor,temperature_humidity_sensor,Demo Room,28.5,51.0,Critical,0,Normal Pattern,100,High,Critical Cold-Storage Failure,Critical Cold-Storage Failure,,,
2026-08-13 22:46:20,Real ESP32 Room Sensor,temperature_humidity_sensor,Demo Room,28.5,51.0,Critical,0,Normal Pattern,100,High,Critical Cold-Storage Failure,Critical Cold-Storage Failure,,,
2026-08-13 22:46:22,Real ESP32 Room Sensor,temperature_humidity_sensor,Demo Room,28.5,51.0,Critical,0,Normal Pattern,100,High,Critical Cold-Storage Failure,Critical Cold-Storage Failure,,,
2026-08-13 22:46:24,Real ESP32 Room Sensor,temperature_humidity_sensor,Demo Room,28.5,51.0,Critical,0,Normal Pattern,100,High,Critical Cold-Storage Failure,Critical Cold-Storage Failure,,,
2026-08-13 22:46:27,Real ESP32 Room Sensor,temperature_humidity_sensor,Demo Room,28.5,51.0,Critical,0,Normal Pattern,100,High,Critical Cold-Storage Failure,Critical Cold-Storage Failure,,,
2026-08-13 22:46:29,Real ESP32 Room Sensor,temperature_humidity_sensor,Demo Room,28.5,51.0,Critical,0,Normal Pattern,100,High,Critical Cold-Storage Failure,Critical Cold-Storage Failure,,,
2026-08-13 22:46:31,Real ESP32 Room Sensor,temperature_humidity_sensor,Demo Room,28.5,51.0,Critical,0,Normal Pattern,100,High,Critical Cold-Storage Failure,Critical Cold-Storage Failure,,,
2026-08-13 22:46:33,Real ESP32 Room Sensor,temperature_humidity_sensor,Demo Room,28.5,51.0,Critical,0,Normal Pattern,100,High,Critical Cold-Storage Failure,Critical Cold-Storage Failure,,,
2026-08-13 22:46:35,Real ESP32 Room Sensor,temperature_humidity_sensor,Demo Room,28.5,51.0,Critical,0,Normal Pattern,100,High,Critical Cold-Storage Failure,Critical Cold-Storage Failure,,,
2026-08-13 22:46:38,Real ESP32 Room Sensor,temperature_humidity_sensor,Demo Room,28.5,51.0,Critical,0,Normal Pattern,100,High,Critical Cold-Storage Failure,Critical Cold-Storage Failure,,,
2026-08-13 22:46:40,Real ESP32 Room Sensor,temperature_humidity_sensor,Demo Room,28.5,51.0,Critical,0,Normal Pattern,100,High,Critical Cold-Storage Failure,Critical Cold-Storage Failure,,,
2026-08-13 22:46:42,Real ESP32 Room Sensor,temperature_humidity_sensor,Demo Room,28.5,51.0,Critical,0,Normal Pattern,100,High,Critical Cold-Storage Failure,Critical Cold-Storage Failure,,,
2026-08-13 22:46:44,Real ESP32 Room Sensor,temperature_humidity_sensor,Demo Room,28.5,51.0,Critical,0,Normal Pattern,100,High,Critical Cold-Storage Failure,Critical Cold-Storage Failure,,,
2026-08-13 22:46:46,Real ESP32 Room Sensor,temperature_humidity_sensor,Demo Room,28.5,51.0,Critical,0,Normal Pattern,100,High,Critical Cold-Storage Failure,Critical Cold-Storage Failure,,,
2026-08-13 22:46:49,Real ESP32 Room Sensor,temperature_humidity_sensor,Demo Room,28.5,51.0,Critical,0,Normal Pattern,100,High,Critical Cold-Storage Failure,Critical Cold-Storage Failure,,,
2026-08-13 22:46:51,Real ESP32 Room Sensor,temperature_humidity_sensor,Demo Room,28.5,51.0,Critical,0,Normal Pattern,100,High,Critical Cold-Storage Failure,Critical Cold-Storage Failure,,,
2026-08-13 22:46:53,Real ESP32 Room Sensor,temperature_humidity_sensor,Demo Room,28.5,51.0,Critical,0,Normal Pattern,100,High,Critical Cold-Storage Failure,Critical Cold-Storage Failure,,,
2026-08-13 22:46:55,Real ESP32 Room Sensor,temperature_humidity_sensor,Demo Room,28.5,51.0,Critical,0,Normal Pattern,100,High,Critical Cold-Storage Failure,Critical Cold-Storage Failure,,,
2026-08-13 22:46:58,Real ESP32 Room Sensor,temperature_humidity_sensor,Demo Room,28.5,51.0,Critical,0,Normal Pattern,100,High,Critical Cold-Storage Failure,Critical Cold-Storage Failure,,,
2026-08-13 22:47:00,Real ESP32 Room Sensor,temperature_humidity_sensor,Demo Room,28.5,51.0,Critical,0,Normal Pattern,100,High,Critical Cold-Storage Failure,Critical Cold-Storage Failure,,,
2026-08-13 22:47:02,Real ESP32 Room Sensor,temperature_humidity_sensor,Demo Room,28.5,51.0,Critical,0,Normal Pattern,100,High,Critical Cold-Storage Failure,Critical Cold-Storage Failure,,,
2026-08-13 22:47:07,Real ESP32 Room Sensor,temperature_humidity_sensor,Demo Room,28.5,51.0,Critical,0,Normal Pattern,100,High,Critical Cold-Storage Failure,Critical Cold-Storage Failure,,,
2026-08-13 22:47:09,Real ESP32 Room Sensor,temperature_humidity_sensor,Demo Room,28.5,51.0,Critical,0,Normal Pattern,100,High,Critical Cold-Storage Failure,Critical Cold-Storage Failure,,,
2026-08-13 22:47:12,Real ESP32 Room Sensor,temperature_humidity_sensor,Demo Room,28.5,51.0,Critical,0,Normal Pattern,100,High,Critical Cold-Storage Failure,Critical Cold-Storage Failure,,,
2026-08-13 22:47:14,Real ESP32 Room Sensor,temperature_humidity_sensor,Demo Room,28.5,51.0,Critical,0,Normal Pattern,100,High,Critical Cold-Storage Failure,Critical Cold-Storage Failure,,,
2026-08-13 22:47:16,Real ESP32 Room Sensor,temperature_humidity_sensor,Demo Room,28.5,51.0,Critical,0,Normal Pattern,100,High,Critical Cold-Storage Failure,Critical Cold-Storage Failure,,,
2026-08-13 22:47:18,Real ESP32 Room Sensor,temperature_humidity_sensor,Demo Room,28.5,51.0,Critical,0,Normal Pattern,100,High,Critical Cold-Storage Failure,Critical Cold-Storage Failure,,,
2026-08-13 22:47:20,Real ESP32 Room Sensor,temperature_humidity_sensor,Demo Room,28.5,51.0,Critical,0,Normal Pattern,100,High,Critical Cold-Storage Failure,Critical Cold-Storage Failure,,,
2026-08-13 22:47:23,Real ESP32 Room Sensor,temperature_humidity_sensor,Demo Room,28.5,51.0,Critical,0,Normal Pattern,100,High,Critical Cold-Storage Failure,Critical Cold-Storage Failure,,,
2026-08-13 22:47:25,Real ESP32 Room Sensor,temperature_humidity_sensor,Demo Room,28.5,51.0,Critical,0,Normal Pattern,100,High,Critical Cold-Storage Failure,Critical Cold-Storage Failure,,,
2026-08-13 22:47:27,Real ESP32 Room Sensor,temperature_humidity_sensor,Demo Room,28.5,51.0,Critical,0,Normal Pattern,100,High,Critical Cold-Storage Failure,Critical Cold-Storage Failure,,,
2026-08-13 22:47:29,Real ESP32 Room Sensor,temperature_humidity_sensor,Demo Room,28.5,51.0,Critical,0,Normal Pattern,100,High,Critical Cold-Storage Failure,Critical Cold-Storage Failure,,,
2026-08-13 22:47:32,Real ESP32 Room Sensor,temperature_humidity_sensor,Demo Room,28.5,51.0,Critical,0,Normal Pattern,100,High,Critical Cold-Storage Failure,Critical Cold-Storage Failure,,,
2026-08-13 22:47:34,Real ESP32 Room Sensor,temperature_humidity_sensor,Demo Room,28.5,51.0,Critical,0,Normal Pattern,100,High,Critical Cold-Storage Failure,Critical Cold-Storage Failure,,,
2026-08-13 22:47:36,Real ESP32 Room Sensor,temperature_humidity_sensor,Demo Room,28.5,51.0,Critical,0,Normal Pattern,100,High,Critical Cold-Storage Failure,Critical Cold-Storage Failure,,,
2026-08-13 22:47:38,Real ESP32 Room Sensor,temperature_humidity_sensor,Demo Room,28.5,51.0,Critical,0,Normal Pattern,100,High,Critical Cold-Storage Failure,Critical Cold-Storage Failure,,,
2026-08-13 22:47:41,Real ESP32 Room Sensor,temperature_humidity_sensor,Demo Room,28.5,51.0,Critical,0,Normal Pattern,100,High,Critical Cold-Storage Failure,Critical Cold-Storage Failure,,,
2026-08-13 22:47:43,Real ESP32 Room Sensor,temperature_humidity_sensor,Demo Room,28.5,51.0,Critical,0,Normal Pattern,100,High,Critical Cold-Storage Failure,Critical Cold-Storage Failure,,,
2026-08-13 22:47:45,Real ESP32 Room Sensor,temperature_humidity_sensor,Demo Room,28.5,51.0,Critical,0,Normal Pattern,100,High,Critical Cold-Storage Failure,Critical Cold-Storage Failure,,,
2026-08-13 22:47:47,Real ESP32 Room Sensor,temperature_humidity_sensor,Demo Room,28.5,51.0,Critical,0,Normal Pattern,100,High,Critical Cold-Storage Failure,Critical Cold-Storage Failure,,,
2026-08-13 22:47:50,Real ESP32 Room Sensor,temperature_humidity_sensor,Demo Room,28.5,51.0,Critical,0,Normal Pattern,100,High,Critical Cold-Storage Failure,Critical Cold-Storage Failure,,,
2026-08-13 22:47:52,Real ESP32 Room Sensor,temperature_humidity_sensor,Demo Room,28.5,51.0,Critical,0,Normal Pattern,100,High,Critical Cold-Storage Failure,Critical Cold-Storage Failure,,,
2026-08-13 22:47:54,Real ESP32 Room Sensor,temperature_humidity_sensor,Demo Room,28.5,51.0,Critical,0,Normal Pattern,100,High,Critical Cold-Storage Failure,Critical Cold-Storage Failure,,,
2026-08-13 22:47:56,Real ESP32 Room Sensor,temperature_humidity_sensor,Demo Room,28.5,51.0,Critical,0,Normal Pattern,100,High,Critical Cold-Storage Failure,Critical Cold-Storage Failure,,,
2026-08-13 22:47:58,Real ESP32 Room Sensor,temperature_humidity_sensor,Demo Room,28.5,51.0,Critical,0,Normal Pattern,100,High,Critical Cold-Storage Failure,Critical Cold-Storage Failure,,,
2026-08-13 22:48:01,Real ESP32 Room Sensor,temperature_humidity_sensor,Demo Room,28.5,51.0,Critical,0,Normal Pattern,100,High,Critical Cold-Storage Failure,Critical Cold-Storage Failure,,,
2026-08-13 22:48:03,Real ESP32 Room Sensor,temperature_humidity_sensor,Demo Room,28.5,51.0,Critical,0,Normal Pattern,100,High,Critical Cold-Storage Failure,Critical Cold-Storage Failure,,,
2026-08-13 22:48:05,Real ESP32 Room Sensor,temperature_humidity_sensor,Demo Room,28.5,51.0,Critical,0,Normal Pattern,100,High,Critical Cold-Storage Failure,Critical Cold-Storage Failure,,,
2026-08-13 22:48:07,Real ESP32 Room Sensor,temperature_humidity_sensor,Demo Room,28.5,51.0,Critical,0,Normal Pattern,100,High,Critical Cold-Storage Failure,Critical Cold-Storage Failure,,,
2026-08-13 22:48:10,Real ESP32 Room Sensor,temperature_humidity_sensor,Demo Room,28.5,50.0,Critical,0,Normal Pattern,100,High,Critical Cold-Storage Failure,Critical Cold-Storage Failure,,,
2026-08-13 22:48:12,Real ESP32 Room Sensor,temperature_humidity_sensor,Demo Room,28.5,51.0,Critical,0,Normal Pattern,100,High,Critical Cold-Storage Failure,Critical Cold-Storage Failure,,,
2026-08-13 22:48:14,Real ESP32 Room Sensor,temperature_humidity_sensor,Demo Room,28.5,50.0,Critical,0,Normal Pattern,100,High,Critical Cold-Storage Failure,Critical Cold-Storage Failure,,,
2026-08-13 22:48:17,Real ESP32 Room Sensor,temperature_humidity_sensor,Demo Room,28.5,50.0,Critical,0,Normal Pattern,100,High,Critical Cold-Storage Failure,Critical Cold-Storage Failure,,,
2026-08-13 22:48:22,Real ESP32 Room Sensor,temperature_humidity_sensor,Demo Room,28.5,50.0,Critical,0,Normal Pattern,100,High,Critical Cold-Storage Failure,Critical Cold-Storage Failure,,,
2026-08-13 22:48:27,Real ESP32 Room Sensor,temperature_humidity_sensor,Demo Room,28.5,50.0,Critical,0,Normal Pattern,100,High,Critical Cold-Storage Failure,Critical Cold-Storage Failure,,,
2026-08-13 22:48:29,Real ESP32 Room Sensor,temperature_humidity_sensor,Demo Room,28.5,50.0,Critical,0,Normal Pattern,100,High,Critical Cold-Storage Failure,Critical Cold-Storage Failure,,,
2026-08-13 22:48:32,Real ESP32 Room Sensor,temperature_humidity_sensor,Demo Room,28.5,50.0,Critical,0,Normal Pattern,100,High,Critical Cold-Storage Failure,Critical Cold-Storage Failure,,,
2026-08-13 22:48:34,Real ESP32 Room Sensor,temperature_humidity_sensor,Demo Room,28.5,50.0,Critical,0,Normal Pattern,100,High,Critical Cold-Storage Failure,Critical Cold-Storage Failure,,,
2026-08-13 22:48:36,Real ESP32 Room Sensor,temperature_humidity_sensor,Demo Room,28.5,50.0,Critical,0,Normal Pattern,100,High,Critical Cold-Storage Failure,Critical Cold-Storage Failure,,,
2026-08-13 22:48:38,Real ESP32 Room Sensor,temperature_humidity_sensor,Demo Room,28.5,50.0,Critical,0,Normal Pattern,100,High,Critical Cold-Storage Failure,Critical Cold-Storage Failure,,,
2026-08-13 22:48:41,Real ESP32 Room Sensor,temperature_humidity_sensor,Demo Room,28.5,50.0,Critical,0,Normal Pattern,100,High,Critical Cold-Storage Failure,Critical Cold-Storage Failure,,,
2026-08-13 22:48:43,Real ESP32 Room Sensor,temperature_humidity_sensor,Demo Room,28.5,50.0,Critical,0,Normal Pattern,100,High,Critical Cold-Storage Failure,Critical Cold-Storage Failure,,,
2026-08-13 22:48:45,Real ESP32 Room Sensor,temperature_humidity_sensor,Demo Room,28.5,50.0,Critical,0,Normal Pattern,100,High,Critical Cold-Storage Failure,Critical Cold-Storage Failure,,,
2026-08-13 22:48:47,Real ESP32 Room Sensor,temperature_humidity_sensor,Demo Room,28.5,50.0,Critical,0,Normal Pattern,100,High,Critical Cold-Storage Failure,Critical Cold-Storage Failure,,,
2026-08-13 22:48:50,Real ESP32 Room Sensor,temperature_humidity_sensor,Demo Room,28.5,50.0,Critical,0,Normal Pattern,100,High,Critical Cold-Storage Failure,Critical Cold-Storage Failure,,,
2026-08-13 22:48:52,Real ESP32 Room Sensor,temperature_humidity_sensor,Demo Room,28.5,50.0,Critical,0,Normal Pattern,100,High,Critical Cold-Storage Failure,Critical Cold-Storage Failure,,,
2026-08-13 22:48:54,Real ESP32 Room Sensor,temperature_humidity_sensor,Demo Room,28.5,50.0,Critical,0,Normal Pattern,100,High,Critical Cold-Storage Failure,Critical Cold-Storage Failure,,,
2026-08-13 22:48:56,Real ESP32 Room Sensor,temperature_humidity_sensor,Demo Room,28.5,50.0,Critical,0,Normal Pattern,100,High,Critical Cold-Storage Failure,Critical Cold-Storage Failure,,,
2026-08-13 22:48:59,Real ESP32 Room Sensor,temperature_humidity_sensor,Demo Room,28.5,50.0,Critical,0,Normal Pattern,100,High,Critical Cold-Storage Failure,Critical Cold-Storage Failure,,,
2026-08-13 22:49:01,Real ESP32 Room Sensor,temperature_humidity_sensor,Demo Room,28.5,50.0,Critical,0,Normal Pattern,100,High,Critical Cold-Storage Failure,Critical Cold-Storage Failure,,,
2026-08-13 22:49:03,Real ESP32 Room Sensor,temperature_humidity_sensor,Demo Room,28.5,50.0,Critical,0,Normal Pattern,100,High,Critical Cold-Storage Failure,Critical Cold-Storage Failure,,,
2026-08-13 22:49:05,Real ESP32 Room Sensor,temperature_humidity_sensor,Demo Room,28.5,50.0,Critical,0,Normal Pattern,100,High,Critical Cold-Storage Failure,Critical Cold-Storage Failure,,,
2026-08-13 22:49:08,Real ESP32 Room Sensor,temperature_humidity_sensor,Demo Room,28.5,50.0,Critical,0,Normal Pattern,100,High,Critical Cold-Storage Failure,Critical Cold-Storage Failure,,,
2026-08-13 22:49:10,Real ESP32 Room Sensor,temperature_humidity_sensor,Demo Room,28.5,50.0,Critical,0,Normal Pattern,100,High,Critical Cold-Storage Failure,Critical Cold-Storage Failure,,,
2026-08-13 22:49:12,Real ESP32 Room Sensor,temperature_humidity_sensor,Demo Room,28.5,50.0,Critical,0,Normal Pattern,100,High,Critical Cold-Storage Failure,Critical Cold-Storage Failure,,,
2026-08-13 22:49:14,Real ESP32 Room Sensor,temperature_humidity_sensor,Demo Room,28.5,50.0,Critical,0,Normal Pattern,100,High,Critical Cold-Storage Failure,Critical Cold-Storage Failure,,,
2026-08-13 22:49:17,Real ESP32 Room Sensor,temperature_humidity_sensor,Demo Room,28.5,50.0,Critical,0,Normal Pattern,100,High,Critical Cold-Storage Failure,Critical Cold-Storage Failure,,,
2026-08-13 22:49:19,Real ESP32 Room Sensor,temperature_humidity_sensor,Demo Room,28.5,50.0,Critical,0,Normal Pattern,100,High,Critical Cold-Storage Failure,Critical Cold-Storage Failure,,,
2026-08-13 22:49:21,Real ESP32 Room Sensor,temperature_humidity_sensor,Demo Room,28.5,50.0,Critical,0,Normal Pattern,100,High,Critical Cold-Storage Failure,Critical Cold-Storage Failure,,,
2026-08-13 22:49:23,Real ESP32 Room Sensor,temperature_humidity_sensor,Demo Room,28.5,50.0,Critical,0,Normal Pattern,100,High,Critical Cold-Storage Failure,Critical Cold-Storage Failure,,,
2026-08-13 22:49:25,Real ESP32 Room Sensor,temperature_humidity_sensor,Demo Room,28.5,50.0,Critical,0,Normal Pattern,100,High,Critical Cold-Storage Failure,Critical Cold-Storage Failure,,,
2026-08-13 22:49:28,Real ESP32 Room Sensor,temperature_humidity_sensor,Demo Room,28.5,50.0,Critical,0,Normal Pattern,100,High,Critical Cold-Storage Failure,Critical Cold-Storage Failure,,,
2026-08-13 22:49:30,Real ESP32 Room Sensor,temperature_humidity_sensor,Demo Room,28.5,50.0,Critical,0,Normal Pattern,100,High,Critical Cold-Storage Failure,Critical Cold-Storage Failure,,,
2026-08-13 22:49:32,Real ESP32 Room Sensor,temperature_humidity_sensor,Demo Room,28.5,50.0,Critical,0,Normal Pattern,100,High,Critical Cold-Storage Failure,Critical Cold-Storage Failure,,,
2026-08-13 22:49:34,Real ESP32 Room Sensor,temperature_humidity_sensor,Demo Room,28.5,50.0,Critical,0,Normal Pattern,100,High,Critical Cold-Storage Failure,Critical Cold-Storage Failure,,,
2026-08-13 22:49:37,Real ESP32 Room Sensor,temperature_humidity_sensor,Demo Room,28.5,50.0,Critical,0,Normal Pattern,100,High,Critical Cold-Storage Failure,Critical Cold-Storage Failure,,,
2026-08-13 22:49:39,Real ESP32 Room Sensor,temperature_humidity_sensor,Demo Room,28.5,50.0,Critical,0,Normal Pattern,100,High,Critical Cold-Storage Failure,Critical Cold-Storage Failure,,,
2026-08-13 22:49:41,Real ESP32 Room Sensor,temperature_humidity_sensor,Demo Room,28.5,50.0,Critical,0,Normal Pattern,100,High,Critical Cold-Storage Failure,Critical Cold-Storage Failure,,,
2026-08-13 22:49:44,Real ESP32 Room Sensor,temperature_humidity_sensor,Demo Room,28.5,50.0,Critical,0,Normal Pattern,100,High,Critical Cold-Storage Failure,Critical Cold-Storage Failure,,,
2026-08-13 22:49:46,Real ESP32 Room Sensor,temperature_humidity_sensor,Demo Room,28.5,50.0,Critical,0,Normal Pattern,100,High,Critical Cold-Storage Failure,Critical Cold-Storage Failure,,,
2026-08-13 22:49:48,Real ESP32 Room Sensor,temperature_humidity_sensor,Demo Room,28.5,50.0,Critical,0,Normal Pattern,100,High,Critical Cold-Storage Failure,Critical Cold-Storage Failure,,,
2026-08-13 22:49:50,Real ESP32 Room Sensor,temperature_humidity_sensor,Demo Room,28.5,50.0,Critical,0,Normal Pattern,100,High,Critical Cold-Storage Failure,Critical Cold-Storage Failure,,,
2026-08-13 22:49:53,Real ESP32 Room Sensor,temperature_humidity_sensor,Demo Room,28.5,50.0,Critical,0,Normal Pattern,100,High,Critical Cold-Storage Failure,Critical Cold-Storage Failure,,,
2026-08-13 22:49:55,Real ESP32 Room Sensor,temperature_humidity_sensor,Demo Room,28.5,50.0,Critical,0,Normal Pattern,100,High,Critical Cold-Storage Failure,Critical Cold-Storage Failure,,,
2026-08-13 22:49:57,Real ESP32 Room Sensor,temperature_humidity_sensor,Demo Room,28.5,50.0,Critical,0,Normal Pattern,100,High,Critical Cold-Storage Failure,Critical Cold-Storage Failure,,,
2026-08-13 22:49:59,Real ESP32 Room Sensor,temperature_humidity_sensor,Demo Room,28.5,50.0,Critical,0,Normal Pattern,100,High,Critical Cold-Storage Failure,Critical Cold-Storage Failure,,,
2026-08-13 22:50:02,Real ESP32 Room Sensor,temperature_humidity_sensor,Demo Room,28.5,50.0,Critical,0,Normal Pattern,100,High,Critical Cold-Storage Failure,Critical Cold-Storage Failure,,,
2026-08-13 22:50:04,Real ESP32 Room Sensor,temperature_humidity_sensor,Demo Room,28.5,50.0,Critical,0,Normal Pattern,100,High,Critical Cold-Storage Failure,Critical Cold-Storage Failure,,,
2026-08-13 22:50:06,Real ESP32 Room Sensor,temperature_humidity_sensor,Demo Room,28.5,50.0,Critical,0,Normal Pattern,100,High,Critical Cold-Storage Failure,Critical Cold-Storage Failure,,,
2026-08-13 22:50:08,Real ESP32 Room Sensor,temperature_humidity_sensor,Demo Room,28.5,50.0,Critical,0,Normal Pattern,100,High,Critical Cold-Storage Failure,Critical Cold-Storage Failure,,,
2026-08-13 22:50:10,Real ESP32 Room Sensor,temperature_humidity_sensor,Demo Room,28.5,50.0,Critical,0,Normal Pattern,100,High,Critical Cold-Storage Failure,Critical Cold-Storage Failure,,,
2026-08-13 22:50:13,Real ESP32 Room Sensor,temperature_humidity_sensor,Demo Room,28.5,50.0,Critical,0,Normal Pattern,100,High,Critical Cold-Storage Failure,Critical Cold-Storage Failure,,,
2026-08-13 22:50:15,Real ESP32 Room Sensor,temperature_humidity_sensor,Demo Room,28.5,50.0,Critical,0,Normal Pattern,100,High,Critical Cold-Storage Failure,Critical Cold-Storage Failure,,,
2026-08-13 22:50:17,Real ESP32 Room Sensor,temperature_humidity_sensor,Demo Room,28.5,50.0,Critical,0,Normal Pattern,100,High,Critical Cold-Storage Failure,Critical Cold-Storage Failure,,,
2026-08-13 22:50:19,Real ESP32 Room Sensor,temperature_humidity_sensor,Demo Room,28.5,50.0,Critical,0,Normal Pattern,100,High,Critical Cold-Storage Failure,Critical Cold-Storage Failure,,,
2026-08-13 22:50:22,Real ESP32 Room Sensor,temperature_humidity_sensor,Demo Room,28.5,50.0,Critical,0,Normal Pattern,100,High,Critical Cold-Storage Failure,Critical Cold-Storage Failure,,,
2026-08-13 22:50:24,Real ESP32 Room Sensor,temperature_humidity_sensor,Demo Room,28.5,50.0,Critical,0,Normal Pattern,100,High,Critical Cold-Storage Failure,Critical Cold-Storage Failure,,,
2026-08-13 22:50:26,Real ESP32 Room Sensor,temperature_humidity_sensor,Demo Room,28.5,50.0,Critical,0,Normal Pattern,100,High,Critical Cold-Storage Failure,Critical Cold-Storage Failure,,,
2026-08-13 22:50:28,Real ESP32 Room Sensor,temperature_humidity_sensor,Demo Room,28.5,50.0,Critical,0,Normal Pattern,100,High,Critical Cold-Storage Failure,Critical Cold-Storage Failure,,,
2026-08-13 22:50:31,Real ESP32 Room Sensor,temperature_humidity_sensor,Demo Room,28.5,50.0,Critical,0,Normal Pattern,100,High,Critical Cold-Storage Failure,Critical Cold-Storage Failure,,,
2026-08-13 22:50:33,Real ESP32 Room Sensor,temperature_humidity_sensor,Demo Room,28.5,50.0,Critical,0,Normal Pattern,100,High,Critical Cold-Storage Failure,Critical Cold-Storage Failure,,,
2026-08-13 22:50:35,Real ESP32 Room Sensor,temperature_humidity_sensor,Demo Room,28.5,50.0,Critical,0,Normal Pattern,100,High,Critical Cold-Storage Failure,Critical Cold-Storage Failure,,,
2026-08-13 22:50:37,Real ESP32 Room Sensor,temperature_humidity_sensor,Demo Room,28.5,50.0,Critical,0,Normal Pattern,100,High,Critical Cold-Storage Failure,Critical Cold-Storage Failure,,,
2026-08-13 22:50:39,Real ESP32 Room Sensor,temperature_humidity_sensor,Demo Room,28.5,50.0,Critical,0,Normal Pattern,100,High,Critical Cold-Storage Failure,Critical Cold-Storage Failure,,,
2026-08-13 22:50:42,Real ESP32 Room Sensor,temperature_humidity_sensor,Demo Room,28.5,50.0,Critical,0,Normal Pattern,100,High,Critical Cold-Storage Failure,Critical Cold-Storage Failure,,,
2026-08-13 22:50:44,Real ESP32 Room Sensor,temperature_humidity_sensor,Demo Room,28.5,50.0,Critical,0,Normal Pattern,100,High,Critical Cold-Storage Failure,Critical Cold-Storage Failure,,,
2026-08-13 22:50:47,Real ESP32 Room Sensor,temperature_humidity_sensor,Demo Room,28.5,50.0,Critical,0,Normal Pattern,100,High,Critical Cold-Storage Failure,Critical Cold-Storage Failure,,,
2026-08-13 22:50:49,Real ESP32 Room Sensor,temperature_humidity_sensor,Demo Room,28.5,50.0,Critical,0,Normal Pattern,100,High,Critical Cold-Storage Failure,Critical Cold-Storage Failure,,,
2026-08-13 22:50:51,Real ESP32 Room Sensor,temperature_humidity_sensor,Demo Room,28.5,50.0,Critical,0,Normal Pattern,100,High,Critical Cold-Storage Failure,Critical Cold-Storage Failure,,,
2026-08-13 22:50:53,Real ESP32 Room Sensor,temperature_humidity_sensor,Demo Room,28.5,50.0,Critical,0,Normal Pattern,100,High,Critical Cold-Storage Failure,Critical Cold-Storage Failure,,,
2026-08-13 22:50:56,Real ESP32 Room Sensor,temperature_humidity_sensor,Demo Room,28.5,50.0,Critical,0,Normal Pattern,100,High,Critical Cold-Storage Failure,Critical Cold-Storage Failure,,,
2026-08-13 22:50:58,Real ESP32 Room Sensor,temperature_humidity_sensor,Demo Room,28.5,50.0,Critical,0,Normal Pattern,100,High,Critical Cold-Storage Failure,Critical Cold-Storage Failure,,,
2026-08-13 22:51:00,Real ESP32 Room Sensor,temperature_humidity_sensor,Demo Room,28.5,50.0,Critical,0,Normal Pattern,100,High,Critical Cold-Storage Failure,Critical Cold-Storage Failure,,,
2026-08-13 22:51:02,Real ESP32 Room Sensor,temperature_humidity_sensor,Demo Room,28.5,50.0,Critical,0,Normal Pattern,100,High,Critical Cold-Storage Failure,Critical Cold-Storage Failure,,,
2026-08-13 22:51:04,Real ESP32 Room Sensor,temperature_humidity_sensor,Demo Room,28.5,50.0,Critical,0,Normal Pattern,100,High,Critical Cold-Storage Failure,Critical Cold-Storage Failure,,,
2026-08-13 22:51:07,Real ESP32 Room Sensor,temperature_humidity_sensor,Demo Room,28.5,50.0,Critical,0,Normal Pattern,100,High,Critical Cold-Storage Failure,Critical Cold-Storage Failure,,,
2026-08-13 22:51:10,Real ESP32 Room Sensor,temperature_humidity_sensor,Demo Room,28.5,50.0,Critical,0,Normal Pattern,100,High,Critical Cold-Storage Failure,Critical Cold-Storage Failure,,,
2026-08-13 22:51:12,Real ESP32 Room Sensor,temperature_humidity_sensor,Demo Room,28.5,50.0,Critical,0,Normal Pattern,100,High,Critical Cold-Storage Failure,Critical Cold-Storage Failure,,,
2026-08-13 22:51:15,Real ESP32 Room Sensor,temperature_humidity_sensor,Demo Room,28.5,50.0,Critical,0,Normal Pattern,100,High,Critical Cold-Storage Failure,Critical Cold-Storage Failure,,,
2026-08-13 22:51:17,Real ESP32 Room Sensor,temperature_humidity_sensor,Demo Room,28.5,50.0,Critical,0,Normal Pattern,100,High,Critical Cold-Storage Failure,Critical Cold-Storage Failure,,,
2026-08-13 22:51:19,Real ESP32 Room Sensor,temperature_humidity_sensor,Demo Room,28.5,50.0,Critical,0,Normal Pattern,100,High,Critical Cold-Storage Failure,Critical Cold-Storage Failure,,,
2026-08-13 22:51:22,Real ESP32 Room Sensor,temperature_humidity_sensor,Demo Room,28.5,50.0,Critical,0,Normal Pattern,100,High,Critical Cold-Storage Failure,Critical Cold-Storage Failure,,,
2026-08-13 22:51:24,Real ESP32 Room Sensor,temperature_humidity_sensor,Demo Room,28.5,50.0,Critical,0,Normal Pattern,100,High,Critical Cold-Storage Failure,Critical Cold-Storage Failure,,,
2026-08-13 22:51:27,Real ESP32 Room Sensor,temperature_humidity_sensor,Demo Room,28.5,50.0,Critical,0,Normal Pattern,100,High,Critical Cold-Storage Failure,Critical Cold-Storage Failure,,,
2026-08-13 22:51:29,Real ESP32 Room Sensor,temperature_humidity_sensor,Demo Room,28.5,50.0,Critical,0,Normal Pattern,100,High,Critical Cold-Storage Failure,Critical Cold-Storage Failure,,,
2026-08-13 22:51:31,Real ESP32 Room Sensor,temperature_humidity_sensor,Demo Room,28.5,50.0,Critical,0,Normal Pattern,100,High,Critical Cold-Storage Failure,Critical Cold-Storage Failure,,,
2026-08-13 22:51:33,Real ESP32 Room Sensor,temperature_humidity_sensor,Demo Room,28.5,50.0,Critical,0,Normal Pattern,100,High,Critical Cold-Storage Failure,Critical Cold-Storage Failure,,,
2026-08-13 22:51:36,Real ESP32 Room Sensor,temperature_humidity_sensor,Demo Room,28.5,50.0,Critical,0,Normal Pattern,100,High,Critical Cold-Storage Failure,Critical Cold-Storage Failure,,,
2026-08-13 22:51:38,Real ESP32 Room Sensor,temperature_humidity_sensor,Demo Room,28.5,50.0,Critical,0,Normal Pattern,100,High,Critical Cold-Storage Failure,Critical Cold-Storage Failure,,,
2026-08-13 23:21:05,Real ESP32 Room Sensor,temperature_humidity_sensor,Demo Room,28.9,48.0,Critical,0,Normal Pattern,100,High,Critical Cold-Storage Failure,Critical Cold-Storage Failure,,,
2026-08-13 23:21:08,Real ESP32 Room Sensor,temperature_humidity_sensor,Demo Room,28.9,48.0,Critical,0,Normal Pattern,100,High,Critical Cold-Storage Failure,Critical Cold-Storage Failure,,,
2026-08-13 23:21:11,Real ESP32 Room Sensor,temperature_humidity_sensor,Demo Room,28.9,48.0,Critical,0,Normal Pattern,100,High,Critical Cold-Storage Failure,Critical Cold-Storage Failure,,,
2026-08-13 23:21:13,Real ESP32 Room Sensor,temperature_humidity_sensor,Demo Room,28.9,48.0,Critical,0,Normal Pattern,100,High,Critical Cold-Storage Failure,Critical Cold-Storage Failure,,,
2026-08-13 23:21:16,Real ESP32 Room Sensor,temperature_humidity_sensor,Demo Room,28.9,48.0,Critical,0,Normal Pattern,100,High,Critical Cold-Storage Failure,Critical Cold-Storage Failure,,,
2026-08-13 23:21:18,Real ESP32 Room Sensor,temperature_humidity_sensor,Demo Room,28.9,48.0,Critical,0,Normal Pattern,100,High,Critical Cold-Storage Failure,Critical Cold-Storage Failure,,,
2026-08-13 23:21:20,Real ESP32 Room Sensor,temperature_humidity_sensor,Demo Room,28.9,48.0,Critical,0,Normal Pattern,100,High,Critical Cold-Storage Failure,Critical Cold-Storage Failure,,,
2026-08-13 23:21:22,Real ESP32 Room Sensor,temperature_humidity_sensor,Demo Room,28.9,48.0,Critical,0,Normal Pattern,100,High,Critical Cold-Storage Failure,Critical Cold-Storage Failure,,,
2026-08-13 23:21:24,Real ESP32 Room Sensor,temperature_humidity_sensor,Demo Room,28.9,48.0,Critical,0,Normal Pattern,100,High,Critical Cold-Storage Failure,Critical Cold-Storage Failure,,,
2026-08-13 23:21:27,Real ESP32 Room Sensor,temperature_humidity_sensor,Demo Room,28.9,48.0,Critical,0,Normal Pattern,100,High,Critical Cold-Storage Failure,Critical Cold-Storage Failure,,,
2026-08-13 23:21:29,Real ESP32 Room Sensor,temperature_humidity_sensor,Demo Room,28.9,48.0,Critical,0,Normal Pattern,100,High,Critical Cold-Storage Failure,Critical Cold-Storage Failure,,,
2026-08-13 23:21:31,Real ESP32 Room Sensor,temperature_humidity_sensor,Demo Room,28.9,48.0,Critical,0,Normal Pattern,100,High,Critical Cold-Storage Failure,Critical Cold-Storage Failure,,,
2026-08-13 23:21:33,Real ESP32 Room Sensor,temperature_humidity_sensor,Demo Room,28.9,48.0,Critical,0,Normal Pattern,100,High,Critical Cold-Storage Failure,Critical Cold-Storage Failure,,,
2026-08-13 23:21:36,Real ESP32 Room Sensor,temperature_humidity_sensor,Demo Room,28.9,48.0,Critical,0,Normal Pattern,100,High,Critical Cold-Storage Failure,Critical Cold-Storage Failure,,,
2026-08-13 23:21:38,Real ESP32 Room Sensor,temperature_humidity_sensor,Demo Room,28.9,48.0,Critical,0,Normal Pattern,100,High,Critical Cold-Storage Failure,Critical Cold-Storage Failure,,,
2026-08-13 23:21:40,Real ESP32 Room Sensor,temperature_humidity_sensor,Demo Room,28.9,48.0,Critical,0,Normal Pattern,100,High,Critical Cold-Storage Failure,Critical Cold-Storage Failure,,,
2026-08-13 23:21:42,Real ESP32 Room Sensor,temperature_humidity_sensor,Demo Room,28.9,48.0,Critical,0,Normal Pattern,100,High,Critical Cold-Storage Failure,Critical Cold-Storage Failure,,,
2026-08-13 23:21:45,Real ESP32 Room Sensor,temperature_humidity_sensor,Demo Room,28.9,48.0,Critical,0,Normal Pattern,100,High,Critical Cold-Storage Failure,Critical Cold-Storage Failure,,,
2026-08-13 23:21:47,Real ESP32 Room Sensor,temperature_humidity_sensor,Demo Room,28.9,48.0,Critical,0,Normal Pattern,100,High,Critical Cold-Storage Failure,Critical Cold-Storage Failure,,,
2026-08-13 23:21:49,Real ESP32 Room Sensor,temperature_humidity_sensor,Demo Room,28.9,48.0,Critical,0,Normal Pattern,100,High,Critical Cold-Storage Failure,Critical Cold-Storage Failure,,,
2026-08-13 23:21:51,Real ESP32 Room Sensor,temperature_humidity_sensor,Demo Room,28.9,48.0,Critical,0,Normal Pattern,100,High,Critical Cold-Storage Failure,Critical Cold-Storage Failure,,,
2026-08-13 23:21:54,Real ESP32 Room Sensor,temperature_humidity_sensor,Demo Room,28.9,48.0,Critical,0,Normal Pattern,100,High,Critical Cold-Storage Failure,Critical Cold-Storage Failure,,,
2026-08-13 23:21:56,Real ESP32 Room Sensor,temperature_humidity_sensor,Demo Room,28.9,48.0,Critical,0,Normal Pattern,100,High,Critical Cold-Storage Failure,Critical Cold-Storage Failure,,,
2026-08-13 23:21:58,Real ESP32 Room Sensor,temperature_humidity_sensor,Demo Room,28.9,48.0,Critical,0,Normal Pattern,100,High,Critical Cold-Storage Failure,Critical Cold-Storage Failure,,,
2026-08-13 23:22:00,Real ESP32 Room Sensor,temperature_humidity_sensor,Demo Room,28.9,48.0,Critical,0,Normal Pattern,100,High,Critical Cold-Storage Failure,Critical Cold-Storage Failure,,,
2026-08-13 23:22:03,Real ESP32 Room Sensor,temperature_humidity_sensor,Demo Room,28.9,48.0,Critical,0,Normal Pattern,100,High,Critical Cold-Storage Failure,Critical Cold-Storage Failure,,,
2026-08-13 23:22:05,Real ESP32 Room Sensor,temperature_humidity_sensor,Demo Room,28.9,48.0,Critical,0,Normal Pattern,100,High,Critical Cold-Storage Failure,Critical Cold-Storage Failure,,,
2026-08-13 23:22:07,Real ESP32 Room Sensor,temperature_humidity_sensor,Demo Room,28.9,48.0,Critical,0,Normal Pattern,100,High,Critical Cold-Storage Failure,Critical Cold-Storage Failure,,,
2026-08-13 23:22:09,Real ESP32 Room Sensor,temperature_humidity_sensor,Demo Room,28.9,48.0,Critical,0,Normal Pattern,100,High,Critical Cold-Storage Failure,Critical Cold-Storage Failure,,,
2026-08-13 23:22:12,Real ESP32 Room Sensor,temperature_humidity_sensor,Demo Room,28.9,48.0,Critical,0,Normal Pattern,100,High,Critical Cold-Storage Failure,Critical Cold-Storage Failure,,,
2026-08-13 23:22:14,Real ESP32 Room Sensor,temperature_humidity_sensor,Demo Room,28.9,48.0,Critical,0,Normal Pattern,100,High,Critical Cold-Storage Failure,Critical Cold-Storage Failure,,,
2026-08-13 23:22:16,Real ESP32 Room Sensor,temperature_humidity_sensor,Demo Room,28.9,48.0,Critical,0,Normal Pattern,100,High,Critical Cold-Storage Failure,Critical Cold-Storage Failure,,,
2026-08-13 23:22:18,Real ESP32 Room Sensor,temperature_humidity_sensor,Demo Room,28.9,48.0,Critical,0,Normal Pattern,100,High,Critical Cold-Storage Failure,Critical Cold-Storage Failure,,,
2026-08-13 23:22:20,Real ESP32 Room Sensor,temperature_humidity_sensor,Demo Room,28.9,48.0,Critical,0,Normal Pattern,100,High,Critical Cold-Storage Failure,Critical Cold-Storage Failure,,,
2026-08-13 23:22:23,Real ESP32 Room Sensor,temperature_humidity_sensor,Demo Room,28.9,48.0,Critical,0,Normal Pattern,100,High,Critical Cold-Storage Failure,Critical Cold-Storage Failure,,,
2026-08-13 23:22:25,Real ESP32 Room Sensor,temperature_humidity_sensor,Demo Room,28.9,48.0,Critical,0,Normal Pattern,100,High,Critical Cold-Storage Failure,Critical Cold-Storage Failure,,,
2026-08-13 23:22:27,Real ESP32 Room Sensor,temperature_humidity_sensor,Demo Room,28.9,48.0,Critical,0,Normal Pattern,100,High,Critical Cold-Storage Failure,Critical Cold-Storage Failure,,,
2026-08-13 23:22:29,Real ESP32 Room Sensor,temperature_humidity_sensor,Demo Room,28.9,48.0,Critical,0,Normal Pattern,100,High,Critical Cold-Storage Failure,Critical Cold-Storage Failure,,,
2026-08-13 23:22:32,Real ESP32 Room Sensor,temperature_humidity_sensor,Demo Room,28.9,48.0,Critical,0,Normal Pattern,100,High,Critical Cold-Storage Failure,Critical Cold-Storage Failure,,,
2026-08-13 23:22:34,Real ESP32 Room Sensor,temperature_humidity_sensor,Demo Room,28.9,48.0,Critical,0,Normal Pattern,100,High,Critical Cold-Storage Failure,Critical Cold-Storage Failure,,,
2026-08-13 23:22:36,Real ESP32 Room Sensor,temperature_humidity_sensor,Demo Room,28.9,48.0,Critical,0,Normal Pattern,100,High,Critical Cold-Storage Failure,Critical Cold-Storage Failure,,,
2026-08-13 23:22:38,Real ESP32 Room Sensor,temperature_humidity_sensor,Demo Room,28.9,48.0,Critical,0,Normal Pattern,100,High,Critical Cold-Storage Failure,Critical Cold-Storage Failure,,,
2026-08-13 23:22:41,Real ESP32 Room Sensor,temperature_humidity_sensor,Demo Room,28.9,48.0,Critical,0,Normal Pattern,100,High,Critical Cold-Storage Failure,Critical Cold-Storage Failure,,,
2026-08-13 23:22:43,Real ESP32 Room Sensor,temperature_humidity_sensor,Demo Room,28.9,48.0,Critical,0,Normal Pattern,100,High,Critical Cold-Storage Failure,Critical Cold-Storage Failure,,,
2026-08-13 23:22:45,Real ESP32 Room Sensor,temperature_humidity_sensor,Demo Room,28.9,48.0,Critical,0,Normal Pattern,100,High,Critical Cold-Storage Failure,Critical Cold-Storage Failure,,,
2026-08-13 23:22:47,Real ESP32 Room Sensor,temperature_humidity_sensor,Demo Room,28.9,48.0,Critical,0,Normal Pattern,100,High,Critical Cold-Storage Failure,Critical Cold-Storage Failure,,,
2026-08-13 23:22:50,Real ESP32 Room Sensor,temperature_humidity_sensor,Demo Room,28.9,48.0,Critical,0,Normal Pattern,100,High,Critical Cold-Storage Failure,Critical Cold-Storage Failure,,,
2026-08-13 23:22:52,Real ESP32 Room Sensor,temperature_humidity_sensor,Demo Room,28.9,48.0,Critical,0,Normal Pattern,100,High,Critical Cold-Storage Failure,Critical Cold-Storage Failure,,,
2026-08-13 23:22:54,Real ESP32 Room Sensor,temperature_humidity_sensor,Demo Room,28.9,48.0,Critical,0,Normal Pattern,100,High,Critical Cold-Storage Failure,Critical Cold-Storage Failure,,,
2026-08-13 23:22:56,Real ESP32 Room Sensor,temperature_humidity_sensor,Demo Room,28.9,48.0,Critical,0,Normal Pattern,100,High,Critical Cold-Storage Failure,Critical Cold-Storage Failure,,,
2026-08-13 23:22:59,Real ESP32 Room Sensor,temperature_humidity_sensor,Demo Room,29.0,48.0,Critical,0,Normal Pattern,100,High,Critical Cold-Storage Failure,Critical Cold-Storage Failure,,,
2026-08-13 23:23:01,Real ESP32 Room Sensor,temperature_humidity_sensor,Demo Room,29.0,48.0,Critical,0,Normal Pattern,100,High,Critical Cold-Storage Failure,Critical Cold-Storage Failure,,,
2026-08-13 23:23:03,Real ESP32 Room Sensor,temperature_humidity_sensor,Demo Room,29.0,48.0,Critical,0,Normal Pattern,100,High,Critical Cold-Storage Failure,Critical Cold-Storage Failure,,,
2026-08-13 23:23:05,Real ESP32 Room Sensor,temperature_humidity_sensor,Demo Room,29.0,48.0,Critical,0,Normal Pattern,100,High,Critical Cold-Storage Failure,Critical Cold-Storage Failure,,,
2026-08-13 23:23:07,Real ESP32 Room Sensor,temperature_humidity_sensor,Demo Room,29.0,48.0,Critical,0,Normal Pattern,100,High,Critical Cold-Storage Failure,Critical Cold-Storage Failure,,,
2026-08-13 23:23:10,Real ESP32 Room Sensor,temperature_humidity_sensor,Demo Room,29.1,48.0,Critical,0,Normal Pattern,100,High,Critical Cold-Storage Failure,Critical Cold-Storage Failure,,,
2026-08-13 23:23:12,Real ESP32 Room Sensor,temperature_humidity_sensor,Demo Room,29.1,48.0,Critical,0,Normal Pattern,100,High,Critical Cold-Storage Failure,Critical Cold-Storage Failure,,,
2026-08-13 23:23:15,Real ESP32 Room Sensor,temperature_humidity_sensor,Demo Room,29.2,48.0,Critical,0,Normal Pattern,100,High,Critical Cold-Storage Failure,Critical Cold-Storage Failure,,,
2026-08-13 23:23:17,Real ESP32 Room Sensor,temperature_humidity_sensor,Demo Room,29.2,48.0,Critical,0,Normal Pattern,100,High,Critical Cold-Storage Failure,Critical Cold-Storage Failure,,,
2026-08-13 23:23:19,Real ESP32 Room Sensor,temperature_humidity_sensor,Demo Room,29.3,48.0,Critical,0,Normal Pattern,100,High,Critical Cold-Storage Failure,Critical Cold-Storage Failure,,,
2026-08-13 23:23:21,Real ESP32 Room Sensor,temperature_humidity_sensor,Demo Room,29.3,48.0,Critical,0,Normal Pattern,100,High,Critical Cold-Storage Failure,Critical Cold-Storage Failure,,,
2026-08-13 23:23:24,Real ESP32 Room Sensor,temperature_humidity_sensor,Demo Room,29.3,48.0,Critical,0,Normal Pattern,100,High,Critical Cold-Storage Failure,Critical Cold-Storage Failure,,,
2026-08-13 23:23:27,Real ESP32 Room Sensor,temperature_humidity_sensor,Demo Room,29.3,48.0,Critical,0,Normal Pattern,100,High,Critical Cold-Storage Failure,Critical Cold-Storage Failure,,,
2026-08-13 23:23:29,Real ESP32 Room Sensor,temperature_humidity_sensor,Demo Room,29.3,48.0,Critical,0,Normal Pattern,100,High,Critical Cold-Storage Failure,Critical Cold-Storage Failure,,,
2026-08-13 23:23:32,Real ESP32 Room Sensor,temperature_humidity_sensor,Demo Room,29.3,48.0,Critical,0,Normal Pattern,100,High,Critical Cold-Storage Failure,Critical Cold-Storage Failure,,,
2026-08-13 23:23:34,Real ESP32 Room Sensor,temperature_humidity_sensor,Demo Room,29.3,48.0,Critical,0,Normal Pattern,100,High,Critical Cold-Storage Failure,Critical Cold-Storage Failure,,,
2026-08-13 23:23:36,Real ESP32 Room Sensor,temperature_humidity_sensor,Demo Room,29.3,48.0,Critical,0,Normal Pattern,100,High,Critical Cold-Storage Failure,Critical Cold-Storage Failure,,,
2026-08-13 23:23:38,Real ESP32 Room Sensor,temperature_humidity_sensor,Demo Room,29.3,48.0,Critical,0,Normal Pattern,100,High,Critical Cold-Storage Failure,Critical Cold-Storage Failure,,,
2026-08-13 23:23:41,Real ESP32 Room Sensor,temperature_humidity_sensor,Demo Room,29.3,48.0,Critical,0,Normal Pattern,100,High,Critical Cold-Storage Failure,Critical Cold-Storage Failure,,,
2026-08-13 23:23:43,Real ESP32 Room Sensor,temperature_humidity_sensor,Demo Room,29.3,48.0,Critical,0,Normal Pattern,100,High,Critical Cold-Storage Failure,Critical Cold-Storage Failure,,,
2026-08-13 23:23:45,Real ESP32 Room Sensor,temperature_humidity_sensor,Demo Room,29.3,48.0,Critical,0,Normal Pattern,100,High,Critical Cold-Storage Failure,Critical Cold-Storage Failure,,,
2026-08-13 23:23:48,Real ESP32 Room Sensor,temperature_humidity_sensor,Demo Room,29.3,48.0,Critical,0,Normal Pattern,100,High,Critical Cold-Storage Failure,Critical Cold-Storage Failure,,,
2026-08-13 23:23:50,Real ESP32 Room Sensor,temperature_humidity_sensor,Demo Room,29.3,48.0,Critical,0,Normal Pattern,100,High,Critical Cold-Storage Failure,Critical Cold-Storage Failure,,,
2026-08-13 23:23:52,Real ESP32 Room Sensor,temperature_humidity_sensor,Demo Room,29.3,48.0,Critical,0,Normal Pattern,100,High,Critical Cold-Storage Failure,Critical Cold-Storage Failure,,,
2026-08-13 23:23:54,Real ESP32 Room Sensor,temperature_humidity_sensor,Demo Room,29.3,48.0,Critical,0,Normal Pattern,100,High,Critical Cold-Storage Failure,Critical Cold-Storage Failure,,,
2026-08-13 23:23:57,Real ESP32 Room Sensor,temperature_humidity_sensor,Demo Room,29.3,48.0,Critical,0,Normal Pattern,100,High,Critical Cold-Storage Failure,Critical Cold-Storage Failure,,,
2026-08-13 23:24:00,Real ESP32 Room Sensor,temperature_humidity_sensor,Demo Room,29.3,48.0,Critical,0,Normal Pattern,100,High,Critical Cold-Storage Failure,Critical Cold-Storage Failure,,,
2026-08-13 23:24:02,Real ESP32 Room Sensor,temperature_humidity_sensor,Demo Room,29.3,48.0,Critical,0,Normal Pattern,100,High,Critical Cold-Storage Failure,Critical Cold-Storage Failure,,,
2026-08-13 23:24:04,Real ESP32 Room Sensor,temperature_humidity_sensor,Demo Room,29.3,48.0,Critical,0,Normal Pattern,100,High,Critical Cold-Storage Failure,Critical Cold-Storage Failure,,,
2026-08-13 23:24:07,Real ESP32 Room Sensor,temperature_humidity_sensor,Demo Room,29.3,48.0,Critical,0,Normal Pattern,100,High,Critical Cold-Storage Failure,Critical Cold-Storage Failure,,,
2026-08-13 23:24:09,Real ESP32 Room Sensor,temperature_humidity_sensor,Demo Room,29.3,48.0,Critical,0,Normal Pattern,100,High,Critical Cold-Storage Failure,Critical Cold-Storage Failure,,,
2026-08-13 23:24:11,Real ESP32 Room Sensor,temperature_humidity_sensor,Demo Room,29.3,48.0,Critical,0,Normal Pattern,100,High,Critical Cold-Storage Failure,Critical Cold-Storage Failure,,,
2026-08-13 23:24:13,Real ESP32 Room Sensor,temperature_humidity_sensor,Demo Room,29.3,48.0,Critical,0,Normal Pattern,100,High,Critical Cold-Storage Failure,Critical Cold-Storage Failure,,,
2026-08-13 23:24:16,Real ESP32 Room Sensor,temperature_humidity_sensor,Demo Room,29.3,48.0,Critical,0,Normal Pattern,100,High,Critical Cold-Storage Failure,Critical Cold-Storage Failure,,,
2026-08-13 23:24:18,Real ESP32 Room Sensor,temperature_humidity_sensor,Demo Room,29.3,48.0,Critical,0,Normal Pattern,100,High,Critical Cold-Storage Failure,Critical Cold-Storage Failure,,,
2026-08-13 23:24:20,Real ESP32 Room Sensor,temperature_humidity_sensor,Demo Room,29.3,48.0,Critical,0,Normal Pattern,100,High,Critical Cold-Storage Failure,Critical Cold-Storage Failure,,,
2026-08-13 23:24:23,Real ESP32 Room Sensor,temperature_humidity_sensor,Demo Room,29.3,48.0,Critical,0,Normal Pattern,100,High,Critical Cold-Storage Failure,Critical Cold-Storage Failure,,,
2026-08-13 23:24:25,Real ESP32 Room Sensor,temperature_humidity_sensor,Demo Room,29.3,48.0,Critical,0,Normal Pattern,100,High,Critical Cold-Storage Failure,Critical Cold-Storage Failure,,,
2026-08-13 23:24:27,Real ESP32 Room Sensor,temperature_humidity_sensor,Demo Room,29.3,48.0,Critical,0,Normal Pattern,100,High,Critical Cold-Storage Failure,Critical Cold-Storage Failure,,,
2026-08-13 23:24:30,Real ESP32 Room Sensor,temperature_humidity_sensor,Demo Room,29.3,48.0,Critical,0,Normal Pattern,100,High,Critical Cold-Storage Failure,Critical Cold-Storage Failure,,,
2026-08-13 23:24:32,Real ESP32 Room Sensor,temperature_humidity_sensor,Demo Room,29.3,48.0,Critical,0,Normal Pattern,100,High,Critical Cold-Storage Failure,Critical Cold-Storage Failure,,,
2026-08-13 23:24:34,Real ESP32 Room Sensor,temperature_humidity_sensor,Demo Room,29.3,48.0,Critical,0,Normal Pattern,100,High,Critical Cold-Storage Failure,Critical Cold-Storage Failure,,,
2026-08-13 23:24:36,Real ESP32 Room Sensor,temperature_humidity_sensor,Demo Room,29.3,48.0,Critical,0,Normal Pattern,100,High,Critical Cold-Storage Failure,Critical Cold-Storage Failure,,,
2026-08-13 23:24:39,Real ESP32 Room Sensor,temperature_humidity_sensor,Demo Room,29.3,48.0,Critical,0,Normal Pattern,100,High,Critical Cold-Storage Failure,Critical Cold-Storage Failure,,,
2026-08-13 23:24:41,Real ESP32 Room Sensor,temperature_humidity_sensor,Demo Room,29.3,48.0,Critical,0,Normal Pattern,100,High,Critical Cold-Storage Failure,Critical Cold-Storage Failure,,,
2026-08-13 23:24:43,Real ESP32 Room Sensor,temperature_humidity_sensor,Demo Room,29.3,48.0,Critical,0,Normal Pattern,100,High,Critical Cold-Storage Failure,Critical Cold-Storage Failure,,,
2026-08-13 23:24:45,Real ESP32 Room Sensor,temperature_humidity_sensor,Demo Room,29.3,48.0,Critical,0,Normal Pattern,100,High,Critical Cold-Storage Failure,Critical Cold-Storage Failure,,,
2026-08-13 23:24:48,Real ESP32 Room Sensor,temperature_humidity_sensor,Demo Room,29.3,48.0,Critical,0,Normal Pattern,100,High,Critical Cold-Storage Failure,Critical Cold-Storage Failure,,,
2026-08-13 23:24:50,Real ESP32 Room Sensor,temperature_humidity_sensor,Demo Room,29.3,48.0,Critical,0,Normal Pattern,100,High,Critical Cold-Storage Failure,Critical Cold-Storage Failure,,,
2026-08-13 23:24:52,Real ESP32 Room Sensor,temperature_humidity_sensor,Demo Room,29.3,48.0,Critical,0,Normal Pattern,100,High,Critical Cold-Storage Failure,Critical Cold-Storage Failure,,,
2026-08-13 23:24:54,Real ESP32 Room Sensor,temperature_humidity_sensor,Demo Room,29.3,48.0,Critical,0,Normal Pattern,100,High,Critical Cold-Storage Failure,Critical Cold-Storage Failure,,,
2026-08-13 23:24:57,Real ESP32 Room Sensor,temperature_humidity_sensor,Demo Room,29.3,48.0,Critical,0,Normal Pattern,100,High,Critical Cold-Storage Failure,Critical Cold-Storage Failure,,,
2026-08-13 23:24:59,Real ESP32 Room Sensor,temperature_humidity_sensor,Demo Room,29.3,48.0,Critical,0,Normal Pattern,100,High,Critical Cold-Storage Failure,Critical Cold-Storage Failure,,,
2026-08-13 23:25:01,Real ESP32 Room Sensor,temperature_humidity_sensor,Demo Room,29.3,48.0,Critical,0,Normal Pattern,100,High,Critical Cold-Storage Failure,Critical Cold-Storage Failure,,,
2026-08-13 23:25:03,Real ESP32 Room Sensor,temperature_humidity_sensor,Demo Room,29.3,48.0,Critical,0,Normal Pattern,100,High,Critical Cold-Storage Failure,Critical Cold-Storage Failure,,,
2026-08-13 23:25:06,Real ESP32 Room Sensor,temperature_humidity_sensor,Demo Room,29.3,48.0,Critical,0,Normal Pattern,100,High,Critical Cold-Storage Failure,Critical Cold-Storage Failure,,,
2026-08-13 23:25:08,Real ESP32 Room Sensor,temperature_humidity_sensor,Demo Room,29.3,48.0,Critical,0,Normal Pattern,100,High,Critical Cold-Storage Failure,Critical Cold-Storage Failure,,,
2026-08-13 23:25:10,Real ESP32 Room Sensor,temperature_humidity_sensor,Demo Room,29.3,48.0,Critical,0,Normal Pattern,100,High,Critical Cold-Storage Failure,Critical Cold-Storage Failure,,,
2026-08-13 23:25:12,Real ESP32 Room Sensor,temperature_humidity_sensor,Demo Room,29.3,48.0,Critical,0,Normal Pattern,100,High,Critical Cold-Storage Failure,Critical Cold-Storage Failure,,,
2026-08-13 23:25:15,Real ESP32 Room Sensor,temperature_humidity_sensor,Demo Room,29.3,48.0,Critical,0,Normal Pattern,100,High,Critical Cold-Storage Failure,Critical Cold-Storage Failure,,,
2026-08-13 23:25:17,Real ESP32 Room Sensor,temperature_humidity_sensor,Demo Room,29.3,48.0,Critical,0,Normal Pattern,100,High,Critical Cold-Storage Failure,Critical Cold-Storage Failure,,,
2026-08-13 23:25:19,Real ESP32 Room Sensor,temperature_humidity_sensor,Demo Room,29.3,48.0,Critical,0,Normal Pattern,100,High,Critical Cold-Storage Failure,Critical Cold-Storage Failure,,,
2026-08-13 23:25:22,Real ESP32 Room Sensor,temperature_humidity_sensor,Demo Room,29.3,48.0,Critical,0,Normal Pattern,100,High,Critical Cold-Storage Failure,Critical Cold-Storage Failure,,,
2026-08-13 23:25:24,Real ESP32 Room Sensor,temperature_humidity_sensor,Demo Room,29.3,48.0,Critical,0,Normal Pattern,100,High,Critical Cold-Storage Failure,Critical Cold-Storage Failure,,,
2026-08-13 23:25:26,Real ESP32 Room Sensor,temperature_humidity_sensor,Demo Room,29.3,48.0,Critical,0,Normal Pattern,100,High,Critical Cold-Storage Failure,Critical Cold-Storage Failure,,,
2026-08-13 23:25:28,Real ESP32 Room Sensor,temperature_humidity_sensor,Demo Room,29.3,48.0,Critical,0,Normal Pattern,100,High,Critical Cold-Storage Failure,Critical Cold-Storage Failure,,,
2026-08-13 23:25:31,Real ESP32 Room Sensor,temperature_humidity_sensor,Demo Room,29.3,48.0,Critical,0,Normal Pattern,100,High,Critical Cold-Storage Failure,Critical Cold-Storage Failure,,,
2026-08-13 23:25:33,Real ESP32 Room Sensor,temperature_humidity_sensor,Demo Room,29.3,48.0,Critical,0,Normal Pattern,100,High,Critical Cold-Storage Failure,Critical Cold-Storage Failure,,,
2026-08-13 23:25:35,Real ESP32 Room Sensor,temperature_humidity_sensor,Demo Room,29.3,48.0,Critical,0,Normal Pattern,100,High,Critical Cold-Storage Failure,Critical Cold-Storage Failure,,,
2026-08-13 23:25:37,Real ESP32 Room Sensor,temperature_humidity_sensor,Demo Room,29.3,48.0,Critical,0,Normal Pattern,100,High,Critical Cold-Storage Failure,Critical Cold-Storage Failure,,,
2026-08-13 23:25:40,Real ESP32 Room Sensor,temperature_humidity_sensor,Demo Room,29.3,48.0,Critical,0,Normal Pattern,100,High,Critical Cold-Storage Failure,Critical Cold-Storage Failure,,,
2026-08-13 23:25:42,Real ESP32 Room Sensor,temperature_humidity_sensor,Demo Room,29.3,48.0,Critical,0,Normal Pattern,100,High,Critical Cold-Storage Failure,Critical Cold-Storage Failure,,,
2026-08-13 23:25:44,Real ESP32 Room Sensor,temperature_humidity_sensor,Demo Room,29.3,48.0,Critical,0,Normal Pattern,100,High,Critical Cold-Storage Failure,Critical Cold-Storage Failure,,,
2026-08-13 23:25:47,Real ESP32 Room Sensor,temperature_humidity_sensor,Demo Room,29.3,48.0,Critical,0,Normal Pattern,100,High,Critical Cold-Storage Failure,Critical Cold-Storage Failure,,,
2026-08-13 23:25:49,Real ESP32 Room Sensor,temperature_humidity_sensor,Demo Room,29.3,48.0,Critical,0,Normal Pattern,100,High,Critical Cold-Storage Failure,Critical Cold-Storage Failure,,,
2026-08-13 23:25:51,Real ESP32 Room Sensor,temperature_humidity_sensor,Demo Room,29.3,48.0,Critical,0,Normal Pattern,100,High,Critical Cold-Storage Failure,Critical Cold-Storage Failure,,,
2026-08-13 23:25:53,Real ESP32 Room Sensor,temperature_humidity_sensor,Demo Room,29.3,48.0,Critical,0,Normal Pattern,100,High,Critical Cold-Storage Failure,Critical Cold-Storage Failure,,,
2026-08-13 23:25:55,Real ESP32 Room Sensor,temperature_humidity_sensor,Demo Room,29.3,48.0,Critical,0,Normal Pattern,100,High,Critical Cold-Storage Failure,Critical Cold-Storage Failure,,,
2026-08-13 23:25:58,Real ESP32 Room Sensor,temperature_humidity_sensor,Demo Room,29.3,48.0,Critical,0,Normal Pattern,100,High,Critical Cold-Storage Failure,Critical Cold-Storage Failure,,,
2026-08-13 23:26:00,Real ESP32 Room Sensor,temperature_humidity_sensor,Demo Room,29.3,48.0,Critical,0,Normal Pattern,100,High,Critical Cold-Storage Failure,Critical Cold-Storage Failure,,,
2026-08-13 23:26:02,Real ESP32 Room Sensor,temperature_humidity_sensor,Demo Room,29.3,48.0,Critical,0,Normal Pattern,100,High,Critical Cold-Storage Failure,Critical Cold-Storage Failure,,,
2026-08-13 23:26:04,Real ESP32 Room Sensor,temperature_humidity_sensor,Demo Room,29.3,48.0,Critical,0,Normal Pattern,100,High,Critical Cold-Storage Failure,Critical Cold-Storage Failure,,,
2026-08-13 23:26:07,Real ESP32 Room Sensor,temperature_humidity_sensor,Demo Room,29.3,48.0,Critical,0,Normal Pattern,100,High,Critical Cold-Storage Failure,Critical Cold-Storage Failure,,,
2026-08-13 23:26:09,Real ESP32 Room Sensor,temperature_humidity_sensor,Demo Room,29.3,48.0,Critical,0,Normal Pattern,100,High,Critical Cold-Storage Failure,Critical Cold-Storage Failure,,,
2026-08-13 23:26:12,Real ESP32 Room Sensor,temperature_humidity_sensor,Demo Room,29.3,48.0,Critical,0,Normal Pattern,100,High,Critical Cold-Storage Failure,Critical Cold-Storage Failure,,,
2026-08-13 23:26:18,Real ESP32 Room Sensor,temperature_humidity_sensor,Demo Room,29.3,48.0,Critical,0,Normal Pattern,100,High,Critical Cold-Storage Failure,Critical Cold-Storage Failure,,,
2026-08-13 23:26:20,Real ESP32 Room Sensor,temperature_humidity_sensor,Demo Room,29.3,48.0,Critical,0,Normal Pattern,100,High,Critical Cold-Storage Failure,Critical Cold-Storage Failure,,,
2026-08-13 23:26:23,Real ESP32 Room Sensor,temperature_humidity_sensor,Demo Room,29.3,48.0,Critical,0,Normal Pattern,100,High,Critical Cold-Storage Failure,Critical Cold-Storage Failure,,,
2026-08-13 23:26:25,Real ESP32 Room Sensor,temperature_humidity_sensor,Demo Room,29.3,48.0,Critical,0,Normal Pattern,100,High,Critical Cold-Storage Failure,Critical Cold-Storage Failure,,,
2026-08-13 23:26:27,Real ESP32 Room Sensor,temperature_humidity_sensor,Demo Room,29.3,48.0,Critical,0,Normal Pattern,100,High,Critical Cold-Storage Failure,Critical Cold-Storage Failure,,,
2026-08-13 23:26:29,Real ESP32 Room Sensor,temperature_humidity_sensor,Demo Room,29.3,48.0,Critical,0,Normal Pattern,100,High,Critical Cold-Storage Failure,Critical Cold-Storage Failure,,,
2026-08-13 23:26:32,Real ESP32 Room Sensor,temperature_humidity_sensor,Demo Room,29.3,48.0,Critical,0,Normal Pattern,100,High,Critical Cold-Storage Failure,Critical Cold-Storage Failure,,,
2026-08-13 23:26:34,Real ESP32 Room Sensor,temperature_humidity_sensor,Demo Room,29.3,48.0,Critical,0,Normal Pattern,100,High,Critical Cold-Storage Failure,Critical Cold-Storage Failure,,,
2026-08-13 23:26:36,Real ESP32 Room Sensor,temperature_humidity_sensor,Demo Room,29.3,48.0,Critical,0,Normal Pattern,100,High,Critical Cold-Storage Failure,Critical Cold-Storage Failure,,,
2026-08-13 23:26:38,Real ESP32 Room Sensor,temperature_humidity_sensor,Demo Room,29.3,48.0,Critical,0,Normal Pattern,100,High,Critical Cold-Storage Failure,Critical Cold-Storage Failure,,,
2026-08-13 23:26:41,Real ESP32 Room Sensor,temperature_humidity_sensor,Demo Room,29.3,48.0,Critical,0,Normal Pattern,100,High,Critical Cold-Storage Failure,Critical Cold-Storage Failure,,,
2026-08-13 23:26:43,Real ESP32 Room Sensor,temperature_humidity_sensor,Demo Room,29.3,48.0,Critical,0,Normal Pattern,100,High,Critical Cold-Storage Failure,Critical Cold-Storage Failure,,,
2026-08-13 23:26:45,Real ESP32 Room Sensor,temperature_humidity_sensor,Demo Room,29.3,48.0,Critical,0,Normal Pattern,100,High,Critical Cold-Storage Failure,Critical Cold-Storage Failure,,,
2026-08-13 23:26:47,Real ESP32 Room Sensor,temperature_humidity_sensor,Demo Room,29.3,48.0,Critical,0,Normal Pattern,100,High,Critical Cold-Storage Failure,Critical Cold-Storage Failure,,,
2026-08-13 23:26:50,Real ESP32 Room Sensor,temperature_humidity_sensor,Demo Room,29.3,48.0,Critical,0,Normal Pattern,100,High,Critical Cold-Storage Failure,Critical Cold-Storage Failure,,,
2026-08-13 23:26:52,Real ESP32 Room Sensor,temperature_humidity_sensor,Demo Room,29.3,48.0,Critical,0,Normal Pattern,100,High,Critical Cold-Storage Failure,Critical Cold-Storage Failure,,,
2026-08-13 23:26:54,Real ESP32 Room Sensor,temperature_humidity_sensor,Demo Room,29.3,48.0,Critical,0,Normal Pattern,100,High,Critical Cold-Storage Failure,Critical Cold-Storage Failure,,,
2026-08-13 23:26:56,Real ESP32 Room Sensor,temperature_humidity_sensor,Demo Room,29.3,48.0,Critical,0,Normal Pattern,100,High,Critical Cold-Storage Failure,Critical Cold-Storage Failure,,,
2026-08-13 23:26:59,Real ESP32 Room Sensor,temperature_humidity_sensor,Demo Room,29.3,48.0,Critical,0,Normal Pattern,100,High,Critical Cold-Storage Failure,Critical Cold-Storage Failure,,,
2026-08-13 23:27:01,Real ESP32 Room Sensor,temperature_humidity_sensor,Demo Room,29.3,48.0,Critical,0,Normal Pattern,100,High,Critical Cold-Storage Failure,Critical Cold-Storage Failure,,,
2026-08-13 23:27:03,Real ESP32 Room Sensor,temperature_humidity_sensor,Demo Room,29.3,48.0,Critical,0,Normal Pattern,100,High,Critical Cold-Storage Failure,Critical Cold-Storage Failure,,,
2026-08-13 23:27:06,Real ESP32 Room Sensor,temperature_humidity_sensor,Demo Room,29.3,48.0,Critical,0,Normal Pattern,100,High,Critical Cold-Storage Failure,Critical Cold-Storage Failure,,,
2026-08-13 23:27:08,Real ESP32 Room Sensor,temperature_humidity_sensor,Demo Room,29.3,48.0,Critical,0,Normal Pattern,100,High,Critical Cold-Storage Failure,Critical Cold-Storage Failure,,,
2026-08-13 23:27:10,Real ESP32 Room Sensor,temperature_humidity_sensor,Demo Room,29.3,48.0,Critical,0,Normal Pattern,100,High,Critical Cold-Storage Failure,Critical Cold-Storage Failure,,,
2026-08-13 23:27:12,Real ESP32 Room Sensor,temperature_humidity_sensor,Demo Room,29.3,48.0,Critical,0,Normal Pattern,100,High,Critical Cold-Storage Failure,Critical Cold-Storage Failure,,,
2026-08-13 23:27:15,Real ESP32 Room Sensor,temperature_humidity_sensor,Demo Room,29.3,48.0,Critical,0,Normal Pattern,100,High,Critical Cold-Storage Failure,Critical Cold-Storage Failure,,,
2026-08-13 23:27:17,Real ESP32 Room Sensor,temperature_humidity_sensor,Demo Room,29.3,48.0,Critical,0,Normal Pattern,100,High,Critical Cold-Storage Failure,Critical Cold-Storage Failure,,,
2026-08-13 23:27:19,Real ESP32 Room Sensor,temperature_humidity_sensor,Demo Room,29.3,48.0,Critical,0,Normal Pattern,100,High,Critical Cold-Storage Failure,Critical Cold-Storage Failure,,,
2026-08-13 23:27:21,Real ESP32 Room Sensor,temperature_humidity_sensor,Demo Room,29.3,48.0,Critical,0,Normal Pattern,100,High,Critical Cold-Storage Failure,Critical Cold-Storage Failure,,,
2026-08-13 23:27:24,Real ESP32 Room Sensor,temperature_humidity_sensor,Demo Room,29.3,48.0,Critical,0,Normal Pattern,100,High,Critical Cold-Storage Failure,Critical Cold-Storage Failure,,,
2026-08-13 23:27:26,Real ESP32 Room Sensor,temperature_humidity_sensor,Demo Room,29.3,48.0,Critical,0,Normal Pattern,100,High,Critical Cold-Storage Failure,Critical Cold-Storage Failure,,,
2026-08-13 23:27:28,Real ESP32 Room Sensor,temperature_humidity_sensor,Demo Room,29.3,48.0,Critical,0,Normal Pattern,100,High,Critical Cold-Storage Failure,Critical Cold-Storage Failure,,,
2026-08-13 23:27:31,Real ESP32 Room Sensor,temperature_humidity_sensor,Demo Room,29.3,48.0,Critical,0,Normal Pattern,100,High,Critical Cold-Storage Failure,Critical Cold-Storage Failure,,,
2026-08-13 23:27:33,Real ESP32 Room Sensor,temperature_humidity_sensor,Demo Room,29.3,48.0,Critical,0,Normal Pattern,100,High,Critical Cold-Storage Failure,Critical Cold-Storage Failure,,,
2026-08-13 23:27:35,Real ESP32 Room Sensor,temperature_humidity_sensor,Demo Room,29.3,48.0,Critical,0,Normal Pattern,100,High,Critical Cold-Storage Failure,Critical Cold-Storage Failure,,,
2026-08-13 23:27:37,Real ESP32 Room Sensor,temperature_humidity_sensor,Demo Room,29.3,48.0,Critical,0,Normal Pattern,100,High,Critical Cold-Storage Failure,Critical Cold-Storage Failure,,,
2026-08-13 23:27:39,Real ESP32 Room Sensor,temperature_humidity_sensor,Demo Room,29.3,48.0,Critical,0,Normal Pattern,100,High,Critical Cold-Storage Failure,Critical Cold-Storage Failure,,,
2026-08-13 23:27:42,Real ESP32 Room Sensor,temperature_humidity_sensor,Demo Room,29.3,48.0,Critical,0,Normal Pattern,100,High,Critical Cold-Storage Failure,Critical Cold-Storage Failure,,,
2026-08-13 23:27:44,Real ESP32 Room Sensor,temperature_humidity_sensor,Demo Room,29.3,48.0,Critical,0,Normal Pattern,100,High,Critical Cold-Storage Failure,Critical Cold-Storage Failure,,,
2026-08-13 23:27:46,Real ESP32 Room Sensor,temperature_humidity_sensor,Demo Room,29.3,48.0,Critical,0,Normal Pattern,100,High,Critical Cold-Storage Failure,Critical Cold-Storage Failure,,,
2026-08-13 23:27:48,Real ESP32 Room Sensor,temperature_humidity_sensor,Demo Room,29.3,48.0,Critical,0,Normal Pattern,100,High,Critical Cold-Storage Failure,Critical Cold-Storage Failure,,,
2026-08-13 23:27:51,Real ESP32 Room Sensor,temperature_humidity_sensor,Demo Room,29.3,48.0,Critical,0,Normal Pattern,100,High,Critical Cold-Storage Failure,Critical Cold-Storage Failure,,,
2026-08-13 23:27:53,Real ESP32 Room Sensor,temperature_humidity_sensor,Demo Room,29.3,48.0,Critical,0,Normal Pattern,100,High,Critical Cold-Storage Failure,Critical Cold-Storage Failure,,,
2026-08-13 23:27:55,Real ESP32 Room Sensor,temperature_humidity_sensor,Demo Room,29.3,48.0,Critical,0,Normal Pattern,100,High,Critical Cold-Storage Failure,Critical Cold-Storage Failure,,,
2026-08-13 23:27:57,Real ESP32 Room Sensor,temperature_humidity_sensor,Demo Room,29.3,48.0,Critical,0,Normal Pattern,100,High,Critical Cold-Storage Failure,Critical Cold-Storage Failure,,,
2026-08-13 23:28:00,Real ESP32 Room Sensor,temperature_humidity_sensor,Demo Room,29.3,48.0,Critical,0,Normal Pattern,100,High,Critical Cold-Storage Failure,Critical Cold-Storage Failure,,,
2026-08-13 23:28:02,Real ESP32 Room Sensor,temperature_humidity_sensor,Demo Room,29.3,48.0,Critical,0,Normal Pattern,100,High,Critical Cold-Storage Failure,Critical Cold-Storage Failure,,,
2026-08-13 23:28:04,Real ESP32 Room Sensor,temperature_humidity_sensor,Demo Room,29.3,48.0,Critical,0,Normal Pattern,100,High,Critical Cold-Storage Failure,Critical Cold-Storage Failure,,,
2026-08-13 23:28:06,Real ESP32 Room Sensor,temperature_humidity_sensor,Demo Room,29.3,48.0,Critical,0,Normal Pattern,100,High,Critical Cold-Storage Failure,Critical Cold-Storage Failure,,,
2026-08-13 23:28:09,Real ESP32 Room Sensor,temperature_humidity_sensor,Demo Room,29.3,48.0,Critical,0,Normal Pattern,100,High,Critical Cold-Storage Failure,Critical Cold-Storage Failure,,,
2026-08-13 23:28:11,Real ESP32 Room Sensor,temperature_humidity_sensor,Demo Room,29.3,48.0,Critical,0,Normal Pattern,100,High,Critical Cold-Storage Failure,Critical Cold-Storage Failure,,,
2026-08-13 23:31:17,Real ESP32 Room Sensor,temperature_humidity_sensor,Demo Room,29.0,48.0,Critical,0,Normal Pattern,100,High,Critical Cold-Storage Failure,Critical Cold-Storage Failure,,,
2026-08-13 23:31:20,Real ESP32 Room Sensor,temperature_humidity_sensor,Demo Room,29.0,48.0,Critical,0,Normal Pattern,100,High,Critical Cold-Storage Failure,Critical Cold-Storage Failure,,,
2026-08-13 23:31:22,Real ESP32 Room Sensor,temperature_humidity_sensor,Demo Room,29.3,48.0,Critical,0,Normal Pattern,100,High,Critical Cold-Storage Failure,Critical Cold-Storage Failure,,,
2026-08-13 23:31:24,Real ESP32 Room Sensor,temperature_humidity_sensor,Demo Room,29.3,48.0,Critical,0,Normal Pattern,100,High,Critical Cold-Storage Failure,Critical Cold-Storage Failure,,,
2026-08-13 23:31:26,Real ESP32 Room Sensor,temperature_humidity_sensor,Demo Room,29.3,48.0,Critical,0,Normal Pattern,100,High,Critical Cold-Storage Failure,Critical Cold-Storage Failure,,,
2026-08-13 23:31:29,Real ESP32 Room Sensor,temperature_humidity_sensor,Demo Room,29.3,48.0,Critical,0,Normal Pattern,100,High,Critical Cold-Storage Failure,Critical Cold-Storage Failure,,,
2026-08-13 23:31:31,Real ESP32 Room Sensor,temperature_humidity_sensor,Demo Room,29.3,48.0,Critical,0,Normal Pattern,100,High,Critical Cold-Storage Failure,Critical Cold-Storage Failure,,,
2026-08-13 23:31:33,Real ESP32 Room Sensor,temperature_humidity_sensor,Demo Room,29.3,48.0,Critical,0,Normal Pattern,100,High,Critical Cold-Storage Failure,Critical Cold-Storage Failure,,,
2026-08-13 23:31:35,Real ESP32 Room Sensor,temperature_humidity_sensor,Demo Room,29.3,48.0,Critical,0,Normal Pattern,100,High,Critical Cold-Storage Failure,Critical Cold-Storage Failure,,,
2026-08-13 23:31:38,Real ESP32 Room Sensor,temperature_humidity_sensor,Demo Room,29.3,48.0,Critical,0,Normal Pattern,100,High,Critical Cold-Storage Failure,Critical Cold-Storage Failure,,,
2026-08-13 23:31:40,Real ESP32 Room Sensor,temperature_humidity_sensor,Demo Room,29.3,48.0,Critical,0,Normal Pattern,100,High,Critical Cold-Storage Failure,Critical Cold-Storage Failure,,,
2026-08-13 23:31:42,Real ESP32 Room Sensor,temperature_humidity_sensor,Demo Room,29.3,48.0,Critical,0,Normal Pattern,100,High,Critical Cold-Storage Failure,Critical Cold-Storage Failure,,,
2026-08-13 23:31:45,Real ESP32 Room Sensor,temperature_humidity_sensor,Demo Room,29.3,48.0,Critical,0,Normal Pattern,100,High,Critical Cold-Storage Failure,Critical Cold-Storage Failure,,,
2026-08-13 23:31:47,Real ESP32 Room Sensor,temperature_humidity_sensor,Demo Room,29.3,48.0,Critical,0,Normal Pattern,100,High,Critical Cold-Storage Failure,Critical Cold-Storage Failure,,,
2026-08-13 23:31:49,Real ESP32 Room Sensor,temperature_humidity_sensor,Demo Room,29.3,48.0,Critical,0,Normal Pattern,100,High,Critical Cold-Storage Failure,Critical Cold-Storage Failure,,,
2026-08-13 23:31:51,Real ESP32 Room Sensor,temperature_humidity_sensor,Demo Room,29.3,48.0,Critical,0,Normal Pattern,100,High,Critical Cold-Storage Failure,Critical Cold-Storage Failure,,,
2026-08-13 23:31:54,Real ESP32 Room Sensor,temperature_humidity_sensor,Demo Room,29.3,48.0,Critical,0,Normal Pattern,100,High,Critical Cold-Storage Failure,Critical Cold-Storage Failure,,,
2026-08-13 23:31:56,Real ESP32 Room Sensor,temperature_humidity_sensor,Demo Room,29.3,48.0,Critical,0,Normal Pattern,100,High,Critical Cold-Storage Failure,Critical Cold-Storage Failure,,,
2026-08-13 23:31:58,Real ESP32 Room Sensor,temperature_humidity_sensor,Demo Room,29.3,48.0,Critical,0,Normal Pattern,100,High,Critical Cold-Storage Failure,Critical Cold-Storage Failure,,,
2026-08-13 23:32:00,Real ESP32 Room Sensor,temperature_humidity_sensor,Demo Room,29.3,48.0,Critical,0,Normal Pattern,100,High,Critical Cold-Storage Failure,Critical Cold-Storage Failure,,,
2026-08-13 23:32:03,Real ESP32 Room Sensor,temperature_humidity_sensor,Demo Room,29.3,48.0,Critical,0,Normal Pattern,100,High,Critical Cold-Storage Failure,Critical Cold-Storage Failure,,,
2026-08-13 23:32:05,Real ESP32 Room Sensor,temperature_humidity_sensor,Demo Room,29.3,48.0,Critical,0,Normal Pattern,100,High,Critical Cold-Storage Failure,Critical Cold-Storage Failure,,,
2026-08-13 23:32:07,Real ESP32 Room Sensor,temperature_humidity_sensor,Demo Room,29.3,48.0,Critical,0,Normal Pattern,100,High,Critical Cold-Storage Failure,Critical Cold-Storage Failure,,,
2026-08-13 23:32:09,Real ESP32 Room Sensor,temperature_humidity_sensor,Demo Room,29.3,48.0,Critical,0,Normal Pattern,100,High,Critical Cold-Storage Failure,Critical Cold-Storage Failure,,,
2026-08-13 23:32:19,Real ESP32 Room Sensor,temperature_humidity_sensor,Demo Room,29.3,48.0,Critical,0,Normal Pattern,100,High,Critical Cold-Storage Failure,Critical Cold-Storage Failure,,,
2026-08-13 23:32:21,Real ESP32 Room Sensor,temperature_humidity_sensor,Demo Room,29.3,48.0,Critical,0,Normal Pattern,100,High,Critical Cold-Storage Failure,Critical Cold-Storage Failure,,,
2026-08-13 23:32:24,Real ESP32 Room Sensor,temperature_humidity_sensor,Demo Room,29.3,48.0,Critical,0,Normal Pattern,100,High,Critical Cold-Storage Failure,Critical Cold-Storage Failure,,,
2026-08-13 23:32:26,Real ESP32 Room Sensor,temperature_humidity_sensor,Demo Room,29.3,48.0,Critical,0,Normal Pattern,100,High,Critical Cold-Storage Failure,Critical Cold-Storage Failure,,,
2026-08-13 23:32:28,Real ESP32 Room Sensor,temperature_humidity_sensor,Demo Room,29.3,48.0,Critical,0,Normal Pattern,100,High,Critical Cold-Storage Failure,Critical Cold-Storage Failure,,,
2026-08-13 23:32:30,Real ESP32 Room Sensor,temperature_humidity_sensor,Demo Room,29.3,48.0,Critical,0,Normal Pattern,100,High,Critical Cold-Storage Failure,Critical Cold-Storage Failure,,,
2026-08-13 23:33:15,Real ESP32 Room Sensor,temperature_humidity_sensor,Demo Room,29.3,48.0,Critical,0,Normal Pattern,100,High,Critical Cold-Storage Failure,Critical Cold-Storage Failure,,,
2026-08-13 23:33:17,Real ESP32 Room Sensor,temperature_humidity_sensor,Demo Room,29.3,48.0,Critical,0,Normal Pattern,100,High,Critical Cold-Storage Failure,Critical Cold-Storage Failure,,,
2026-08-13 23:33:23,Real ESP32 Room Sensor,temperature_humidity_sensor,Demo Room,29.3,48.0,Critical,0,Normal Pattern,100,High,Critical Cold-Storage Failure,Critical Cold-Storage Failure,,,
2026-08-13 23:33:28,Real ESP32 Room Sensor,temperature_humidity_sensor,Demo Room,29.3,48.0,Critical,0,Normal Pattern,100,High,Critical Cold-Storage Failure,Critical Cold-Storage Failure,,,
2026-08-13 23:33:33,Real ESP32 Room Sensor,temperature_humidity_sensor,Demo Room,29.3,48.0,Critical,0,Normal Pattern,100,High,Critical Cold-Storage Failure,Critical Cold-Storage Failure,,,
2026-08-13 23:33:35,Real ESP32 Room Sensor,temperature_humidity_sensor,Demo Room,29.3,48.0,Critical,0,Normal Pattern,100,High,Critical Cold-Storage Failure,Critical Cold-Storage Failure,,,
2026-08-13 23:33:37,Real ESP32 Room Sensor,temperature_humidity_sensor,Demo Room,29.3,48.0,Critical,0,Normal Pattern,100,High,Critical Cold-Storage Failure,Critical Cold-Storage Failure,,,
2026-08-13 23:33:40,Real ESP32 Room Sensor,temperature_humidity_sensor,Demo Room,29.3,48.0,Critical,0,Normal Pattern,100,High,Critical Cold-Storage Failure,Critical Cold-Storage Failure,,,
2026-08-13 23:33:42,Real ESP32 Room Sensor,temperature_humidity_sensor,Demo Room,29.3,48.0,Critical,0,Normal Pattern,100,High,Critical Cold-Storage Failure,Critical Cold-Storage Failure,,,
2026-08-13 23:33:47,Real ESP32 Room Sensor,temperature_humidity_sensor,Demo Room,29.3,48.0,Critical,0,Normal Pattern,100,High,Critical Cold-Storage Failure,Critical Cold-Storage Failure,,,
2026-08-13 23:33:49,Real ESP32 Room Sensor,temperature_humidity_sensor,Demo Room,29.3,48.0,Critical,0,Normal Pattern,100,High,Critical Cold-Storage Failure,Critical Cold-Storage Failure,,,
2026-08-13 23:33:51,Real ESP32 Room Sensor,temperature_humidity_sensor,Demo Room,29.3,48.0,Critical,0,Normal Pattern,100,High,Critical Cold-Storage Failure,Critical Cold-Storage Failure,,,
2026-08-13 23:33:54,Real ESP32 Room Sensor,temperature_humidity_sensor,Demo Room,29.3,48.0,Critical,0,Normal Pattern,100,High,Critical Cold-Storage Failure,Critical Cold-Storage Failure,,,
2026-08-13 23:33:56,Real ESP32 Room Sensor,temperature_humidity_sensor,Demo Room,29.3,48.0,Critical,0,Normal Pattern,100,High,Critical Cold-Storage Failure,Critical Cold-Storage Failure,,,
2026-08-13 23:33:58,Real ESP32 Room Sensor,temperature_humidity_sensor,Demo Room,29.3,48.0,Critical,0,Normal Pattern,100,High,Critical Cold-Storage Failure,Critical Cold-Storage Failure,,,
2026-08-13 23:34:01,Real ESP32 Room Sensor,temperature_humidity_sensor,Demo Room,29.3,48.0,Critical,0,Normal Pattern,100,High,Critical Cold-Storage Failure,Critical Cold-Storage Failure,,,
2026-08-13 23:34:31,Real ESP32 Room Sensor,temperature_humidity_sensor,Demo Room,29.3,48.0,Critical,0,Normal Pattern,100,High,Critical Cold-Storage Failure,Critical Cold-Storage Failure,,,
2026-08-13 23:34:34,Real ESP32 Room Sensor,temperature_humidity_sensor,Demo Room,29.3,48.0,Critical,0,Normal Pattern,100,High,Critical Cold-Storage Failure,Critical Cold-Storage Failure,,,
2026-08-13 23:34:36,Real ESP32 Room Sensor,temperature_humidity_sensor,Demo Room,29.3,48.0,Critical,0,Normal Pattern,100,High,Critical Cold-Storage Failure,Critical Cold-Storage Failure,,,
2026-08-13 23:34:38,Real ESP32 Room Sensor,temperature_humidity_sensor,Demo Room,29.3,48.0,Critical,0,Normal Pattern,100,High,Critical Cold-Storage Failure,Critical Cold-Storage Failure,,,
2026-08-13 23:34:41,Real ESP32 Room Sensor,temperature_humidity_sensor,Demo Room,29.3,48.0,Critical,0,Normal Pattern,100,High,Critical Cold-Storage Failure,Critical Cold-Storage Failure,,,
2026-08-13 23:34:43,Real ESP32 Room Sensor,temperature_humidity_sensor,Demo Room,29.3,48.0,Critical,0,Normal Pattern,100,High,Critical Cold-Storage Failure,Critical Cold-Storage Failure,,,
2026-08-13 23:34:45,Real ESP32 Room Sensor,temperature_humidity_sensor,Demo Room,29.3,48.0,Critical,0,Normal Pattern,100,High,Critical Cold-Storage Failure,Critical Cold-Storage Failure,,,
2026-08-13 23:34:47,Real ESP32 Room Sensor,temperature_humidity_sensor,Demo Room,29.3,48.0,Critical,0,Normal Pattern,100,High,Critical Cold-Storage Failure,Critical Cold-Storage Failure,,,
2026-08-13 23:34:50,Real ESP32 Room Sensor,temperature_humidity_sensor,Demo Room,29.3,48.0,Critical,0,Normal Pattern,100,High,Critical Cold-Storage Failure,Critical Cold-Storage Failure,,,
2026-08-13 23:34:52,Real ESP32 Room Sensor,temperature_humidity_sensor,Demo Room,29.3,48.0,Critical,0,Normal Pattern,100,High,Critical Cold-Storage Failure,Critical Cold-Storage Failure,,,
2026-08-13 23:34:54,Real ESP32 Room Sensor,temperature_humidity_sensor,Demo Room,29.3,48.0,Critical,0,Normal Pattern,100,High,Critical Cold-Storage Failure,Critical Cold-Storage Failure,,,
2026-08-13 23:34:56,Real ESP32 Room Sensor,temperature_humidity_sensor,Demo Room,29.3,48.0,Critical,0,Normal Pattern,100,High,Critical Cold-Storage Failure,Critical Cold-Storage Failure,,,
2026-08-13 23:34:59,Real ESP32 Room Sensor,temperature_humidity_sensor,Demo Room,29.3,48.0,Critical,0,Normal Pattern,100,High,Critical Cold-Storage Failure,Critical Cold-Storage Failure,,,
2026-08-13 23:35:01,Real ESP32 Room Sensor,temperature_humidity_sensor,Demo Room,29.3,48.0,Critical,0,Normal Pattern,100,High,Critical Cold-Storage Failure,Critical Cold-Storage Failure,,,
2026-08-13 23:35:03,Real ESP32 Room Sensor,temperature_humidity_sensor,Demo Room,29.3,48.0,Critical,0,Normal Pattern,100,High,Critical Cold-Storage Failure,Critical Cold-Storage Failure,,,
2026-08-13 23:35:06,Real ESP32 Room Sensor,temperature_humidity_sensor,Demo Room,29.3,48.0,Critical,0,Normal Pattern,100,High,Critical Cold-Storage Failure,Critical Cold-Storage Failure,,,
2026-08-13 23:35:08,Real ESP32 Room Sensor,temperature_humidity_sensor,Demo Room,29.3,48.0,Critical,0,Normal Pattern,100,High,Critical Cold-Storage Failure,Critical Cold-Storage Failure,,,
2026-08-13 23:35:10,Real ESP32 Room Sensor,temperature_humidity_sensor,Demo Room,29.3,48.0,Critical,0,Normal Pattern,100,High,Critical Cold-Storage Failure,Critical Cold-Storage Failure,,,
2026-08-13 23:35:12,Real ESP32 Room Sensor,temperature_humidity_sensor,Demo Room,29.3,48.0,Critical,0,Normal Pattern,100,High,Critical Cold-Storage Failure,Critical Cold-Storage Failure,,,
2026-08-13 23:35:15,Real ESP32 Room Sensor,temperature_humidity_sensor,Demo Room,29.3,48.0,Critical,0,Normal Pattern,100,High,Critical Cold-Storage Failure,Critical Cold-Storage Failure,,,
2026-08-13 23:35:17,Real ESP32 Room Sensor,temperature_humidity_sensor,Demo Room,29.3,48.0,Critical,0,Normal Pattern,100,High,Critical Cold-Storage Failure,Critical Cold-Storage Failure,,,
2026-08-13 23:35:19,Real ESP32 Room Sensor,temperature_humidity_sensor,Demo Room,29.3,48.0,Critical,0,Normal Pattern,100,High,Critical Cold-Storage Failure,Critical Cold-Storage Failure,,,
2026-08-13 23:35:21,Real ESP32 Room Sensor,temperature_humidity_sensor,Demo Room,29.3,48.0,Critical,0,Normal Pattern,100,High,Critical Cold-Storage Failure,Critical Cold-Storage Failure,,,
2026-08-13 23:35:24,Real ESP32 Room Sensor,temperature_humidity_sensor,Demo Room,29.3,48.0,Critical,0,Normal Pattern,100,High,Critical Cold-Storage Failure,Critical Cold-Storage Failure,,,
2026-08-13 23:35:26,Real ESP32 Room Sensor,temperature_humidity_sensor,Demo Room,29.3,48.0,Critical,0,Normal Pattern,100,High,Critical Cold-Storage Failure,Critical Cold-Storage Failure,,,
2026-08-13 23:35:45,Real ESP32 Room Sensor,temperature_humidity_sensor,Demo Room,29.3,48.0,Critical,0,Normal Pattern,100,High,Critical Cold-Storage Failure,Critical Cold-Storage Failure,,,
2026-08-13 23:35:48,Real ESP32 Room Sensor,temperature_humidity_sensor,Demo Room,29.3,48.0,Critical,0,Normal Pattern,100,High,Critical Cold-Storage Failure,Critical Cold-Storage Failure,,,
2026-08-13 23:35:50,Real ESP32 Room Sensor,temperature_humidity_sensor,Demo Room,29.3,48.0,Critical,0,Normal Pattern,100,High,Critical Cold-Storage Failure,Critical Cold-Storage Failure,,,
2026-08-13 23:35:52,Real ESP32 Room Sensor,temperature_humidity_sensor,Demo Room,29.3,48.0,Critical,0,Normal Pattern,100,High,Critical Cold-Storage Failure,Critical Cold-Storage Failure,,,
2026-08-13 23:35:54,Real ESP32 Room Sensor,temperature_humidity_sensor,Demo Room,29.3,48.0,Critical,0,Normal Pattern,100,High,Critical Cold-Storage Failure,Critical Cold-Storage Failure,,,
2026-08-13 23:35:56,Real ESP32 Room Sensor,temperature_humidity_sensor,Demo Room,29.3,48.0,Critical,0,Normal Pattern,100,High,Critical Cold-Storage Failure,Critical Cold-Storage Failure,,,
2026-08-13 23:35:59,Real ESP32 Room Sensor,temperature_humidity_sensor,Demo Room,29.3,48.0,Critical,0,Normal Pattern,100,High,Critical Cold-Storage Failure,Critical Cold-Storage Failure,,,
2026-08-13 23:36:01,Real ESP32 Room Sensor,temperature_humidity_sensor,Demo Room,29.3,48.0,Critical,0,Normal Pattern,100,High,Critical Cold-Storage Failure,Critical Cold-Storage Failure,,,
2026-08-13 23:36:03,Real ESP32 Room Sensor,temperature_humidity_sensor,Demo Room,29.3,48.0,Critical,0,Normal Pattern,100,High,Critical Cold-Storage Failure,Critical Cold-Storage Failure,,,
2026-08-13 23:36:05,Real ESP32 Room Sensor,temperature_humidity_sensor,Demo Room,29.3,48.0,Critical,0,Normal Pattern,100,High,Critical Cold-Storage Failure,Critical Cold-Storage Failure,,,
2026-08-13 23:36:08,Real ESP32 Room Sensor,temperature_humidity_sensor,Demo Room,29.3,48.0,Critical,0,Normal Pattern,100,High,Critical Cold-Storage Failure,Critical Cold-Storage Failure,,,
2026-08-13 23:36:10,Real ESP32 Room Sensor,temperature_humidity_sensor,Demo Room,29.3,48.0,Critical,0,Normal Pattern,100,High,Critical Cold-Storage Failure,Critical Cold-Storage Failure,,,
2026-08-13 23:36:12,Real ESP32 Room Sensor,temperature_humidity_sensor,Demo Room,29.3,48.0,Critical,0,Normal Pattern,100,High,Critical Cold-Storage Failure,Critical Cold-Storage Failure,,,
2026-08-13 23:36:14,Real ESP32 Room Sensor,temperature_humidity_sensor,Demo Room,29.3,48.0,Critical,0,Normal Pattern,100,High,Critical Cold-Storage Failure,Critical Cold-Storage Failure,,,
2026-08-13 23:36:17,Real ESP32 Room Sensor,temperature_humidity_sensor,Demo Room,29.3,48.0,Critical,0,Normal Pattern,100,High,Critical Cold-Storage Failure,Critical Cold-Storage Failure,,,
2026-08-13 23:36:19,Real ESP32 Room Sensor,temperature_humidity_sensor,Demo Room,29.3,48.0,Critical,0,Normal Pattern,100,High,Critical Cold-Storage Failure,Critical Cold-Storage Failure,,,
2026-08-13 23:36:21,Real ESP32 Room Sensor,temperature_humidity_sensor,Demo Room,29.3,48.0,Critical,0,Normal Pattern,100,High,Critical Cold-Storage Failure,Critical Cold-Storage Failure,,,
2026-08-13 23:36:23,Real ESP32 Room Sensor,temperature_humidity_sensor,Demo Room,29.3,48.0,Critical,0,Normal Pattern,100,High,Critical Cold-Storage Failure,Critical Cold-Storage Failure,,,
2026-08-13 23:36:26,Real ESP32 Room Sensor,temperature_humidity_sensor,Demo Room,29.3,48.0,Critical,0,Normal Pattern,100,High,Critical Cold-Storage Failure,Critical Cold-Storage Failure,,,
2026-08-13 23:36:28,Real ESP32 Room Sensor,temperature_humidity_sensor,Demo Room,29.3,48.0,Critical,0,Normal Pattern,100,High,Critical Cold-Storage Failure,Critical Cold-Storage Failure,,,
2026-08-13 23:36:30,Real ESP32 Room Sensor,temperature_humidity_sensor,Demo Room,29.3,48.0,Critical,0,Normal Pattern,100,High,Critical Cold-Storage Failure,Critical Cold-Storage Failure,,,
2026-08-13 23:36:32,Real ESP32 Room Sensor,temperature_humidity_sensor,Demo Room,29.3,48.0,Critical,0,Normal Pattern,100,High,Critical Cold-Storage Failure,Critical Cold-Storage Failure,,,
2026-08-13 23:36:35,Real ESP32 Room Sensor,temperature_humidity_sensor,Demo Room,29.3,48.0,Critical,0,Normal Pattern,100,High,Critical Cold-Storage Failure,Critical Cold-Storage Failure,,,
2026-08-13 23:36:37,Real ESP32 Room Sensor,temperature_humidity_sensor,Demo Room,29.3,48.0,Critical,0,Normal Pattern,100,High,Critical Cold-Storage Failure,Critical Cold-Storage Failure,,,
2026-08-13 23:36:39,Real ESP32 Room Sensor,temperature_humidity_sensor,Demo Room,29.3,48.0,Critical,0,Normal Pattern,100,High,Critical Cold-Storage Failure,Critical Cold-Storage Failure,,,
2026-08-13 23:36:41,Real ESP32 Room Sensor,temperature_humidity_sensor,Demo Room,29.3,48.0,Critical,0,Normal Pattern,100,High,Critical Cold-Storage Failure,Critical Cold-Storage Failure,,,
2026-08-13 23:36:44,Real ESP32 Room Sensor,temperature_humidity_sensor,Demo Room,29.3,48.0,Critical,0,Normal Pattern,100,High,Critical Cold-Storage Failure,Critical Cold-Storage Failure,,,
2026-08-13 23:36:46,Real ESP32 Room Sensor,temperature_humidity_sensor,Demo Room,29.3,48.0,Critical,0,Normal Pattern,100,High,Critical Cold-Storage Failure,Critical Cold-Storage Failure,,,
2026-08-13 23:36:48,Real ESP32 Room Sensor,temperature_humidity_sensor,Demo Room,29.3,48.0,Critical,0,Normal Pattern,100,High,Critical Cold-Storage Failure,Critical Cold-Storage Failure,,,
2026-08-13 23:36:50,Real ESP32 Room Sensor,temperature_humidity_sensor,Demo Room,29.3,48.0,Critical,0,Normal Pattern,100,High,Critical Cold-Storage Failure,Critical Cold-Storage Failure,,,
2026-08-13 23:36:53,Real ESP32 Room Sensor,temperature_humidity_sensor,Demo Room,29.3,48.0,Critical,0,Normal Pattern,100,High,Critical Cold-Storage Failure,Critical Cold-Storage Failure,,,
2026-08-13 23:36:55,Real ESP32 Room Sensor,temperature_humidity_sensor,Demo Room,29.3,48.0,Critical,0,Normal Pattern,100,High,Critical Cold-Storage Failure,Critical Cold-Storage Failure,,,
2026-08-13 23:36:57,Real ESP32 Room Sensor,temperature_humidity_sensor,Demo Room,29.3,48.0,Critical,0,Normal Pattern,100,High,Critical Cold-Storage Failure,Critical Cold-Storage Failure,,,
2026-08-13 23:37:00,Real ESP32 Room Sensor,temperature_humidity_sensor,Demo Room,29.3,48.0,Critical,0,Normal Pattern,100,High,Critical Cold-Storage Failure,Critical Cold-Storage Failure,,,
2026-08-13 23:37:02,Real ESP32 Room Sensor,temperature_humidity_sensor,Demo Room,29.3,48.0,Critical,0,Normal Pattern,100,High,Critical Cold-Storage Failure,Critical Cold-Storage Failure,,,
2026-08-13 23:37:04,Real ESP32 Room Sensor,temperature_humidity_sensor,Demo Room,29.3,48.0,Critical,0,Normal Pattern,100,High,Critical Cold-Storage Failure,Critical Cold-Storage Failure,,,
2026-08-13 23:37:06,Real ESP32 Room Sensor,temperature_humidity_sensor,Demo Room,29.3,48.0,Critical,0,Normal Pattern,100,High,Critical Cold-Storage Failure,Critical Cold-Storage Failure,,,
2026-08-13 23:37:08,Real ESP32 Room Sensor,temperature_humidity_sensor,Demo Room,29.3,48.0,Critical,0,Normal Pattern,100,High,Critical Cold-Storage Failure,Critical Cold-Storage Failure,,,
2026-08-13 23:37:11,Real ESP32 Room Sensor,temperature_humidity_sensor,Demo Room,29.3,48.0,Critical,0,Normal Pattern,100,High,Critical Cold-Storage Failure,Critical Cold-Storage Failure,,,
2026-08-13 23:37:13,Real ESP32 Room Sensor,temperature_humidity_sensor,Demo Room,29.3,48.0,Critical,0,Normal Pattern,100,High,Critical Cold-Storage Failure,Critical Cold-Storage Failure,,,
2026-08-13 23:37:15,Real ESP32 Room Sensor,temperature_humidity_sensor,Demo Room,29.3,48.0,Critical,0,Normal Pattern,100,High,Critical Cold-Storage Failure,Critical Cold-Storage Failure,,,
2026-08-13 23:37:17,Real ESP32 Room Sensor,temperature_humidity_sensor,Demo Room,29.3,48.0,Critical,0,Normal Pattern,100,High,Critical Cold-Storage Failure,Critical Cold-Storage Failure,,,
2026-08-13 23:37:20,Real ESP32 Room Sensor,temperature_humidity_sensor,Demo Room,29.3,48.0,Critical,0,Normal Pattern,100,High,Critical Cold-Storage Failure,Critical Cold-Storage Failure,,,
2026-08-13 23:37:22,Real ESP32 Room Sensor,temperature_humidity_sensor,Demo Room,29.3,48.0,Critical,0,Normal Pattern,100,High,Critical Cold-Storage Failure,Critical Cold-Storage Failure,,,
2026-08-13 23:37:24,Real ESP32 Room Sensor,temperature_humidity_sensor,Demo Room,29.3,48.0,Critical,0,Normal Pattern,100,High,Critical Cold-Storage Failure,Critical Cold-Storage Failure,,,
2026-08-13 23:37:27,Real ESP32 Room Sensor,temperature_humidity_sensor,Demo Room,29.3,48.0,Critical,0,Normal Pattern,100,High,Critical Cold-Storage Failure,Critical Cold-Storage Failure,,,
2026-08-13 23:37:29,Real ESP32 Room Sensor,temperature_humidity_sensor,Demo Room,29.3,48.0,Critical,0,Normal Pattern,100,High,Critical Cold-Storage Failure,Critical Cold-Storage Failure,,,
2026-08-13 23:37:31,Real ESP32 Room Sensor,temperature_humidity_sensor,Demo Room,29.3,48.0,Critical,0,Normal Pattern,100,High,Critical Cold-Storage Failure,Critical Cold-Storage Failure,,,
2026-08-13 23:37:33,Real ESP32 Room Sensor,temperature_humidity_sensor,Demo Room,29.3,48.0,Critical,0,Normal Pattern,100,High,Critical Cold-Storage Failure,Critical Cold-Storage Failure,,,
2026-08-13 23:37:35,Real ESP32 Room Sensor,temperature_humidity_sensor,Demo Room,29.3,48.0,Critical,0,Normal Pattern,100,High,Critical Cold-Storage Failure,Critical Cold-Storage Failure,,,
2026-08-13 23:37:38,Real ESP32 Room Sensor,temperature_humidity_sensor,Demo Room,29.3,48.0,Critical,0,Normal Pattern,100,High,Critical Cold-Storage Failure,Critical Cold-Storage Failure,,,
2026-08-13 23:37:40,Real ESP32 Room Sensor,temperature_humidity_sensor,Demo Room,29.3,48.0,Critical,0,Normal Pattern,100,High,Critical Cold-Storage Failure,Critical Cold-Storage Failure,,,
2026-08-13 23:37:42,Real ESP32 Room Sensor,temperature_humidity_sensor,Demo Room,29.3,48.0,Critical,0,Normal Pattern,100,High,Critical Cold-Storage Failure,Critical Cold-Storage Failure,,,
2026-08-13 23:37:44,Real ESP32 Room Sensor,temperature_humidity_sensor,Demo Room,29.3,48.0,Critical,0,Normal Pattern,100,High,Critical Cold-Storage Failure,Critical Cold-Storage Failure,,,
2026-08-13 23:37:47,Real ESP32 Room Sensor,temperature_humidity_sensor,Demo Room,29.3,48.0,Critical,0,Normal Pattern,100,High,Critical Cold-Storage Failure,Critical Cold-Storage Failure,,,
2026-08-13 23:37:49,Real ESP32 Room Sensor,temperature_humidity_sensor,Demo Room,29.3,48.0,Critical,0,Normal Pattern,100,High,Critical Cold-Storage Failure,Critical Cold-Storage Failure,,,
2026-08-13 23:37:51,Real ESP32 Room Sensor,temperature_humidity_sensor,Demo Room,29.3,48.0,Critical,0,Normal Pattern,100,High,Critical Cold-Storage Failure,Critical Cold-Storage Failure,,,
2026-08-13 23:37:54,Real ESP32 Room Sensor,temperature_humidity_sensor,Demo Room,29.3,48.0,Critical,0,Normal Pattern,100,High,Critical Cold-Storage Failure,Critical Cold-Storage Failure,,,
2026-08-13 23:37:56,Real ESP32 Room Sensor,temperature_humidity_sensor,Demo Room,29.3,48.0,Critical,0,Normal Pattern,100,High,Critical Cold-Storage Failure,Critical Cold-Storage Failure,,,
2026-08-13 23:37:58,Real ESP32 Room Sensor,temperature_humidity_sensor,Demo Room,29.3,48.0,Critical,0,Normal Pattern,100,High,Critical Cold-Storage Failure,Critical Cold-Storage Failure,,,
2026-08-13 23:38:01,Real ESP32 Room Sensor,temperature_humidity_sensor,Demo Room,29.3,48.0,Critical,0,Normal Pattern,100,High,Critical Cold-Storage Failure,Critical Cold-Storage Failure,,,
2026-08-13 23:38:03,Real ESP32 Room Sensor,temperature_humidity_sensor,Demo Room,29.3,48.0,Critical,0,Normal Pattern,100,High,Critical Cold-Storage Failure,Critical Cold-Storage Failure,,,
2026-08-13 23:38:05,Real ESP32 Room Sensor,temperature_humidity_sensor,Demo Room,29.3,48.0,Critical,0,Normal Pattern,100,High,Critical Cold-Storage Failure,Critical Cold-Storage Failure,,,
2026-08-13 23:38:08,Real ESP32 Room Sensor,temperature_humidity_sensor,Demo Room,29.3,48.0,Critical,0,Normal Pattern,100,High,Critical Cold-Storage Failure,Critical Cold-Storage Failure,,,
2026-08-13 23:38:11,Real ESP32 Room Sensor,temperature_humidity_sensor,Demo Room,29.3,48.0,Critical,0,Normal Pattern,100,High,Critical Cold-Storage Failure,Critical Cold-Storage Failure,,,
2026-08-13 23:38:13,Real ESP32 Room Sensor,temperature_humidity_sensor,Demo Room,29.3,48.0,Critical,0,Normal Pattern,100,High,Critical Cold-Storage Failure,Critical Cold-Storage Failure,,,
2026-08-13 23:38:15,Real ESP32 Room Sensor,temperature_humidity_sensor,Demo Room,29.3,48.0,Critical,0,Normal Pattern,100,High,Critical Cold-Storage Failure,Critical Cold-Storage Failure,,,
2026-08-13 23:38:18,Real ESP32 Room Sensor,temperature_humidity_sensor,Demo Room,29.3,48.0,Critical,0,Normal Pattern,100,High,Critical Cold-Storage Failure,Critical Cold-Storage Failure,,,
2026-08-13 23:38:20,Real ESP32 Room Sensor,temperature_humidity_sensor,Demo Room,29.3,48.0,Critical,0,Normal Pattern,100,High,Critical Cold-Storage Failure,Critical Cold-Storage Failure,,,
2026-08-13 23:38:22,Real ESP32 Room Sensor,temperature_humidity_sensor,Demo Room,29.3,48.0,Critical,0,Normal Pattern,100,High,Critical Cold-Storage Failure,Critical Cold-Storage Failure,,,
2026-08-13 23:38:24,Real ESP32 Room Sensor,temperature_humidity_sensor,Demo Room,29.3,48.0,Critical,0,Normal Pattern,100,High,Critical Cold-Storage Failure,Critical Cold-Storage Failure,,,
2026-08-13 23:38:27,Real ESP32 Room Sensor,temperature_humidity_sensor,Demo Room,29.3,48.0,Critical,0,Normal Pattern,100,High,Critical Cold-Storage Failure,Critical Cold-Storage Failure,,,
2026-08-13 23:38:29,Real ESP32 Room Sensor,temperature_humidity_sensor,Demo Room,29.3,48.0,Critical,0,Normal Pattern,100,High,Critical Cold-Storage Failure,Critical Cold-Storage Failure,,,
2026-08-13 23:38:31,Real ESP32 Room Sensor,temperature_humidity_sensor,Demo Room,29.3,48.0,Critical,0,Normal Pattern,100,High,Critical Cold-Storage Failure,Critical Cold-Storage Failure,,,
2026-08-13 23:38:34,Real ESP32 Room Sensor,temperature_humidity_sensor,Demo Room,29.3,48.0,Critical,0,Normal Pattern,100,High,Critical Cold-Storage Failure,Critical Cold-Storage Failure,,,
2026-08-13 23:38:36,Real ESP32 Room Sensor,temperature_humidity_sensor,Demo Room,29.3,48.0,Critical,0,Normal Pattern,100,High,Critical Cold-Storage Failure,Critical Cold-Storage Failure,,,
2026-08-13 23:38:38,Real ESP32 Room Sensor,temperature_humidity_sensor,Demo Room,29.3,48.0,Critical,0,Normal Pattern,100,High,Critical Cold-Storage Failure,Critical Cold-Storage Failure,,,
2026-08-13 23:38:40,Real ESP32 Room Sensor,temperature_humidity_sensor,Demo Room,29.3,48.0,Critical,0,Normal Pattern,100,High,Critical Cold-Storage Failure,Critical Cold-Storage Failure,,,
2026-08-13 23:38:43,Real ESP32 Room Sensor,temperature_humidity_sensor,Demo Room,29.3,48.0,Critical,0,Normal Pattern,100,High,Critical Cold-Storage Failure,Critical Cold-Storage Failure,,,
2026-08-13 23:38:45,Real ESP32 Room Sensor,temperature_humidity_sensor,Demo Room,29.3,48.0,Critical,0,Normal Pattern,100,High,Critical Cold-Storage Failure,Critical Cold-Storage Failure,,,
2026-08-13 23:38:47,Real ESP32 Room Sensor,temperature_humidity_sensor,Demo Room,29.3,48.0,Critical,0,Normal Pattern,100,High,Critical Cold-Storage Failure,Critical Cold-Storage Failure,,,
2026-08-13 23:38:51,Real ESP32 Room Sensor,temperature_humidity_sensor,Demo Room,29.3,48.0,Critical,0,Normal Pattern,100,High,Critical Cold-Storage Failure,Critical Cold-Storage Failure,,,
2026-08-13 23:38:53,Real ESP32 Room Sensor,temperature_humidity_sensor,Demo Room,29.3,48.0,Critical,0,Normal Pattern,100,High,Critical Cold-Storage Failure,Critical Cold-Storage Failure,,,
2026-08-13 23:38:55,Real ESP32 Room Sensor,temperature_humidity_sensor,Demo Room,29.3,48.0,Critical,0,Normal Pattern,100,High,Critical Cold-Storage Failure,Critical Cold-Storage Failure,,,
2026-08-13 23:38:58,Real ESP32 Room Sensor,temperature_humidity_sensor,Demo Room,29.3,48.0,Critical,0,Normal Pattern,100,High,Critical Cold-Storage Failure,Critical Cold-Storage Failure,,,
2026-08-13 23:39:00,Real ESP32 Room Sensor,temperature_humidity_sensor,Demo Room,29.3,48.0,Critical,0,Normal Pattern,100,High,Critical Cold-Storage Failure,Critical Cold-Storage Failure,,,
2026-08-13 23:39:02,Real ESP32 Room Sensor,temperature_humidity_sensor,Demo Room,29.3,48.0,Critical,0,Normal Pattern,100,High,Critical Cold-Storage Failure,Critical Cold-Storage Failure,,,
2026-08-13 23:39:04,Real ESP32 Room Sensor,temperature_humidity_sensor,Demo Room,29.3,48.0,Critical,0,Normal Pattern,100,High,Critical Cold-Storage Failure,Critical Cold-Storage Failure,,,
2026-08-13 23:39:07,Real ESP32 Room Sensor,temperature_humidity_sensor,Demo Room,29.3,48.0,Critical,0,Normal Pattern,100,High,Critical Cold-Storage Failure,Critical Cold-Storage Failure,,,
2026-08-13 23:39:09,Real ESP32 Room Sensor,temperature_humidity_sensor,Demo Room,29.3,48.0,Critical,0,Normal Pattern,100,High,Critical Cold-Storage Failure,Critical Cold-Storage Failure,,,
2026-08-13 23:39:11,Real ESP32 Room Sensor,temperature_humidity_sensor,Demo Room,29.3,48.0,Critical,0,Normal Pattern,100,High,Critical Cold-Storage Failure,Critical Cold-Storage Failure,,,
2026-08-13 23:39:14,Real ESP32 Room Sensor,temperature_humidity_sensor,Demo Room,29.3,48.0,Critical,0,Normal Pattern,100,High,Critical Cold-Storage Failure,Critical Cold-Storage Failure,,,
2026-08-13 23:39:17,Real ESP32 Room Sensor,temperature_humidity_sensor,Demo Room,29.3,48.0,Critical,0,Normal Pattern,100,High,Critical Cold-Storage Failure,Critical Cold-Storage Failure,,,
2026-08-13 23:39:20,Real ESP32 Room Sensor,temperature_humidity_sensor,Demo Room,29.3,48.0,Critical,0,Normal Pattern,100,High,Critical Cold-Storage Failure,Critical Cold-Storage Failure,,,
2026-08-13 23:39:22,Real ESP32 Room Sensor,temperature_humidity_sensor,Demo Room,29.3,48.0,Critical,0,Normal Pattern,100,High,Critical Cold-Storage Failure,Critical Cold-Storage Failure,,,
2026-08-13 23:39:24,Real ESP32 Room Sensor,temperature_humidity_sensor,Demo Room,29.3,48.0,Critical,0,Normal Pattern,100,High,Critical Cold-Storage Failure,Critical Cold-Storage Failure,,,
2026-08-13 23:39:26,Real ESP32 Room Sensor,temperature_humidity_sensor,Demo Room,29.3,48.0,Critical,0,Normal Pattern,100,High,Critical Cold-Storage Failure,Critical Cold-Storage Failure,,,
2026-08-13 23:39:29,Real ESP32 Room Sensor,temperature_humidity_sensor,Demo Room,29.3,48.0,Critical,0,Normal Pattern,100,High,Critical Cold-Storage Failure,Critical Cold-Storage Failure,,,
2026-08-13 23:39:31,Real ESP32 Room Sensor,temperature_humidity_sensor,Demo Room,29.3,48.0,Critical,0,Normal Pattern,100,High,Critical Cold-Storage Failure,Critical Cold-Storage Failure,,,
2026-08-13 23:39:33,Real ESP32 Room Sensor,temperature_humidity_sensor,Demo Room,29.3,48.0,Critical,0,Normal Pattern,100,High,Critical Cold-Storage Failure,Critical Cold-Storage Failure,,,
2026-08-13 23:39:36,Real ESP32 Room Sensor,temperature_humidity_sensor,Demo Room,29.3,48.0,Critical,0,Normal Pattern,100,High,Critical Cold-Storage Failure,Critical Cold-Storage Failure,,,
2026-08-13 23:39:38,Real ESP32 Room Sensor,temperature_humidity_sensor,Demo Room,29.3,48.0,Critical,0,Normal Pattern,100,High,Critical Cold-Storage Failure,Critical Cold-Storage Failure,,,
2026-08-13 23:39:40,Real ESP32 Room Sensor,temperature_humidity_sensor,Demo Room,29.3,48.0,Critical,0,Normal Pattern,100,High,Critical Cold-Storage Failure,Critical Cold-Storage Failure,,,
2026-08-13 23:39:42,Real ESP32 Room Sensor,temperature_humidity_sensor,Demo Room,29.3,48.0,Critical,0,Normal Pattern,100,High,Critical Cold-Storage Failure,Critical Cold-Storage Failure,,,
2026-08-13 23:39:45,Real ESP32 Room Sensor,temperature_humidity_sensor,Demo Room,29.3,48.0,Critical,0,Normal Pattern,100,High,Critical Cold-Storage Failure,Critical Cold-Storage Failure,,,
2026-08-13 23:41:43,Real ESP32 Room Sensor,temperature_humidity_sensor,Demo Room,29.3,48.0,Critical,0,Normal Pattern,100,High,Critical Cold-Storage Failure,Critical Cold-Storage Failure,,,
2026-08-13 23:41:45,Real ESP32 Room Sensor,temperature_humidity_sensor,Demo Room,29.3,48.0,Critical,0,Normal Pattern,100,High,Critical Cold-Storage Failure,Critical Cold-Storage Failure,,,
2026-08-13 23:41:47,Real ESP32 Room Sensor,temperature_humidity_sensor,Demo Room,29.3,48.0,Critical,0,Normal Pattern,100,High,Critical Cold-Storage Failure,Critical Cold-Storage Failure,,,
2026-08-13 23:41:49,Real ESP32 Room Sensor,temperature_humidity_sensor,Demo Room,29.3,48.0,Critical,0,Normal Pattern,100,High,Critical Cold-Storage Failure,Critical Cold-Storage Failure,,,
2026-08-13 23:41:52,Real ESP32 Room Sensor,temperature_humidity_sensor,Demo Room,29.3,48.0,Critical,0,Normal Pattern,100,High,Critical Cold-Storage Failure,Critical Cold-Storage Failure,,,
2026-08-13 23:41:54,Real ESP32 Room Sensor,temperature_humidity_sensor,Demo Room,29.3,48.0,Critical,0,Normal Pattern,100,High,Critical Cold-Storage Failure,Critical Cold-Storage Failure,,,
2026-08-13 23:41:56,Real ESP32 Room Sensor,temperature_humidity_sensor,Demo Room,29.3,48.0,Critical,0,Normal Pattern,100,High,Critical Cold-Storage Failure,Critical Cold-Storage Failure,,,
2026-08-13 23:41:58,Real ESP32 Room Sensor,temperature_humidity_sensor,Demo Room,29.3,48.0,Critical,0,Normal Pattern,100,High,Critical Cold-Storage Failure,Critical Cold-Storage Failure,,,
2026-08-13 23:42:01,Real ESP32 Room Sensor,temperature_humidity_sensor,Demo Room,29.3,48.0,Critical,0,Normal Pattern,100,High,Critical Cold-Storage Failure,Critical Cold-Storage Failure,,,
2026-08-13 23:42:03,Real ESP32 Room Sensor,temperature_humidity_sensor,Demo Room,29.3,48.0,Critical,0,Normal Pattern,100,High,Critical Cold-Storage Failure,Critical Cold-Storage Failure,,,
2026-08-13 23:42:05,Real ESP32 Room Sensor,temperature_humidity_sensor,Demo Room,29.3,48.0,Critical,0,Normal Pattern,100,High,Critical Cold-Storage Failure,Critical Cold-Storage Failure,,,
2026-08-13 23:42:07,Real ESP32 Room Sensor,temperature_humidity_sensor,Demo Room,29.3,48.0,Critical,0,Normal Pattern,100,High,Critical Cold-Storage Failure,Critical Cold-Storage Failure,,,
2026-08-13 23:42:09,Real ESP32 Room Sensor,temperature_humidity_sensor,Demo Room,29.3,48.0,Critical,0,Normal Pattern,100,High,Critical Cold-Storage Failure,Critical Cold-Storage Failure,,,
2026-08-13 23:42:12,Real ESP32 Room Sensor,temperature_humidity_sensor,Demo Room,29.3,48.0,Critical,0,Normal Pattern,100,High,Critical Cold-Storage Failure,Critical Cold-Storage Failure,,,
2026-08-13 23:42:14,Real ESP32 Room Sensor,temperature_humidity_sensor,Demo Room,29.3,48.0,Critical,0,Normal Pattern,100,High,Critical Cold-Storage Failure,Critical Cold-Storage Failure,,,
2026-08-13 23:42:16,Real ESP32 Room Sensor,temperature_humidity_sensor,Demo Room,29.3,48.0,Critical,0,Normal Pattern,100,High,Critical Cold-Storage Failure,Critical Cold-Storage Failure,,,
2026-08-13 23:42:19,Real ESP32 Room Sensor,temperature_humidity_sensor,Demo Room,29.3,48.0,Critical,0,Normal Pattern,100,High,Critical Cold-Storage Failure,Critical Cold-Storage Failure,,,
2026-08-13 23:42:21,Real ESP32 Room Sensor,temperature_humidity_sensor,Demo Room,29.3,48.0,Critical,0,Normal Pattern,100,High,Critical Cold-Storage Failure,Critical Cold-Storage Failure,,,
2026-08-13 23:42:23,Real ESP32 Room Sensor,temperature_humidity_sensor,Demo Room,29.3,48.0,Critical,0,Normal Pattern,100,High,Critical Cold-Storage Failure,Critical Cold-Storage Failure,,,
2026-08-13 23:42:25,Real ESP32 Room Sensor,temperature_humidity_sensor,Demo Room,29.3,48.0,Critical,0,Normal Pattern,100,High,Critical Cold-Storage Failure,Critical Cold-Storage Failure,,,
2026-08-13 23:42:38,Real ESP32 Room Sensor,temperature_humidity_sensor,Demo Room,29.3,48.0,Critical,0,Normal Pattern,100,High,Critical Cold-Storage Failure,Critical Cold-Storage Failure,,,
2026-08-13 23:42:40,Real ESP32 Room Sensor,temperature_humidity_sensor,Demo Room,29.3,48.0,Critical,0,Normal Pattern,100,High,Critical Cold-Storage Failure,Critical Cold-Storage Failure,,,
2026-08-13 23:42:42,Real ESP32 Room Sensor,temperature_humidity_sensor,Demo Room,29.3,48.0,Critical,0,Normal Pattern,100,High,Critical Cold-Storage Failure,Critical Cold-Storage Failure,,,
2026-08-13 23:42:44,Real ESP32 Room Sensor,temperature_humidity_sensor,Demo Room,29.3,48.0,Critical,0,Normal Pattern,100,High,Critical Cold-Storage Failure,Critical Cold-Storage Failure,,,
2026-08-13 23:42:47,Real ESP32 Room Sensor,temperature_humidity_sensor,Demo Room,29.3,48.0,Critical,0,Normal Pattern,100,High,Critical Cold-Storage Failure,Critical Cold-Storage Failure,,,
2026-08-13 23:42:49,Real ESP32 Room Sensor,temperature_humidity_sensor,Demo Room,29.3,48.0,Critical,0,Normal Pattern,100,High,Critical Cold-Storage Failure,Critical Cold-Storage Failure,,,
2026-08-13 23:42:51,Real ESP32 Room Sensor,temperature_humidity_sensor,Demo Room,29.3,48.0,Critical,0,Normal Pattern,100,High,Critical Cold-Storage Failure,Critical Cold-Storage Failure,,,
2026-08-13 23:42:53,Real ESP32 Room Sensor,temperature_humidity_sensor,Demo Room,29.3,48.0,Critical,0,Normal Pattern,100,High,Critical Cold-Storage Failure,Critical Cold-Storage Failure,,,
2026-08-13 23:42:56,Real ESP32 Room Sensor,temperature_humidity_sensor,Demo Room,29.3,48.0,Critical,0,Normal Pattern,100,High,Critical Cold-Storage Failure,Critical Cold-Storage Failure,,,
2026-08-13 23:42:58,Real ESP32 Room Sensor,temperature_humidity_sensor,Demo Room,29.3,48.0,Critical,0,Normal Pattern,100,High,Critical Cold-Storage Failure,Critical Cold-Storage Failure,,,
2026-08-13 23:43:00,Real ESP32 Room Sensor,temperature_humidity_sensor,Demo Room,29.3,48.0,Critical,0,Normal Pattern,100,High,Critical Cold-Storage Failure,Critical Cold-Storage Failure,,,
2026-08-13 23:43:02,Real ESP32 Room Sensor,temperature_humidity_sensor,Demo Room,29.3,48.0,Critical,0,Normal Pattern,100,High,Critical Cold-Storage Failure,Critical Cold-Storage Failure,,,
2026-08-13 23:43:05,Real ESP32 Room Sensor,temperature_humidity_sensor,Demo Room,29.3,48.0,Critical,0,Normal Pattern,100,High,Critical Cold-Storage Failure,Critical Cold-Storage Failure,,,
2026-08-13 23:43:07,Real ESP32 Room Sensor,temperature_humidity_sensor,Demo Room,29.3,48.0,Critical,0,Normal Pattern,100,High,Critical Cold-Storage Failure,Critical Cold-Storage Failure,,,
2026-08-13 23:43:09,Real ESP32 Room Sensor,temperature_humidity_sensor,Demo Room,29.3,48.0,Critical,0,Normal Pattern,100,High,Critical Cold-Storage Failure,Critical Cold-Storage Failure,,,
2026-08-13 23:43:11,Real ESP32 Room Sensor,temperature_humidity_sensor,Demo Room,29.3,48.0,Critical,0,Normal Pattern,100,High,Critical Cold-Storage Failure,Critical Cold-Storage Failure,,,
2026-08-13 23:43:14,Real ESP32 Room Sensor,temperature_humidity_sensor,Demo Room,29.3,48.0,Critical,0,Normal Pattern,100,High,Critical Cold-Storage Failure,Critical Cold-Storage Failure,,,
2026-08-13 23:43:16,Real ESP32 Room Sensor,temperature_humidity_sensor,Demo Room,29.3,48.0,Critical,0,Normal Pattern,100,High,Critical Cold-Storage Failure,Critical Cold-Storage Failure,,,
2026-08-13 23:43:18,Real ESP32 Room Sensor,temperature_humidity_sensor,Demo Room,29.3,48.0,Critical,0,Normal Pattern,100,High,Critical Cold-Storage Failure,Critical Cold-Storage Failure,,,
2026-08-13 23:43:20,Real ESP32 Room Sensor,temperature_humidity_sensor,Demo Room,29.3,48.0,Critical,0,Normal Pattern,100,High,Critical Cold-Storage Failure,Critical Cold-Storage Failure,,,
2026-08-13 23:43:23,Real ESP32 Room Sensor,temperature_humidity_sensor,Demo Room,29.3,48.0,Critical,0,Normal Pattern,100,High,Critical Cold-Storage Failure,Critical Cold-Storage Failure,,,
2026-08-13 23:43:25,Real ESP32 Room Sensor,temperature_humidity_sensor,Demo Room,29.3,48.0,Critical,0,Normal Pattern,100,High,Critical Cold-Storage Failure,Critical Cold-Storage Failure,,,
2026-08-13 23:43:27,Real ESP32 Room Sensor,temperature_humidity_sensor,Demo Room,29.3,48.0,Critical,0,Normal Pattern,100,High,Critical Cold-Storage Failure,Critical Cold-Storage Failure,,,
2026-08-13 23:43:29,Real ESP32 Room Sensor,temperature_humidity_sensor,Demo Room,29.3,48.0,Critical,0,Normal Pattern,100,High,Critical Cold-Storage Failure,Critical Cold-Storage Failure,,,
2026-08-13 23:43:32,Real ESP32 Room Sensor,temperature_humidity_sensor,Demo Room,29.3,48.0,Critical,0,Normal Pattern,100,High,Critical Cold-Storage Failure,Critical Cold-Storage Failure,,,
2026-08-13 23:43:34,Real ESP32 Room Sensor,temperature_humidity_sensor,Demo Room,29.3,48.0,Critical,0,Normal Pattern,100,High,Critical Cold-Storage Failure,Critical Cold-Storage Failure,,,
2026-08-13 23:43:36,Real ESP32 Room Sensor,temperature_humidity_sensor,Demo Room,29.3,48.0,Critical,0,Normal Pattern,100,High,Critical Cold-Storage Failure,Critical Cold-Storage Failure,,,
2026-08-13 23:43:39,Real ESP32 Room Sensor,temperature_humidity_sensor,Demo Room,29.3,48.0,Critical,0,Normal Pattern,100,High,Critical Cold-Storage Failure,Critical Cold-Storage Failure,,,
2026-08-13 23:43:41,Real ESP32 Room Sensor,temperature_humidity_sensor,Demo Room,29.3,48.0,Critical,0,Normal Pattern,100,High,Critical Cold-Storage Failure,Critical Cold-Storage Failure,,,
2026-08-13 23:43:43,Real ESP32 Room Sensor,temperature_humidity_sensor,Demo Room,29.3,48.0,Critical,0,Normal Pattern,100,High,Critical Cold-Storage Failure,Critical Cold-Storage Failure,,,
2026-08-13 23:43:45,Real ESP32 Room Sensor,temperature_humidity_sensor,Demo Room,29.3,48.0,Critical,0,Normal Pattern,100,High,Critical Cold-Storage Failure,Critical Cold-Storage Failure,,,
2026-08-13 23:43:48,Real ESP32 Room Sensor,temperature_humidity_sensor,Demo Room,29.3,48.0,Critical,0,Normal Pattern,100,High,Critical Cold-Storage Failure,Critical Cold-Storage Failure,,,
2026-08-13 23:43:50,Real ESP32 Room Sensor,temperature_humidity_sensor,Demo Room,29.3,48.0,Critical,0,Normal Pattern,100,High,Critical Cold-Storage Failure,Critical Cold-Storage Failure,,,
2026-08-13 23:43:52,Real ESP32 Room Sensor,temperature_humidity_sensor,Demo Room,29.3,48.0,Critical,0,Normal Pattern,100,High,Critical Cold-Storage Failure,Critical Cold-Storage Failure,,,
2026-08-13 23:43:54,Real ESP32 Room Sensor,temperature_humidity_sensor,Demo Room,29.3,48.0,Critical,0,Normal Pattern,100,High,Critical Cold-Storage Failure,Critical Cold-Storage Failure,,,
2026-08-13 23:43:57,Real ESP32 Room Sensor,temperature_humidity_sensor,Demo Room,29.3,48.0,Critical,0,Normal Pattern,100,High,Critical Cold-Storage Failure,Critical Cold-Storage Failure,,,
2026-08-13 23:43:59,Real ESP32 Room Sensor,temperature_humidity_sensor,Demo Room,29.3,48.0,Critical,0,Normal Pattern,100,High,Critical Cold-Storage Failure,Critical Cold-Storage Failure,,,
2026-08-13 23:44:01,Real ESP32 Room Sensor,temperature_humidity_sensor,Demo Room,29.3,48.0,Critical,0,Normal Pattern,100,High,Critical Cold-Storage Failure,Critical Cold-Storage Failure,,,
2026-08-13 23:44:03,Real ESP32 Room Sensor,temperature_humidity_sensor,Demo Room,29.3,48.0,Critical,0,Normal Pattern,100,High,Critical Cold-Storage Failure,Critical Cold-Storage Failure,,,
2026-08-13 23:44:06,Real ESP32 Room Sensor,temperature_humidity_sensor,Demo Room,29.3,48.0,Critical,0,Normal Pattern,100,High,Critical Cold-Storage Failure,Critical Cold-Storage Failure,,,
2026-08-13 23:44:08,Real ESP32 Room Sensor,temperature_humidity_sensor,Demo Room,29.3,48.0,Critical,0,Normal Pattern,100,High,Critical Cold-Storage Failure,Critical Cold-Storage Failure,,,
2026-08-13 23:44:10,Real ESP32 Room Sensor,temperature_humidity_sensor,Demo Room,29.3,48.0,Critical,0,Normal Pattern,100,High,Critical Cold-Storage Failure,Critical Cold-Storage Failure,,,
2026-08-13 23:44:12,Real ESP32 Room Sensor,temperature_humidity_sensor,Demo Room,29.3,48.0,Critical,0,Normal Pattern,100,High,Critical Cold-Storage Failure,Critical Cold-Storage Failure,,,
2026-08-13 23:44:15,Real ESP32 Room Sensor,temperature_humidity_sensor,Demo Room,29.3,48.0,Critical,0,Normal Pattern,100,High,Critical Cold-Storage Failure,Critical Cold-Storage Failure,,,
2026-08-13 23:44:17,Real ESP32 Room Sensor,temperature_humidity_sensor,Demo Room,29.3,48.0,Critical,0,Normal Pattern,100,High,Critical Cold-Storage Failure,Critical Cold-Storage Failure,,,
2026-08-13 23:44:19,Real ESP32 Room Sensor,temperature_humidity_sensor,Demo Room,29.3,48.0,Critical,0,Normal Pattern,100,High,Critical Cold-Storage Failure,Critical Cold-Storage Failure,,,
2026-08-13 23:44:21,Real ESP32 Room Sensor,temperature_humidity_sensor,Demo Room,29.3,48.0,Critical,0,Normal Pattern,100,High,Critical Cold-Storage Failure,Critical Cold-Storage Failure,,,
2026-08-13 23:44:24,Real ESP32 Room Sensor,temperature_humidity_sensor,Demo Room,29.3,48.0,Critical,0,Normal Pattern,100,High,Critical Cold-Storage Failure,Critical Cold-Storage Failure,,,
2026-08-13 23:44:26,Real ESP32 Room Sensor,temperature_humidity_sensor,Demo Room,29.3,48.0,Critical,0,Normal Pattern,100,High,Critical Cold-Storage Failure,Critical Cold-Storage Failure,,,
2026-08-13 23:44:28,Real ESP32 Room Sensor,temperature_humidity_sensor,Demo Room,29.3,48.0,Critical,0,Normal Pattern,100,High,Critical Cold-Storage Failure,Critical Cold-Storage Failure,,,
2026-08-13 23:44:30,Real ESP32 Room Sensor,temperature_humidity_sensor,Demo Room,29.3,48.0,Critical,0,Normal Pattern,100,High,Critical Cold-Storage Failure,Critical Cold-Storage Failure,,,
2026-08-13 23:44:33,Real ESP32 Room Sensor,temperature_humidity_sensor,Demo Room,29.3,48.0,Critical,0,Normal Pattern,100,High,Critical Cold-Storage Failure,Critical Cold-Storage Failure,,,
2026-08-13 23:44:35,Real ESP32 Room Sensor,temperature_humidity_sensor,Demo Room,29.3,48.0,Critical,0,Normal Pattern,100,High,Critical Cold-Storage Failure,Critical Cold-Storage Failure,,,
2026-08-13 23:44:37,Real ESP32 Room Sensor,temperature_humidity_sensor,Demo Room,29.3,48.0,Critical,0,Normal Pattern,100,High,Critical Cold-Storage Failure,Critical Cold-Storage Failure,,,
2026-08-13 23:44:39,Real ESP32 Room Sensor,temperature_humidity_sensor,Demo Room,29.3,48.0,Critical,0,Normal Pattern,100,High,Critical Cold-Storage Failure,Critical Cold-Storage Failure,,,
2026-08-13 23:44:42,Real ESP32 Room Sensor,temperature_humidity_sensor,Demo Room,29.3,48.0,Critical,0,Normal Pattern,100,High,Critical Cold-Storage Failure,Critical Cold-Storage Failure,,,
2026-08-13 23:44:44,Real ESP32 Room Sensor,temperature_humidity_sensor,Demo Room,29.3,48.0,Critical,0,Normal Pattern,100,High,Critical Cold-Storage Failure,Critical Cold-Storage Failure,,,
2026-08-13 23:44:46,Real ESP32 Room Sensor,temperature_humidity_sensor,Demo Room,29.3,48.0,Critical,0,Normal Pattern,100,High,Critical Cold-Storage Failure,Critical Cold-Storage Failure,,,
2026-08-13 23:44:48,Real ESP32 Room Sensor,temperature_humidity_sensor,Demo Room,29.3,48.0,Critical,0,Normal Pattern,100,High,Critical Cold-Storage Failure,Critical Cold-Storage Failure,,,
2026-08-13 23:44:51,Real ESP32 Room Sensor,temperature_humidity_sensor,Demo Room,29.3,48.0,Critical,0,Normal Pattern,100,High,Critical Cold-Storage Failure,Critical Cold-Storage Failure,,,
2026-08-13 23:44:53,Real ESP32 Room Sensor,temperature_humidity_sensor,Demo Room,29.3,48.0,Critical,0,Normal Pattern,100,High,Critical Cold-Storage Failure,Critical Cold-Storage Failure,,,
2026-08-13 23:44:55,Real ESP32 Room Sensor,temperature_humidity_sensor,Demo Room,29.3,48.0,Critical,0,Normal Pattern,100,High,Critical Cold-Storage Failure,Critical Cold-Storage Failure,,,
2026-08-13 23:44:57,Real ESP32 Room Sensor,temperature_humidity_sensor,Demo Room,29.3,48.0,Critical,0,Normal Pattern,100,High,Critical Cold-Storage Failure,Critical Cold-Storage Failure,,,
2026-08-13 23:45:00,Real ESP32 Room Sensor,temperature_humidity_sensor,Demo Room,29.3,48.0,Critical,0,Normal Pattern,100,High,Critical Cold-Storage Failure,Critical Cold-Storage Failure,,,
2026-08-13 23:45:04,Real ESP32 Room Sensor,temperature_humidity_sensor,Demo Room,29.3,48.0,Critical,0,Normal Pattern,100,High,Critical Cold-Storage Failure,Critical Cold-Storage Failure,,,
2026-08-13 23:45:07,Real ESP32 Room Sensor,temperature_humidity_sensor,Demo Room,29.3,48.0,Critical,0,Normal Pattern,100,High,Critical Cold-Storage Failure,Critical Cold-Storage Failure,,,
2026-08-13 23:45:09,Real ESP32 Room Sensor,temperature_humidity_sensor,Demo Room,29.3,48.0,Critical,0,Normal Pattern,100,High,Critical Cold-Storage Failure,Critical Cold-Storage Failure,,,
2026-08-13 23:45:14,Real ESP32 Room Sensor,temperature_humidity_sensor,Demo Room,29.3,48.0,Critical,0,Normal Pattern,100,High,Critical Cold-Storage Failure,Critical Cold-Storage Failure,,,
2026-08-13 23:45:17,Real ESP32 Room Sensor,temperature_humidity_sensor,Demo Room,29.3,48.0,Critical,0,Normal Pattern,100,High,Critical Cold-Storage Failure,Critical Cold-Storage Failure,,,
2026-08-13 23:45:19,Real ESP32 Room Sensor,temperature_humidity_sensor,Demo Room,29.3,48.0,Critical,0,Normal Pattern,100,High,Critical Cold-Storage Failure,Critical Cold-Storage Failure,,,
2026-08-13 23:45:24,Real ESP32 Room Sensor,temperature_humidity_sensor,Demo Room,29.3,48.0,Critical,0,Normal Pattern,100,High,Critical Cold-Storage Failure,Critical Cold-Storage Failure,,,
2026-08-13 23:45:26,Real ESP32 Room Sensor,temperature_humidity_sensor,Demo Room,29.3,48.0,Critical,0,Normal Pattern,100,High,Critical Cold-Storage Failure,Critical Cold-Storage Failure,,,
2026-08-13 23:45:29,Real ESP32 Room Sensor,temperature_humidity_sensor,Demo Room,29.3,48.0,Critical,0,Normal Pattern,100,High,Critical Cold-Storage Failure,Critical Cold-Storage Failure,,,
2026-08-13 23:45:31,Real ESP32 Room Sensor,temperature_humidity_sensor,Demo Room,29.3,48.0,Critical,0,Normal Pattern,100,High,Critical Cold-Storage Failure,Critical Cold-Storage Failure,,,
2026-08-13 23:45:36,Real ESP32 Room Sensor,temperature_humidity_sensor,Demo Room,29.3,49.0,Critical,0,Normal Pattern,100,High,Critical Cold-Storage Failure,Critical Cold-Storage Failure,,,
2026-08-13 23:45:39,Real ESP32 Room Sensor,temperature_humidity_sensor,Demo Room,29.3,49.0,Critical,0,Normal Pattern,100,High,Critical Cold-Storage Failure,Critical Cold-Storage Failure,,,
2026-08-13 23:45:41,Real ESP32 Room Sensor,temperature_humidity_sensor,Demo Room,29.3,48.0,Critical,0,Normal Pattern,100,High,Critical Cold-Storage Failure,Critical Cold-Storage Failure,,,
2026-08-13 23:45:43,Real ESP32 Room Sensor,temperature_humidity_sensor,Demo Room,29.3,49.0,Critical,0,Normal Pattern,100,High,Critical Cold-Storage Failure,Critical Cold-Storage Failure,,,
2026-08-13 23:45:46,Real ESP32 Room Sensor,temperature_humidity_sensor,Demo Room,29.3,49.0,Critical,0,Normal Pattern,100,High,Critical Cold-Storage Failure,Critical Cold-Storage Failure,,,
2026-08-13 23:45:48,Real ESP32 Room Sensor,temperature_humidity_sensor,Demo Room,29.3,49.0,Critical,0,Normal Pattern,100,High,Critical Cold-Storage Failure,Critical Cold-Storage Failure,,,
2026-08-13 23:45:51,Real ESP32 Room Sensor,temperature_humidity_sensor,Demo Room,29.3,49.0,Critical,0,Normal Pattern,100,High,Critical Cold-Storage Failure,Critical Cold-Storage Failure,,,
2026-08-13 23:45:53,Real ESP32 Room Sensor,temperature_humidity_sensor,Demo Room,29.3,49.0,Critical,0,Normal Pattern,100,High,Critical Cold-Storage Failure,Critical Cold-Storage Failure,,,
2026-08-13 23:45:55,Real ESP32 Room Sensor,temperature_humidity_sensor,Demo Room,29.3,49.0,Critical,0,Normal Pattern,100,High,Critical Cold-Storage Failure,Critical Cold-Storage Failure,,,
2026-08-13 23:45:57,Real ESP32 Room Sensor,temperature_humidity_sensor,Demo Room,29.3,49.0,Critical,0,Normal Pattern,100,High,Critical Cold-Storage Failure,Critical Cold-Storage Failure,,,
2026-08-13 23:45:59,Real ESP32 Room Sensor,temperature_humidity_sensor,Demo Room,29.3,48.0,Critical,0,Normal Pattern,100,High,Critical Cold-Storage Failure,Critical Cold-Storage Failure,,,
2026-08-13 23:46:02,Real ESP32 Room Sensor,temperature_humidity_sensor,Demo Room,29.3,49.0,Critical,0,Normal Pattern,100,High,Critical Cold-Storage Failure,Critical Cold-Storage Failure,,,
2026-08-13 23:46:04,Real ESP32 Room Sensor,temperature_humidity_sensor,Demo Room,29.3,49.0,Critical,0,Normal Pattern,100,High,Critical Cold-Storage Failure,Critical Cold-Storage Failure,,,
2026-08-13 23:46:06,Real ESP32 Room Sensor,temperature_humidity_sensor,Demo Room,29.3,49.0,Critical,0,Normal Pattern,100,High,Critical Cold-Storage Failure,Critical Cold-Storage Failure,,,
2026-08-13 23:46:08,Real ESP32 Room Sensor,temperature_humidity_sensor,Demo Room,29.3,49.0,Critical,0,Normal Pattern,100,High,Critical Cold-Storage Failure,Critical Cold-Storage Failure,,,
2026-08-13 23:46:11,Real ESP32 Room Sensor,temperature_humidity_sensor,Demo Room,29.3,49.0,Critical,0,Normal Pattern,100,High,Critical Cold-Storage Failure,Critical Cold-Storage Failure,,,
2026-08-13 23:46:13,Real ESP32 Room Sensor,temperature_humidity_sensor,Demo Room,29.3,49.0,Critical,0,Normal Pattern,100,High,Critical Cold-Storage Failure,Critical Cold-Storage Failure,,,
2026-08-13 23:46:15,Real ESP32 Room Sensor,temperature_humidity_sensor,Demo Room,29.3,49.0,Critical,0,Normal Pattern,100,High,Critical Cold-Storage Failure,Critical Cold-Storage Failure,,,
2026-08-13 23:46:17,Real ESP32 Room Sensor,temperature_humidity_sensor,Demo Room,29.3,49.0,Critical,0,Normal Pattern,100,High,Critical Cold-Storage Failure,Critical Cold-Storage Failure,,,
2026-08-13 23:46:20,Real ESP32 Room Sensor,temperature_humidity_sensor,Demo Room,29.3,49.0,Critical,0,Normal Pattern,100,High,Critical Cold-Storage Failure,Critical Cold-Storage Failure,,,
2026-08-13 23:46:22,Real ESP32 Room Sensor,temperature_humidity_sensor,Demo Room,29.3,49.0,Critical,0,Normal Pattern,100,High,Critical Cold-Storage Failure,Critical Cold-Storage Failure,,,
2026-08-13 23:46:24,Real ESP32 Room Sensor,temperature_humidity_sensor,Demo Room,29.3,49.0,Critical,0,Normal Pattern,100,High,Critical Cold-Storage Failure,Critical Cold-Storage Failure,,,
2026-08-13 23:46:26,Real ESP32 Room Sensor,temperature_humidity_sensor,Demo Room,29.3,49.0,Critical,0,Normal Pattern,100,High,Critical Cold-Storage Failure,Critical Cold-Storage Failure,,,
2026-08-13 23:46:29,Real ESP32 Room Sensor,temperature_humidity_sensor,Demo Room,29.4,49.0,Critical,0,Normal Pattern,100,High,Critical Cold-Storage Failure,Critical Cold-Storage Failure,,,
2026-08-13 23:46:31,Real ESP32 Room Sensor,temperature_humidity_sensor,Demo Room,29.3,49.0,Critical,0,Normal Pattern,100,High,Critical Cold-Storage Failure,Critical Cold-Storage Failure,,,
2026-08-13 23:46:33,Real ESP32 Room Sensor,temperature_humidity_sensor,Demo Room,29.4,49.0,Critical,0,Normal Pattern,100,High,Critical Cold-Storage Failure,Critical Cold-Storage Failure,,,
2026-08-13 23:46:35,Real ESP32 Room Sensor,temperature_humidity_sensor,Demo Room,29.3,49.0,Critical,0,Normal Pattern,100,High,Critical Cold-Storage Failure,Critical Cold-Storage Failure,,,
2026-08-13 23:46:37,Real ESP32 Room Sensor,temperature_humidity_sensor,Demo Room,29.4,49.0,Critical,0,Normal Pattern,100,High,Critical Cold-Storage Failure,Critical Cold-Storage Failure,,,
2026-08-13 23:46:40,Real ESP32 Room Sensor,temperature_humidity_sensor,Demo Room,29.4,49.0,Critical,0,Normal Pattern,100,High,Critical Cold-Storage Failure,Critical Cold-Storage Failure,,,
2026-08-13 23:46:42,Real ESP32 Room Sensor,temperature_humidity_sensor,Demo Room,29.5,49.0,Critical,0,Normal Pattern,100,High,Critical Cold-Storage Failure,Critical Cold-Storage Failure,,,
2026-08-13 23:46:44,Real ESP32 Room Sensor,temperature_humidity_sensor,Demo Room,29.6,49.0,Critical,0,Normal Pattern,100,High,Critical Cold-Storage Failure,Critical Cold-Storage Failure,,,
2026-08-13 23:46:46,Real ESP32 Room Sensor,temperature_humidity_sensor,Demo Room,29.7,49.0,Critical,0,Normal Pattern,100,High,Critical Cold-Storage Failure,Critical Cold-Storage Failure,,,
2026-08-13 23:46:49,Real ESP32 Room Sensor,temperature_humidity_sensor,Demo Room,29.8,49.0,Critical,0,Normal Pattern,100,High,Critical Cold-Storage Failure,Critical Cold-Storage Failure,,,
2026-08-13 23:46:54,Real ESP32 Room Sensor,temperature_humidity_sensor,Demo Room,29.8,49.0,Critical,0,Normal Pattern,100,High,Critical Cold-Storage Failure,Critical Cold-Storage Failure,,,
2026-08-13 23:46:57,Real ESP32 Room Sensor,temperature_humidity_sensor,Demo Room,29.8,49.0,Critical,0,Normal Pattern,100,High,Critical Cold-Storage Failure,Critical Cold-Storage Failure,,,
2026-08-13 23:47:01,Real ESP32 Room Sensor,temperature_humidity_sensor,Demo Room,29.7,49.0,Critical,0,Normal Pattern,100,High,Critical Cold-Storage Failure,Critical Cold-Storage Failure,,,
2026-08-13 23:47:06,Real ESP32 Room Sensor,temperature_humidity_sensor,Demo Room,29.7,49.0,Critical,0,Normal Pattern,100,High,Critical Cold-Storage Failure,Critical Cold-Storage Failure,,,
2026-08-13 23:47:08,Real ESP32 Room Sensor,temperature_humidity_sensor,Demo Room,29.7,49.0,Critical,0,Normal Pattern,100,High,Critical Cold-Storage Failure,Critical Cold-Storage Failure,,,
2026-08-13 23:47:11,Real ESP32 Room Sensor,temperature_humidity_sensor,Demo Room,29.5,49.0,Critical,0,Normal Pattern,100,High,Critical Cold-Storage Failure,Critical Cold-Storage Failure,,,
2026-08-13 23:47:13,Real ESP32 Room Sensor,temperature_humidity_sensor,Demo Room,29.6,49.0,Critical,0,Normal Pattern,100,High,Critical Cold-Storage Failure,Critical Cold-Storage Failure,,,
2026-08-13 23:47:18,Real ESP32 Room Sensor,temperature_humidity_sensor,Demo Room,29.8,49.0,Critical,0,Normal Pattern,100,High,Critical Cold-Storage Failure,Critical Cold-Storage Failure,,,
2026-08-13 23:47:20,Real ESP32 Room Sensor,temperature_humidity_sensor,Demo Room,29.8,49.0,Critical,0,Normal Pattern,100,High,Critical Cold-Storage Failure,Critical Cold-Storage Failure,,,
2026-08-13 23:47:22,Real ESP32 Room Sensor,temperature_humidity_sensor,Demo Room,29.8,49.0,Critical,0,Normal Pattern,100,High,Critical Cold-Storage Failure,Critical Cold-Storage Failure,,,
2026-08-13 23:47:28,Real ESP32 Room Sensor,temperature_humidity_sensor,Demo Room,29.8,49.0,Critical,0,Normal Pattern,100,High,Critical Cold-Storage Failure,Critical Cold-Storage Failure,,,
2026-08-13 23:47:37,Real ESP32 Room Sensor,temperature_humidity_sensor,Demo Room,29.8,49.0,Critical,0,Normal Pattern,100,High,Critical Cold-Storage Failure,Critical Cold-Storage Failure,,,
2026-08-13 23:47:40,Real ESP32 Room Sensor,temperature_humidity_sensor,Demo Room,29.6,49.0,Critical,0,Normal Pattern,100,High,Critical Cold-Storage Failure,Critical Cold-Storage Failure,,,
2026-08-13 23:47:41,Real ESP32 Room Sensor,temperature_humidity_sensor,Demo Room,29.8,49.0,Critical,0,Normal Pattern,100,High,Critical Cold-Storage Failure,Critical Cold-Storage Failure,,,
2026-08-13 23:47:42,Real ESP32 Room Sensor,temperature_humidity_sensor,Demo Room,29.7,49.0,Critical,0,Normal Pattern,100,High,Critical Cold-Storage Failure,Critical Cold-Storage Failure,,,
2026-08-13 23:47:44,Real ESP32 Room Sensor,temperature_humidity_sensor,Demo Room,29.8,49.0,Critical,0,Normal Pattern,100,High,Critical Cold-Storage Failure,Critical Cold-Storage Failure,,,
2026-08-13 23:47:47,Real ESP32 Room Sensor,temperature_humidity_sensor,Demo Room,29.8,49.0,Critical,0,Normal Pattern,100,High,Critical Cold-Storage Failure,Critical Cold-Storage Failure,,,
2026-08-13 23:47:49,Real ESP32 Room Sensor,temperature_humidity_sensor,Demo Room,29.8,49.0,Critical,0,Normal Pattern,100,High,Critical Cold-Storage Failure,Critical Cold-Storage Failure,,,
2026-08-13 23:47:51,Real ESP32 Room Sensor,temperature_humidity_sensor,Demo Room,29.8,49.0,Critical,0,Normal Pattern,100,High,Critical Cold-Storage Failure,Critical Cold-Storage Failure,,,
2026-08-13 23:47:53,Real ESP32 Room Sensor,temperature_humidity_sensor,Demo Room,29.8,49.0,Critical,0,Normal Pattern,100,High,Critical Cold-Storage Failure,Critical Cold-Storage Failure,,,
2026-08-13 23:47:56,Real ESP32 Room Sensor,temperature_humidity_sensor,Demo Room,29.8,49.0,Critical,0,Normal Pattern,100,High,Critical Cold-Storage Failure,Critical Cold-Storage Failure,,,
2026-08-13 23:47:58,Real ESP32 Room Sensor,temperature_humidity_sensor,Demo Room,29.8,49.0,Critical,0,Normal Pattern,100,High,Critical Cold-Storage Failure,Critical Cold-Storage Failure,,,
2026-08-13 23:48:04,Real ESP32 Room Sensor,temperature_humidity_sensor,Demo Room,29.8,49.0,Critical,0,Normal Pattern,100,High,Critical Cold-Storage Failure,Critical Cold-Storage Failure,,,
2026-08-13 23:48:06,Real ESP32 Room Sensor,temperature_humidity_sensor,Demo Room,29.8,49.0,Critical,0,Normal Pattern,100,High,Critical Cold-Storage Failure,Critical Cold-Storage Failure,,,
2026-08-13 23:48:08,Real ESP32 Room Sensor,temperature_humidity_sensor,Demo Room,29.8,49.0,Critical,0,Normal Pattern,100,High,Critical Cold-Storage Failure,Critical Cold-Storage Failure,,,
2026-08-13 23:48:11,Real ESP32 Room Sensor,temperature_humidity_sensor,Demo Room,29.8,49.0,Critical,0,Normal Pattern,100,High,Critical Cold-Storage Failure,Critical Cold-Storage Failure,,,
2026-08-13 23:48:13,Real ESP32 Room Sensor,temperature_humidity_sensor,Demo Room,29.8,49.0,Critical,0,Normal Pattern,100,High,Critical Cold-Storage Failure,Critical Cold-Storage Failure,,,
2026-08-13 23:48:15,Real ESP32 Room Sensor,temperature_humidity_sensor,Demo Room,29.8,49.0,Critical,0,Normal Pattern,100,High,Critical Cold-Storage Failure,Critical Cold-Storage Failure,,,
2026-08-13 23:48:17,Real ESP32 Room Sensor,temperature_humidity_sensor,Demo Room,29.8,49.0,Critical,0,Normal Pattern,100,High,Critical Cold-Storage Failure,Critical Cold-Storage Failure,,,
2026-08-13 23:48:20,Real ESP32 Room Sensor,temperature_humidity_sensor,Demo Room,29.8,49.0,Critical,0,Normal Pattern,100,High,Critical Cold-Storage Failure,Critical Cold-Storage Failure,,,
2026-08-13 23:48:22,Real ESP32 Room Sensor,temperature_humidity_sensor,Demo Room,29.8,49.0,Critical,0,Normal Pattern,100,High,Critical Cold-Storage Failure,Critical Cold-Storage Failure,,,
2026-08-13 23:48:24,Real ESP32 Room Sensor,temperature_humidity_sensor,Demo Room,29.8,49.0,Critical,0,Normal Pattern,100,High,Critical Cold-Storage Failure,Critical Cold-Storage Failure,,,
2026-08-13 23:48:26,Real ESP32 Room Sensor,temperature_humidity_sensor,Demo Room,29.8,49.0,Critical,0,Normal Pattern,100,High,Critical Cold-Storage Failure,Critical Cold-Storage Failure,,,
2026-08-13 23:48:29,Real ESP32 Room Sensor,temperature_humidity_sensor,Demo Room,29.8,49.0,Critical,0,Normal Pattern,100,High,Critical Cold-Storage Failure,Critical Cold-Storage Failure,,,
2026-08-13 23:48:31,Real ESP32 Room Sensor,temperature_humidity_sensor,Demo Room,29.8,49.0,Critical,0,Normal Pattern,100,High,Critical Cold-Storage Failure,Critical Cold-Storage Failure,,,
2026-08-13 23:48:35,Real ESP32 Room Sensor,temperature_humidity_sensor,Demo Room,29.8,49.0,Critical,0,Normal Pattern,100,High,Critical Cold-Storage Failure,Critical Cold-Storage Failure,,,
2026-08-13 23:48:38,Real ESP32 Room Sensor,temperature_humidity_sensor,Demo Room,29.8,49.0,Critical,0,Normal Pattern,100,High,Critical Cold-Storage Failure,Critical Cold-Storage Failure,,,
2026-08-14 11:18:03,Real ESP32 Room Sensor,temperature_humidity_sensor,Demo Room,29.8,49.0,Critical,1,Anomalous,31,Medium,Critical Cold-Storage Failure,Possible Cyber Attack,,,
2026-08-14 11:18:05,Real ESP32 Room Sensor,temperature_humidity_sensor,Demo Room,29.8,49.0,Critical,1,Anomalous,31,Medium,Critical Cold-Storage Failure,Possible Cyber Attack,,,
2026-08-14 11:18:08,Real ESP32 Room Sensor,temperature_humidity_sensor,Demo Room,29.8,49.0,Critical,1,Anomalous,31,Medium,Critical Cold-Storage Failure,Possible Cyber Attack,,,
2026-08-14 11:18:10,Real ESP32 Room Sensor,temperature_humidity_sensor,Demo Room,29.8,49.0,Critical,1,Anomalous,31,Medium,Critical Cold-Storage Failure,Possible Cyber Attack,,,
2026-08-14 11:18:13,Real ESP32 Room Sensor,temperature_humidity_sensor,Demo Room,29.8,49.0,Critical,1,Anomalous,31,Medium,Critical Cold-Storage Failure,Possible Cyber Attack,,,
2026-08-14 11:18:15,Real ESP32 Room Sensor,temperature_humidity_sensor,Demo Room,29.8,49.0,Critical,1,Anomalous,31,Medium,Critical Cold-Storage Failure,Possible Cyber Attack,,,
2026-08-14 11:18:17,Real ESP32 Room Sensor,temperature_humidity_sensor,Demo Room,29.8,49.0,Critical,1,Anomalous,31,Medium,Critical Cold-Storage Failure,Possible Cyber Attack,,,
2026-08-14 11:18:20,Real ESP32 Room Sensor,temperature_humidity_sensor,Demo Room,29.8,49.0,Critical,1,Anomalous,31,Medium,Critical Cold-Storage Failure,Possible Cyber Attack,,,
2026-08-14 11:18:22,Real ESP32 Room Sensor,temperature_humidity_sensor,Demo Room,29.8,49.0,Critical,1,Anomalous,31,Medium,Critical Cold-Storage Failure,Possible Cyber Attack,,,
2026-08-14 11:18:24,Real ESP32 Room Sensor,temperature_humidity_sensor,Demo Room,29.8,49.0,Critical,1,Anomalous,31,Medium,Critical Cold-Storage Failure,Possible Cyber Attack,,,
2026-08-14 11:18:27,Real ESP32 Room Sensor,temperature_humidity_sensor,Demo Room,29.8,49.0,Critical,1,Anomalous,31,Medium,Critical Cold-Storage Failure,Possible Cyber Attack,,,
2026-08-14 11:18:29,Real ESP32 Room Sensor,temperature_humidity_sensor,Demo Room,29.8,49.0,Critical,1,Anomalous,31,Medium,Critical Cold-Storage Failure,Possible Cyber Attack,,,
2026-08-14 11:18:31,Real ESP32 Room Sensor,temperature_humidity_sensor,Demo Room,29.8,49.0,Critical,1,Anomalous,31,Medium,Critical Cold-Storage Failure,Possible Cyber Attack,,,
2026-08-14 11:18:34,Real ESP32 Room Sensor,temperature_humidity_sensor,Demo Room,29.8,49.0,Critical,1,Anomalous,31,Medium,Critical Cold-Storage Failure,Possible Cyber Attack,,,
2026-08-14 11:18:36,Real ESP32 Room Sensor,temperature_humidity_sensor,Demo Room,29.8,49.0,Critical,1,Anomalous,31,Medium,Critical Cold-Storage Failure,Possible Cyber Attack,,,
2026-08-14 11:18:38,Real ESP32 Room Sensor,temperature_humidity_sensor,Demo Room,29.8,49.0,Critical,1,Anomalous,31,Medium,Critical Cold-Storage Failure,Possible Cyber Attack,,,
2026-08-14 11:18:40,Real ESP32 Room Sensor,temperature_humidity_sensor,Demo Room,29.8,49.0,Critical,1,Anomalous,31,Medium,Critical Cold-Storage Failure,Possible Cyber Attack,,,
2026-08-14 11:18:43,Real ESP32 Room Sensor,temperature_humidity_sensor,Demo Room,29.8,49.0,Critical,1,Anomalous,31,Medium,Critical Cold-Storage Failure,Possible Cyber Attack,,,
2026-08-14 11:18:45,Real ESP32 Room Sensor,temperature_humidity_sensor,Demo Room,29.8,49.0,Critical,1,Anomalous,31,Medium,Critical Cold-Storage Failure,Possible Cyber Attack,,,
2026-08-14 11:18:47,Real ESP32 Room Sensor,temperature_humidity_sensor,Demo Room,29.8,49.0,Critical,1,Anomalous,31,Medium,Critical Cold-Storage Failure,Possible Cyber Attack,,,
2026-08-14 11:18:51,Real ESP32 Room Sensor,temperature_humidity_sensor,Demo Room,29.8,49.0,Critical,1,Anomalous,31,Medium,Critical Cold-Storage Failure,Possible Cyber Attack,,,
2026-08-14 11:18:54,Real ESP32 Room Sensor,temperature_humidity_sensor,Demo Room,29.8,49.0,Critical,1,Anomalous,31,Medium,Critical Cold-Storage Failure,Possible Cyber Attack,,,
2026-08-14 11:18:56,Real ESP32 Room Sensor,temperature_humidity_sensor,Demo Room,29.8,49.0,Critical,1,Anomalous,31,Medium,Critical Cold-Storage Failure,Possible Cyber Attack,,,
2026-08-14 11:18:58,Real ESP32 Room Sensor,temperature_humidity_sensor,Demo Room,29.8,49.0,Critical,1,Anomalous,31,Medium,Critical Cold-Storage Failure,Possible Cyber Attack,,,
2026-08-14 11:19:01,Real ESP32 Room Sensor,temperature_humidity_sensor,Demo Room,29.8,49.0,Critical,1,Anomalous,31,Medium,Critical Cold-Storage Failure,Possible Cyber Attack,,,
2026-08-14 11:19:03,Real ESP32 Room Sensor,temperature_humidity_sensor,Demo Room,29.8,49.0,Critical,1,Anomalous,31,Medium,Critical Cold-Storage Failure,Possible Cyber Attack,,,
2026-08-14 11:19:05,Real ESP32 Room Sensor,temperature_humidity_sensor,Demo Room,29.8,49.0,Critical,1,Anomalous,31,Medium,Critical Cold-Storage Failure,Possible Cyber Attack,,,
2026-08-14 11:19:08,Real ESP32 Room Sensor,temperature_humidity_sensor,Demo Room,29.8,49.0,Critical,1,Anomalous,31,Medium,Critical Cold-Storage Failure,Possible Cyber Attack,,,
2026-08-14 11:19:10,Real ESP32 Room Sensor,temperature_humidity_sensor,Demo Room,29.8,49.0,Critical,1,Anomalous,31,Medium,Critical Cold-Storage Failure,Possible Cyber Attack,,,
2026-08-14 11:19:12,Real ESP32 Room Sensor,temperature_humidity_sensor,Demo Room,29.8,49.0,Critical,1,Anomalous,31,Medium,Critical Cold-Storage Failure,Possible Cyber Attack,,,
2026-08-14 11:19:15,Real ESP32 Room Sensor,temperature_humidity_sensor,Demo Room,29.8,49.0,Critical,1,Anomalous,31,Medium,Critical Cold-Storage Failure,Possible Cyber Attack,,,
2026-08-14 11:19:17,Real ESP32 Room Sensor,temperature_humidity_sensor,Demo Room,29.8,49.0,Critical,1,Anomalous,31,Medium,Critical Cold-Storage Failure,Possible Cyber Attack,,,
2026-08-14 11:19:20,Real ESP32 Room Sensor,temperature_humidity_sensor,Demo Room,29.8,49.0,Critical,1,Anomalous,31,Medium,Critical Cold-Storage Failure,Possible Cyber Attack,,,
2026-08-14 11:19:28,Real ESP32 Room Sensor,temperature_humidity_sensor,Demo Room,29.8,49.0,Critical,1,Anomalous,31,Medium,Critical Cold-Storage Failure,Possible Cyber Attack,,,
2026-08-14 11:19:34,Real ESP32 Room Sensor,temperature_humidity_sensor,Demo Room,29.8,49.0,Critical,1,Anomalous,31,Medium,Critical Cold-Storage Failure,Possible Cyber Attack,,,
2026-08-14 11:19:40,Real ESP32 Room Sensor,temperature_humidity_sensor,Demo Room,29.8,49.0,Critical,1,Anomalous,31,Medium,Critical Cold-Storage Failure,Possible Cyber Attack,,,
2026-08-14 11:19:42,Real ESP32 Room Sensor,temperature_humidity_sensor,Demo Room,29.8,49.0,Critical,1,Anomalous,31,Medium,Critical Cold-Storage Failure,Possible Cyber Attack,,,
2026-08-14 11:19:45,Real ESP32 Room Sensor,temperature_humidity_sensor,Demo Room,29.8,49.0,Critical,1,Anomalous,31,Medium,Critical Cold-Storage Failure,Possible Cyber Attack,,,
2026-08-14 11:19:47,Real ESP32 Room Sensor,temperature_humidity_sensor,Demo Room,29.8,49.0,Critical,1,Anomalous,31,Medium,Critical Cold-Storage Failure,Possible Cyber Attack,,,
2026-08-14 11:19:59,Real ESP32 Room Sensor,temperature_humidity_sensor,Demo Room,29.8,49.0,Critical,1,Anomalous,31,Medium,Critical Cold-Storage Failure,Possible Cyber Attack,,,
2026-08-14 11:20:00,Real ESP32 Room Sensor,temperature_humidity_sensor,Demo Room,29.8,49.0,Critical,1,Anomalous,31,Medium,Critical Cold-Storage Failure,Possible Cyber Attack,,,
2026-08-14 11:20:02,Real ESP32 Room Sensor,temperature_humidity_sensor,Demo Room,29.8,49.0,Critical,1,Anomalous,31,Medium,Critical Cold-Storage Failure,Possible Cyber Attack,,,
2026-08-14 11:20:05,Real ESP32 Room Sensor,temperature_humidity_sensor,Demo Room,29.8,49.0,Critical,1,Anomalous,31,Medium,Critical Cold-Storage Failure,Possible Cyber Attack,,,
2026-08-14 11:20:08,Real ESP32 Room Sensor,temperature_humidity_sensor,Demo Room,29.8,49.0,Critical,1,Anomalous,31,Medium,Critical Cold-Storage Failure,Possible Cyber Attack,,,
2026-08-14 11:20:15,Real ESP32 Room Sensor,temperature_humidity_sensor,Demo Room,29.8,49.0,Critical,1,Anomalous,31,Medium,Critical Cold-Storage Failure,Possible Cyber Attack,,,
2026-08-14 11:20:17,Real ESP32 Room Sensor,temperature_humidity_sensor,Demo Room,29.8,49.0,Critical,1,Anomalous,31,Medium,Critical Cold-Storage Failure,Possible Cyber Attack,,,
2026-08-14 11:20:23,Real ESP32 Room Sensor,temperature_humidity_sensor,Demo Room,29.8,49.0,Critical,1,Anomalous,31,Medium,Critical Cold-Storage Failure,Possible Cyber Attack,,,
2026-08-14 11:20:25,Real ESP32 Room Sensor,temperature_humidity_sensor,Demo Room,29.8,49.0,Critical,1,Anomalous,31,Medium,Critical Cold-Storage Failure,Possible Cyber Attack,,,
2026-08-14 11:20:27,Real ESP32 Room Sensor,temperature_humidity_sensor,Demo Room,29.8,49.0,Critical,1,Anomalous,31,Medium,Critical Cold-Storage Failure,Possible Cyber Attack,,,
2026-08-14 11:20:30,Real ESP32 Room Sensor,temperature_humidity_sensor,Demo Room,29.8,49.0,Critical,1,Anomalous,31,Medium,Critical Cold-Storage Failure,Possible Cyber Attack,,,
2026-08-14 11:20:32,Real ESP32 Room Sensor,temperature_humidity_sensor,Demo Room,29.8,49.0,Critical,1,Anomalous,31,Medium,Critical Cold-Storage Failure,Possible Cyber Attack,,,
2026-08-14 11:20:34,Real ESP32 Room Sensor,temperature_humidity_sensor,Demo Room,29.8,49.0,Critical,1,Anomalous,31,Medium,Critical Cold-Storage Failure,Possible Cyber Attack,,,
2026-08-14 11:20:37,Real ESP32 Room Sensor,temperature_humidity_sensor,Demo Room,29.8,49.0,Critical,1,Anomalous,31,Medium,Critical Cold-Storage Failure,Possible Cyber Attack,,,
2026-08-14 11:20:39,Real ESP32 Room Sensor,temperature_humidity_sensor,Demo Room,29.8,49.0,Critical,1,Anomalous,31,Medium,Critical Cold-Storage Failure,Possible Cyber Attack,,,
2026-08-14 11:20:41,Real ESP32 Room Sensor,temperature_humidity_sensor,Demo Room,29.8,49.0,Critical,1,Anomalous,31,Medium,Critical Cold-Storage Failure,Possible Cyber Attack,,,
2026-08-14 11:20:43,Real ESP32 Room Sensor,temperature_humidity_sensor,Demo Room,29.8,49.0,Critical,1,Anomalous,31,Medium,Critical Cold-Storage Failure,Possible Cyber Attack,,,
2026-08-14 11:20:46,Real ESP32 Room Sensor,temperature_humidity_sensor,Demo Room,29.8,49.0,Critical,1,Anomalous,31,Medium,Critical Cold-Storage Failure,Possible Cyber Attack,,,
2026-08-14 11:20:48,Real ESP32 Room Sensor,temperature_humidity_sensor,Demo Room,29.8,49.0,Critical,1,Anomalous,31,Medium,Critical Cold-Storage Failure,Possible Cyber Attack,,,
2026-08-14 11:20:50,Real ESP32 Room Sensor,temperature_humidity_sensor,Demo Room,29.8,49.0,Critical,1,Anomalous,31,Medium,Critical Cold-Storage Failure,Possible Cyber Attack,,,
2026-08-14 11:20:52,Real ESP32 Room Sensor,temperature_humidity_sensor,Demo Room,29.8,49.0,Critical,1,Anomalous,31,Medium,Critical Cold-Storage Failure,Possible Cyber Attack,,,
2026-08-14 11:20:55,Real ESP32 Room Sensor,temperature_humidity_sensor,Demo Room,29.8,49.0,Critical,1,Anomalous,31,Medium,Critical Cold-Storage Failure,Possible Cyber Attack,,,
2026-08-14 11:20:57,Real ESP32 Room Sensor,temperature_humidity_sensor,Demo Room,29.8,49.0,Critical,1,Anomalous,31,Medium,Critical Cold-Storage Failure,Possible Cyber Attack,,,
2026-08-14 11:20:59,Real ESP32 Room Sensor,temperature_humidity_sensor,Demo Room,29.8,49.0,Critical,1,Anomalous,31,Medium,Critical Cold-Storage Failure,Possible Cyber Attack,,,
2026-08-14 11:21:01,Real ESP32 Room Sensor,temperature_humidity_sensor,Demo Room,29.8,49.0,Critical,1,Anomalous,31,Medium,Critical Cold-Storage Failure,Possible Cyber Attack,,,
2026-08-14 11:21:04,Real ESP32 Room Sensor,temperature_humidity_sensor,Demo Room,29.8,49.0,Critical,1,Anomalous,31,Medium,Critical Cold-Storage Failure,Possible Cyber Attack,,,
2026-08-14 11:21:06,Real ESP32 Room Sensor,temperature_humidity_sensor,Demo Room,29.8,49.0,Critical,1,Anomalous,31,Medium,Critical Cold-Storage Failure,Possible Cyber Attack,,,
2026-08-14 11:21:08,Real ESP32 Room Sensor,temperature_humidity_sensor,Demo Room,29.8,49.0,Critical,1,Anomalous,31,Medium,Critical Cold-Storage Failure,Possible Cyber Attack,,,
2026-08-14 11:21:10,Real ESP32 Room Sensor,temperature_humidity_sensor,Demo Room,29.8,49.0,Critical,1,Anomalous,31,Medium,Critical Cold-Storage Failure,Possible Cyber Attack,,,
2026-08-14 11:21:13,Real ESP32 Room Sensor,temperature_humidity_sensor,Demo Room,29.8,49.0,Critical,1,Anomalous,31,Medium,Critical Cold-Storage Failure,Possible Cyber Attack,,,
2026-08-14 11:21:15,Real ESP32 Room Sensor,temperature_humidity_sensor,Demo Room,29.8,49.0,Critical,1,Anomalous,31,Medium,Critical Cold-Storage Failure,Possible Cyber Attack,,,
2026-08-14 11:21:17,Real ESP32 Room Sensor,temperature_humidity_sensor,Demo Room,29.8,49.0,Critical,1,Anomalous,31,Medium,Critical Cold-Storage Failure,Possible Cyber Attack,,,
2026-08-14 11:21:19,Real ESP32 Room Sensor,temperature_humidity_sensor,Demo Room,29.8,49.0,Critical,1,Anomalous,31,Medium,Critical Cold-Storage Failure,Possible Cyber Attack,,,
2026-08-14 11:21:22,Real ESP32 Room Sensor,temperature_humidity_sensor,Demo Room,29.8,49.0,Critical,1,Anomalous,31,Medium,Critical Cold-Storage Failure,Possible Cyber Attack,,,
2026-08-14 11:21:24,Real ESP32 Room Sensor,temperature_humidity_sensor,Demo Room,29.8,49.0,Critical,1,Anomalous,31,Medium,Critical Cold-Storage Failure,Possible Cyber Attack,,,
2026-08-14 11:21:26,Real ESP32 Room Sensor,temperature_humidity_sensor,Demo Room,29.8,49.0,Critical,1,Anomalous,31,Medium,Critical Cold-Storage Failure,Possible Cyber Attack,,,
2026-08-14 11:21:29,Real ESP32 Room Sensor,temperature_humidity_sensor,Demo Room,29.8,49.0,Critical,1,Anomalous,31,Medium,Critical Cold-Storage Failure,Possible Cyber Attack,,,
2026-08-14 11:21:31,Real ESP32 Room Sensor,temperature_humidity_sensor,Demo Room,29.8,49.0,Critical,1,Anomalous,31,Medium,Critical Cold-Storage Failure,Possible Cyber Attack,,,
2026-08-14 11:21:33,Real ESP32 Room Sensor,temperature_humidity_sensor,Demo Room,29.8,49.0,Critical,1,Anomalous,31,Medium,Critical Cold-Storage Failure,Possible Cyber Attack,,,
2026-08-14 11:21:36,Real ESP32 Room Sensor,temperature_humidity_sensor,Demo Room,29.8,49.0,Critical,1,Anomalous,31,Medium,Critical Cold-Storage Failure,Possible Cyber Attack,,,
2026-08-14 11:21:38,Real ESP32 Room Sensor,temperature_humidity_sensor,Demo Room,29.8,49.0,Critical,1,Anomalous,31,Medium,Critical Cold-Storage Failure,Possible Cyber Attack,,,
2026-08-14 11:21:40,Real ESP32 Room Sensor,temperature_humidity_sensor,Demo Room,29.8,49.0,Critical,1,Anomalous,31,Medium,Critical Cold-Storage Failure,Possible Cyber Attack,,,
2026-08-14 11:21:43,Real ESP32 Room Sensor,temperature_humidity_sensor,Demo Room,29.8,49.0,Critical,1,Anomalous,31,Medium,Critical Cold-Storage Failure,Possible Cyber Attack,,,
2026-08-14 11:21:45,Real ESP32 Room Sensor,temperature_humidity_sensor,Demo Room,29.8,49.0,Critical,1,Anomalous,31,Medium,Critical Cold-Storage Failure,Possible Cyber Attack,,,
2026-08-14 11:21:47,Real ESP32 Room Sensor,temperature_humidity_sensor,Demo Room,29.8,49.0,Critical,1,Anomalous,31,Medium,Critical Cold-Storage Failure,Possible Cyber Attack,,,
2026-08-14 11:21:50,Real ESP32 Room Sensor,temperature_humidity_sensor,Demo Room,29.8,49.0,Critical,1,Anomalous,31,Medium,Critical Cold-Storage Failure,Possible Cyber Attack,,,
2026-08-14 11:21:52,Real ESP32 Room Sensor,temperature_humidity_sensor,Demo Room,29.8,49.0,Critical,1,Anomalous,31,Medium,Critical Cold-Storage Failure,Possible Cyber Attack,,,
2026-08-14 11:21:54,Real ESP32 Room Sensor,temperature_humidity_sensor,Demo Room,29.8,49.0,Critical,1,Anomalous,31,Medium,Critical Cold-Storage Failure,Possible Cyber Attack,,,
2026-08-14 11:21:57,Real ESP32 Room Sensor,temperature_humidity_sensor,Demo Room,29.8,49.0,Critical,1,Anomalous,31,Medium,Critical Cold-Storage Failure,Possible Cyber Attack,,,
2026-08-14 11:21:59,Real ESP32 Room Sensor,temperature_humidity_sensor,Demo Room,29.8,49.0,Critical,1,Anomalous,31,Medium,Critical Cold-Storage Failure,Possible Cyber Attack,,,
2026-08-14 11:22:01,Real ESP32 Room Sensor,temperature_humidity_sensor,Demo Room,29.8,49.0,Critical,1,Anomalous,31,Medium,Critical Cold-Storage Failure,Possible Cyber Attack,,,
2026-08-14 11:22:03,Real ESP32 Room Sensor,temperature_humidity_sensor,Demo Room,29.8,49.0,Critical,1,Anomalous,31,Medium,Critical Cold-Storage Failure,Possible Cyber Attack,,,
2026-08-14 11:22:06,Real ESP32 Room Sensor,temperature_humidity_sensor,Demo Room,29.8,49.0,Critical,1,Anomalous,31,Medium,Critical Cold-Storage Failure,Possible Cyber Attack,,,
2026-08-14 11:22:08,Real ESP32 Room Sensor,temperature_humidity_sensor,Demo Room,29.8,49.0,Critical,1,Anomalous,31,Medium,Critical Cold-Storage Failure,Possible Cyber Attack,,,
2026-08-14 11:22:10,Real ESP32 Room Sensor,temperature_humidity_sensor,Demo Room,29.8,49.0,Critical,1,Anomalous,31,Medium,Critical Cold-Storage Failure,Possible Cyber Attack,,,
2026-08-14 11:22:12,Real ESP32 Room Sensor,temperature_humidity_sensor,Demo Room,29.8,49.0,Critical,1,Anomalous,31,Medium,Critical Cold-Storage Failure,Possible Cyber Attack,,,
2026-08-14 11:22:15,Real ESP32 Room Sensor,temperature_humidity_sensor,Demo Room,29.8,49.0,Critical,1,Anomalous,31,Medium,Critical Cold-Storage Failure,Possible Cyber Attack,,,
2026-08-14 11:22:17,Real ESP32 Room Sensor,temperature_humidity_sensor,Demo Room,29.8,49.0,Critical,1,Anomalous,31,Medium,Critical Cold-Storage Failure,Possible Cyber Attack,,,
2026-08-14 11:22:19,Real ESP32 Room Sensor,temperature_humidity_sensor,Demo Room,29.8,49.0,Critical,1,Anomalous,31,Medium,Critical Cold-Storage Failure,Possible Cyber Attack,,,
2026-08-14 11:22:22,Real ESP32 Room Sensor,temperature_humidity_sensor,Demo Room,29.8,49.0,Critical,1,Anomalous,31,Medium,Critical Cold-Storage Failure,Possible Cyber Attack,,,
2026-08-14 11:22:24,Real ESP32 Room Sensor,temperature_humidity_sensor,Demo Room,29.8,49.0,Critical,1,Anomalous,31,Medium,Critical Cold-Storage Failure,Possible Cyber Attack,,,
2026-08-14 11:22:26,Real ESP32 Room Sensor,temperature_humidity_sensor,Demo Room,29.8,49.0,Critical,1,Anomalous,31,Medium,Critical Cold-Storage Failure,Possible Cyber Attack,,,
2026-08-14 11:22:28,Real ESP32 Room Sensor,temperature_humidity_sensor,Demo Room,29.8,49.0,Critical,1,Anomalous,31,Medium,Critical Cold-Storage Failure,Possible Cyber Attack,,,
2026-08-14 11:22:31,Real ESP32 Room Sensor,temperature_humidity_sensor,Demo Room,29.8,49.0,Critical,1,Anomalous,31,Medium,Critical Cold-Storage Failure,Possible Cyber Attack,,,
2026-08-14 11:22:33,Real ESP32 Room Sensor,temperature_humidity_sensor,Demo Room,29.8,49.0,Critical,1,Anomalous,31,Medium,Critical Cold-Storage Failure,Possible Cyber Attack,,,
2026-08-14 11:22:35,Real ESP32 Room Sensor,temperature_humidity_sensor,Demo Room,29.8,49.0,Critical,1,Anomalous,31,Medium,Critical Cold-Storage Failure,Possible Cyber Attack,,,
2026-08-14 11:22:38,Real ESP32 Room Sensor,temperature_humidity_sensor,Demo Room,29.8,49.0,Critical,1,Anomalous,31,Medium,Critical Cold-Storage Failure,Possible Cyber Attack,,,
2026-08-14 11:22:40,Real ESP32 Room Sensor,temperature_humidity_sensor,Demo Room,29.8,49.0,Critical,1,Anomalous,31,Medium,Critical Cold-Storage Failure,Possible Cyber Attack,,,
2026-08-14 11:22:42,Real ESP32 Room Sensor,temperature_humidity_sensor,Demo Room,29.8,49.0,Critical,1,Anomalous,31,Medium,Critical Cold-Storage Failure,Possible Cyber Attack,,,
2026-08-14 11:22:44,Real ESP32 Room Sensor,temperature_humidity_sensor,Demo Room,29.8,49.0,Critical,1,Anomalous,31,Medium,Critical Cold-Storage Failure,Possible Cyber Attack,,,
2026-08-14 11:22:47,Real ESP32 Room Sensor,temperature_humidity_sensor,Demo Room,29.8,49.0,Critical,1,Anomalous,31,Medium,Critical Cold-Storage Failure,Possible Cyber Attack,,,
2026-08-14 11:22:49,Real ESP32 Room Sensor,temperature_humidity_sensor,Demo Room,29.8,49.0,Critical,1,Anomalous,31,Medium,Critical Cold-Storage Failure,Possible Cyber Attack,,,
2026-08-14 11:22:51,Real ESP32 Room Sensor,temperature_humidity_sensor,Demo Room,29.8,49.0,Critical,1,Anomalous,31,Medium,Critical Cold-Storage Failure,Possible Cyber Attack,,,
2026-08-14 11:22:53,Real ESP32 Room Sensor,temperature_humidity_sensor,Demo Room,29.8,49.0,Critical,1,Anomalous,31,Medium,Critical Cold-Storage Failure,Possible Cyber Attack,,,
2026-08-14 11:22:56,Real ESP32 Room Sensor,temperature_humidity_sensor,Demo Room,29.8,49.0,Critical,1,Anomalous,31,Medium,Critical Cold-Storage Failure,Possible Cyber Attack,,,
2026-08-14 11:22:59,Real ESP32 Room Sensor,temperature_humidity_sensor,Demo Room,29.8,49.0,Critical,0,Normal Pattern,100,High,Critical Cold-Storage Failure,Critical Cold-Storage Failure,,,
2026-08-14 11:23:01,Real ESP32 Room Sensor,temperature_humidity_sensor,Demo Room,29.8,49.0,Critical,0,Normal Pattern,100,High,Critical Cold-Storage Failure,Critical Cold-Storage Failure,,,
2026-08-14 11:23:03,Real ESP32 Room Sensor,temperature_humidity_sensor,Demo Room,29.8,49.0,Critical,0,Normal Pattern,100,High,Critical Cold-Storage Failure,Critical Cold-Storage Failure,,,
2026-08-14 11:23:06,Real ESP32 Room Sensor,temperature_humidity_sensor,Demo Room,29.8,49.0,Critical,0,Normal Pattern,100,High,Critical Cold-Storage Failure,Critical Cold-Storage Failure,,,
2026-08-14 11:23:08,Real ESP32 Room Sensor,temperature_humidity_sensor,Demo Room,29.8,49.0,Critical,0,Normal Pattern,100,High,Critical Cold-Storage Failure,Critical Cold-Storage Failure,,,
2026-08-14 11:23:10,Real ESP32 Room Sensor,temperature_humidity_sensor,Demo Room,29.8,49.0,Critical,0,Normal Pattern,100,High,Critical Cold-Storage Failure,Critical Cold-Storage Failure,,,
2026-08-14 11:23:13,Real ESP32 Room Sensor,temperature_humidity_sensor,Demo Room,29.8,49.0,Critical,0,Normal Pattern,100,High,Critical Cold-Storage Failure,Critical Cold-Storage Failure,,,
2026-08-14 11:23:15,Real ESP32 Room Sensor,temperature_humidity_sensor,Demo Room,29.8,49.0,Critical,0,Normal Pattern,100,High,Critical Cold-Storage Failure,Critical Cold-Storage Failure,,,
2026-08-14 11:23:17,Real ESP32 Room Sensor,temperature_humidity_sensor,Demo Room,29.8,49.0,Critical,0,Normal Pattern,100,High,Critical Cold-Storage Failure,Critical Cold-Storage Failure,,,
2026-08-14 11:23:21,Real ESP32 Room Sensor,temperature_humidity_sensor,Demo Room,29.8,49.0,Critical,0,Normal Pattern,100,High,Critical Cold-Storage Failure,Critical Cold-Storage Failure,,,
2026-08-14 11:23:23,Real ESP32 Room Sensor,temperature_humidity_sensor,Demo Room,29.8,49.0,Critical,0,Normal Pattern,100,High,Critical Cold-Storage Failure,Critical Cold-Storage Failure,,,
2026-08-14 11:23:26,Real ESP32 Room Sensor,temperature_humidity_sensor,Demo Room,29.8,49.0,Critical,0,Normal Pattern,100,High,Critical Cold-Storage Failure,Critical Cold-Storage Failure,,,
2026-08-14 11:23:28,Real ESP32 Room Sensor,temperature_humidity_sensor,Demo Room,29.8,49.0,Critical,0,Normal Pattern,100,High,Critical Cold-Storage Failure,Critical Cold-Storage Failure,,,
2026-08-14 11:23:30,Real ESP32 Room Sensor,temperature_humidity_sensor,Demo Room,29.8,49.0,Critical,0,Normal Pattern,100,High,Critical Cold-Storage Failure,Critical Cold-Storage Failure,,,
2026-08-14 11:23:32,Real ESP32 Room Sensor,temperature_humidity_sensor,Demo Room,29.8,49.0,Critical,0,Normal Pattern,100,High,Critical Cold-Storage Failure,Critical Cold-Storage Failure,,,
2026-08-14 11:23:35,Real ESP32 Room Sensor,temperature_humidity_sensor,Demo Room,29.8,49.0,Critical,0,Normal Pattern,100,High,Critical Cold-Storage Failure,Critical Cold-Storage Failure,,,
2026-08-14 11:23:37,Real ESP32 Room Sensor,temperature_humidity_sensor,Demo Room,29.8,49.0,Critical,0,Normal Pattern,100,High,Critical Cold-Storage Failure,Critical Cold-Storage Failure,,,
2026-08-14 11:23:39,Real ESP32 Room Sensor,temperature_humidity_sensor,Demo Room,29.8,49.0,Critical,0,Normal Pattern,100,High,Critical Cold-Storage Failure,Critical Cold-Storage Failure,,,
2026-08-14 11:23:42,Real ESP32 Room Sensor,temperature_humidity_sensor,Demo Room,29.8,49.0,Critical,0,Normal Pattern,100,High,Critical Cold-Storage Failure,Critical Cold-Storage Failure,,,
2026-08-14 11:23:44,Real ESP32 Room Sensor,temperature_humidity_sensor,Demo Room,29.8,49.0,Critical,0,Normal Pattern,100,High,Critical Cold-Storage Failure,Critical Cold-Storage Failure,,,
2026-08-14 11:23:46,Real ESP32 Room Sensor,temperature_humidity_sensor,Demo Room,29.8,49.0,Critical,0,Normal Pattern,100,High,Critical Cold-Storage Failure,Critical Cold-Storage Failure,,,
2026-08-14 11:23:49,Real ESP32 Room Sensor,temperature_humidity_sensor,Demo Room,29.8,49.0,Critical,0,Normal Pattern,100,High,Critical Cold-Storage Failure,Critical Cold-Storage Failure,,,
2026-08-14 11:23:51,Real ESP32 Room Sensor,temperature_humidity_sensor,Demo Room,29.8,49.0,Critical,0,Normal Pattern,100,High,Critical Cold-Storage Failure,Critical Cold-Storage Failure,,,
2026-08-14 11:23:53,Real ESP32 Room Sensor,temperature_humidity_sensor,Demo Room,29.8,49.0,Critical,0,Normal Pattern,100,High,Critical Cold-Storage Failure,Critical Cold-Storage Failure,,,
2026-08-14 11:23:55,Real ESP32 Room Sensor,temperature_humidity_sensor,Demo Room,29.8,49.0,Critical,0,Normal Pattern,100,High,Critical Cold-Storage Failure,Critical Cold-Storage Failure,,,
2026-08-14 11:23:58,Real ESP32 Room Sensor,temperature_humidity_sensor,Demo Room,29.8,49.0,Critical,0,Normal Pattern,100,High,Critical Cold-Storage Failure,Critical Cold-Storage Failure,,,
2026-08-14 11:24:00,Real ESP32 Room Sensor,temperature_humidity_sensor,Demo Room,29.8,49.0,Critical,0,Normal Pattern,100,High,Critical Cold-Storage Failure,Critical Cold-Storage Failure,,,
2026-08-14 11:24:02,Real ESP32 Room Sensor,temperature_humidity_sensor,Demo Room,29.8,49.0,Critical,0,Normal Pattern,100,High,Critical Cold-Storage Failure,Critical Cold-Storage Failure,,,
2026-08-14 11:24:05,Real ESP32 Room Sensor,temperature_humidity_sensor,Demo Room,29.8,49.0,Critical,0,Normal Pattern,100,High,Critical Cold-Storage Failure,Critical Cold-Storage Failure,,,
2026-08-14 11:24:07,Real ESP32 Room Sensor,temperature_humidity_sensor,Demo Room,29.8,49.0,Critical,0,Normal Pattern,100,High,Critical Cold-Storage Failure,Critical Cold-Storage Failure,,,
2026-08-14 11:24:10,Real ESP32 Room Sensor,temperature_humidity_sensor,Demo Room,29.8,49.0,Critical,0,Normal Pattern,100,High,Critical Cold-Storage Failure,Critical Cold-Storage Failure,,,
2026-08-14 11:24:12,Real ESP32 Room Sensor,temperature_humidity_sensor,Demo Room,29.8,49.0,Critical,0,Normal Pattern,100,High,Critical Cold-Storage Failure,Critical Cold-Storage Failure,,,
2026-08-14 11:24:14,Real ESP32 Room Sensor,temperature_humidity_sensor,Demo Room,29.8,49.0,Critical,0,Normal Pattern,100,High,Critical Cold-Storage Failure,Critical Cold-Storage Failure,,,
2026-08-14 11:24:17,Real ESP32 Room Sensor,temperature_humidity_sensor,Demo Room,29.8,49.0,Critical,0,Normal Pattern,100,High,Critical Cold-Storage Failure,Critical Cold-Storage Failure,,,
2026-08-14 11:24:19,Real ESP32 Room Sensor,temperature_humidity_sensor,Demo Room,29.8,49.0,Critical,0,Normal Pattern,100,High,Critical Cold-Storage Failure,Critical Cold-Storage Failure,,,
2026-08-14 11:24:22,Real ESP32 Room Sensor,temperature_humidity_sensor,Demo Room,29.8,49.0,Critical,0,Normal Pattern,100,High,Critical Cold-Storage Failure,Critical Cold-Storage Failure,,,
2026-08-14 11:24:25,Real ESP32 Room Sensor,temperature_humidity_sensor,Demo Room,29.8,49.0,Critical,0,Normal Pattern,100,High,Critical Cold-Storage Failure,Critical Cold-Storage Failure,,,
2026-08-14 11:24:27,Real ESP32 Room Sensor,temperature_humidity_sensor,Demo Room,29.8,49.0,Critical,0,Normal Pattern,100,High,Critical Cold-Storage Failure,Critical Cold-Storage Failure,,,
2026-08-14 11:24:30,Real ESP32 Room Sensor,temperature_humidity_sensor,Demo Room,29.8,49.0,Critical,0,Normal Pattern,100,High,Critical Cold-Storage Failure,Critical Cold-Storage Failure,,,
2026-08-14 11:24:32,Real ESP32 Room Sensor,temperature_humidity_sensor,Demo Room,29.8,49.0,Critical,0,Normal Pattern,100,High,Critical Cold-Storage Failure,Critical Cold-Storage Failure,,,
2026-08-14 11:24:34,Real ESP32 Room Sensor,temperature_humidity_sensor,Demo Room,29.8,49.0,Critical,0,Normal Pattern,100,High,Critical Cold-Storage Failure,Critical Cold-Storage Failure,,,
2026-08-14 11:24:36,Real ESP32 Room Sensor,temperature_humidity_sensor,Demo Room,29.8,49.0,Critical,0,Normal Pattern,100,High,Critical Cold-Storage Failure,Critical Cold-Storage Failure,,,
2026-08-14 11:24:39,Real ESP32 Room Sensor,temperature_humidity_sensor,Demo Room,29.8,49.0,Critical,0,Normal Pattern,100,High,Critical Cold-Storage Failure,Critical Cold-Storage Failure,,,
2026-08-14 11:24:41,Real ESP32 Room Sensor,temperature_humidity_sensor,Demo Room,29.8,49.0,Critical,0,Normal Pattern,100,High,Critical Cold-Storage Failure,Critical Cold-Storage Failure,,,
2026-08-14 11:24:43,Real ESP32 Room Sensor,temperature_humidity_sensor,Demo Room,29.8,49.0,Critical,0,Normal Pattern,100,High,Critical Cold-Storage Failure,Critical Cold-Storage Failure,,,
2026-08-14 11:24:46,Real ESP32 Room Sensor,temperature_humidity_sensor,Demo Room,29.8,49.0,Critical,0,Normal Pattern,100,High,Critical Cold-Storage Failure,Critical Cold-Storage Failure,,,
2026-08-14 11:24:48,Real ESP32 Room Sensor,temperature_humidity_sensor,Demo Room,29.8,49.0,Critical,0,Normal Pattern,100,High,Critical Cold-Storage Failure,Critical Cold-Storage Failure,,,
2026-08-14 11:24:50,Real ESP32 Room Sensor,temperature_humidity_sensor,Demo Room,29.8,49.0,Critical,0,Normal Pattern,100,High,Critical Cold-Storage Failure,Critical Cold-Storage Failure,,,
2026-08-14 11:24:53,Real ESP32 Room Sensor,temperature_humidity_sensor,Demo Room,29.8,49.0,Critical,0,Normal Pattern,100,High,Critical Cold-Storage Failure,Critical Cold-Storage Failure,,,
2026-08-14 11:24:55,Real ESP32 Room Sensor,temperature_humidity_sensor,Demo Room,29.8,49.0,Critical,0,Normal Pattern,100,High,Critical Cold-Storage Failure,Critical Cold-Storage Failure,,,
2026-08-14 11:24:57,Real ESP32 Room Sensor,temperature_humidity_sensor,Demo Room,29.8,49.0,Critical,0,Normal Pattern,100,High,Critical Cold-Storage Failure,Critical Cold-Storage Failure,,,
2026-08-14 11:25:00,Real ESP32 Room Sensor,temperature_humidity_sensor,Demo Room,29.8,49.0,Critical,0,Normal Pattern,100,High,Critical Cold-Storage Failure,Critical Cold-Storage Failure,,,
2026-08-14 11:25:02,Real ESP32 Room Sensor,temperature_humidity_sensor,Demo Room,29.8,49.0,Critical,0,Normal Pattern,100,High,Critical Cold-Storage Failure,Critical Cold-Storage Failure,,,
2026-08-14 11:25:04,Real ESP32 Room Sensor,temperature_humidity_sensor,Demo Room,29.8,49.0,Critical,0,Normal Pattern,100,High,Critical Cold-Storage Failure,Critical Cold-Storage Failure,,,
2026-08-14 11:25:07,Real ESP32 Room Sensor,temperature_humidity_sensor,Demo Room,29.8,49.0,Critical,0,Normal Pattern,100,High,Critical Cold-Storage Failure,Critical Cold-Storage Failure,,,
2026-08-14 11:25:09,Real ESP32 Room Sensor,temperature_humidity_sensor,Demo Room,29.8,49.0,Critical,0,Normal Pattern,100,High,Critical Cold-Storage Failure,Critical Cold-Storage Failure,,,
2026-08-14 11:25:11,Real ESP32 Room Sensor,temperature_humidity_sensor,Demo Room,29.8,49.0,Critical,0,Normal Pattern,100,High,Critical Cold-Storage Failure,Critical Cold-Storage Failure,,,
2026-08-14 11:25:14,Real ESP32 Room Sensor,temperature_humidity_sensor,Demo Room,29.8,49.0,Critical,0,Normal Pattern,100,High,Critical Cold-Storage Failure,Critical Cold-Storage Failure,,,
2026-08-14 11:25:16,Real ESP32 Room Sensor,temperature_humidity_sensor,Demo Room,29.8,49.0,Critical,0,Normal Pattern,100,High,Critical Cold-Storage Failure,Critical Cold-Storage Failure,,,
2026-08-14 11:25:18,Real ESP32 Room Sensor,temperature_humidity_sensor,Demo Room,29.8,49.0,Critical,0,Normal Pattern,100,High,Critical Cold-Storage Failure,Critical Cold-Storage Failure,,,
2026-08-14 11:25:21,Real ESP32 Room Sensor,temperature_humidity_sensor,Demo Room,29.8,49.0,Critical,0,Normal Pattern,100,High,Critical Cold-Storage Failure,Critical Cold-Storage Failure,,,
2026-08-14 11:25:23,Real ESP32 Room Sensor,temperature_humidity_sensor,Demo Room,29.8,49.0,Critical,0,Normal Pattern,100,High,Critical Cold-Storage Failure,Critical Cold-Storage Failure,,,
2026-08-14 11:25:25,Real ESP32 Room Sensor,temperature_humidity_sensor,Demo Room,29.8,49.0,Critical,0,Normal Pattern,100,High,Critical Cold-Storage Failure,Critical Cold-Storage Failure,,,
2026-08-14 11:25:27,Real ESP32 Room Sensor,temperature_humidity_sensor,Demo Room,29.8,49.0,Critical,0,Normal Pattern,100,High,Critical Cold-Storage Failure,Critical Cold-Storage Failure,,,
2026-08-14 11:25:30,Real ESP32 Room Sensor,temperature_humidity_sensor,Demo Room,29.8,49.0,Critical,0,Normal Pattern,100,High,Critical Cold-Storage Failure,Critical Cold-Storage Failure,,,
2026-08-14 11:25:32,Real ESP32 Room Sensor,temperature_humidity_sensor,Demo Room,29.8,49.0,Critical,0,Normal Pattern,100,High,Critical Cold-Storage Failure,Critical Cold-Storage Failure,,,
2026-08-14 11:25:34,Real ESP32 Room Sensor,temperature_humidity_sensor,Demo Room,29.8,49.0,Critical,0,Normal Pattern,100,High,Critical Cold-Storage Failure,Critical Cold-Storage Failure,,,
2026-08-14 11:25:36,Real ESP32 Room Sensor,temperature_humidity_sensor,Demo Room,29.8,49.0,Critical,0,Normal Pattern,100,High,Critical Cold-Storage Failure,Critical Cold-Storage Failure,,,
2026-08-14 11:25:39,Real ESP32 Room Sensor,temperature_humidity_sensor,Demo Room,29.8,49.0,Critical,0,Normal Pattern,100,High,Critical Cold-Storage Failure,Critical Cold-Storage Failure,,,
2026-08-14 11:25:41,Real ESP32 Room Sensor,temperature_humidity_sensor,Demo Room,29.8,49.0,Critical,0,Normal Pattern,100,High,Critical Cold-Storage Failure,Critical Cold-Storage Failure,,,
2026-08-14 11:25:43,Real ESP32 Room Sensor,temperature_humidity_sensor,Demo Room,29.8,49.0,Critical,0,Normal Pattern,100,High,Critical Cold-Storage Failure,Critical Cold-Storage Failure,,,
2026-08-14 11:25:46,Real ESP32 Room Sensor,temperature_humidity_sensor,Demo Room,29.8,49.0,Critical,0,Normal Pattern,100,High,Critical Cold-Storage Failure,Critical Cold-Storage Failure,,,
2026-08-14 11:25:48,Real ESP32 Room Sensor,temperature_humidity_sensor,Demo Room,29.8,49.0,Critical,0,Normal Pattern,100,High,Critical Cold-Storage Failure,Critical Cold-Storage Failure,,,
2026-08-14 11:25:51,Real ESP32 Room Sensor,temperature_humidity_sensor,Demo Room,29.8,49.0,Critical,0,Normal Pattern,100,High,Critical Cold-Storage Failure,Critical Cold-Storage Failure,,,
2026-08-14 11:25:53,Real ESP32 Room Sensor,temperature_humidity_sensor,Demo Room,29.8,49.0,Critical,0,Normal Pattern,100,High,Critical Cold-Storage Failure,Critical Cold-Storage Failure,,,
2026-08-14 11:25:55,Real ESP32 Room Sensor,temperature_humidity_sensor,Demo Room,29.8,49.0,Critical,0,Normal Pattern,100,High,Critical Cold-Storage Failure,Critical Cold-Storage Failure,,,
2026-08-14 11:25:57,Real ESP32 Room Sensor,temperature_humidity_sensor,Demo Room,29.8,49.0,Critical,0,Normal Pattern,100,High,Critical Cold-Storage Failure,Critical Cold-Storage Failure,,,
2026-08-14 11:26:00,Real ESP32 Room Sensor,temperature_humidity_sensor,Demo Room,29.8,49.0,Critical,0,Normal Pattern,100,High,Critical Cold-Storage Failure,Critical Cold-Storage Failure,,,
2026-08-14 11:26:02,Real ESP32 Room Sensor,temperature_humidity_sensor,Demo Room,29.8,49.0,Critical,0,Normal Pattern,100,High,Critical Cold-Storage Failure,Critical Cold-Storage Failure,,,
2026-08-14 11:26:04,Real ESP32 Room Sensor,temperature_humidity_sensor,Demo Room,29.8,49.0,Critical,0,Normal Pattern,100,High,Critical Cold-Storage Failure,Critical Cold-Storage Failure,,,
2026-08-14 11:26:06,Real ESP32 Room Sensor,temperature_humidity_sensor,Demo Room,29.8,49.0,Critical,0,Normal Pattern,100,High,Critical Cold-Storage Failure,Critical Cold-Storage Failure,,,
2026-08-14 11:26:09,Real ESP32 Room Sensor,temperature_humidity_sensor,Demo Room,29.8,49.0,Critical,0,Normal Pattern,100,High,Critical Cold-Storage Failure,Critical Cold-Storage Failure,,,
2026-08-14 11:26:11,Real ESP32 Room Sensor,temperature_humidity_sensor,Demo Room,29.8,49.0,Critical,0,Normal Pattern,100,High,Critical Cold-Storage Failure,Critical Cold-Storage Failure,,,
2026-08-14 11:26:13,Real ESP32 Room Sensor,temperature_humidity_sensor,Demo Room,29.8,49.0,Critical,0,Normal Pattern,100,High,Critical Cold-Storage Failure,Critical Cold-Storage Failure,,,
2026-08-14 11:26:16,Real ESP32 Room Sensor,temperature_humidity_sensor,Demo Room,29.8,49.0,Critical,0,Normal Pattern,100,High,Critical Cold-Storage Failure,Critical Cold-Storage Failure,,,
2026-08-14 11:26:18,Real ESP32 Room Sensor,temperature_humidity_sensor,Demo Room,29.8,49.0,Critical,0,Normal Pattern,100,High,Critical Cold-Storage Failure,Critical Cold-Storage Failure,,,
2026-08-14 11:26:20,Real ESP32 Room Sensor,temperature_humidity_sensor,Demo Room,29.8,49.0,Critical,0,Normal Pattern,100,High,Critical Cold-Storage Failure,Critical Cold-Storage Failure,,,
2026-08-14 11:26:23,Real ESP32 Room Sensor,temperature_humidity_sensor,Demo Room,29.8,49.0,Critical,0,Normal Pattern,100,High,Critical Cold-Storage Failure,Critical Cold-Storage Failure,,,
2026-08-14 11:26:25,Real ESP32 Room Sensor,temperature_humidity_sensor,Demo Room,29.8,49.0,Critical,0,Normal Pattern,100,High,Critical Cold-Storage Failure,Critical Cold-Storage Failure,,,
2026-08-14 11:26:27,Real ESP32 Room Sensor,temperature_humidity_sensor,Demo Room,29.8,49.0,Critical,0,Normal Pattern,100,High,Critical Cold-Storage Failure,Critical Cold-Storage Failure,,,
2026-08-14 11:26:29,Real ESP32 Room Sensor,temperature_humidity_sensor,Demo Room,29.8,49.0,Critical,0,Normal Pattern,100,High,Critical Cold-Storage Failure,Critical Cold-Storage Failure,,,
2026-08-14 11:26:32,Real ESP32 Room Sensor,temperature_humidity_sensor,Demo Room,29.8,49.0,Critical,0,Normal Pattern,100,High,Critical Cold-Storage Failure,Critical Cold-Storage Failure,,,
2026-08-14 11:26:34,Real ESP32 Room Sensor,temperature_humidity_sensor,Demo Room,29.8,49.0,Critical,0,Normal Pattern,100,High,Critical Cold-Storage Failure,Critical Cold-Storage Failure,,,
2026-08-14 11:26:37,Real ESP32 Room Sensor,temperature_humidity_sensor,Demo Room,29.8,49.0,Critical,0,Normal Pattern,100,High,Critical Cold-Storage Failure,Critical Cold-Storage Failure,,,
2026-08-14 11:26:39,Real ESP32 Room Sensor,temperature_humidity_sensor,Demo Room,29.8,49.0,Critical,0,Normal Pattern,100,High,Critical Cold-Storage Failure,Critical Cold-Storage Failure,,,
2026-08-14 11:26:41,Real ESP32 Room Sensor,temperature_humidity_sensor,Demo Room,29.8,49.0,Critical,0,Normal Pattern,100,High,Critical Cold-Storage Failure,Critical Cold-Storage Failure,,,
2026-08-14 11:26:43,Real ESP32 Room Sensor,temperature_humidity_sensor,Demo Room,29.8,49.0,Critical,0,Normal Pattern,100,High,Critical Cold-Storage Failure,Critical Cold-Storage Failure,,,
2026-08-14 11:26:46,Real ESP32 Room Sensor,temperature_humidity_sensor,Demo Room,29.8,49.0,Critical,0,Normal Pattern,100,High,Critical Cold-Storage Failure,Critical Cold-Storage Failure,,,
2026-08-14 11:26:48,Real ESP32 Room Sensor,temperature_humidity_sensor,Demo Room,29.8,49.0,Critical,0,Normal Pattern,100,High,Critical Cold-Storage Failure,Critical Cold-Storage Failure,,,
2026-08-14 11:26:50,Real ESP32 Room Sensor,temperature_humidity_sensor,Demo Room,29.8,49.0,Critical,0,Normal Pattern,100,High,Critical Cold-Storage Failure,Critical Cold-Storage Failure,,,
2026-08-14 11:26:52,Real ESP32 Room Sensor,temperature_humidity_sensor,Demo Room,29.8,49.0,Critical,0,Normal Pattern,100,High,Critical Cold-Storage Failure,Critical Cold-Storage Failure,,,
2026-08-14 11:26:55,Real ESP32 Room Sensor,temperature_humidity_sensor,Demo Room,29.8,49.0,Critical,0,Normal Pattern,100,High,Critical Cold-Storage Failure,Critical Cold-Storage Failure,,,
2026-08-14 11:26:57,Real ESP32 Room Sensor,temperature_humidity_sensor,Demo Room,29.8,49.0,Critical,0,Normal Pattern,100,High,Critical Cold-Storage Failure,Critical Cold-Storage Failure,,,
2026-08-14 11:26:59,Real ESP32 Room Sensor,temperature_humidity_sensor,Demo Room,29.8,49.0,Critical,0,Normal Pattern,100,High,Critical Cold-Storage Failure,Critical Cold-Storage Failure,,,
2026-08-14 11:27:02,Real ESP32 Room Sensor,temperature_humidity_sensor,Demo Room,29.8,49.0,Critical,0,Normal Pattern,100,High,Critical Cold-Storage Failure,Critical Cold-Storage Failure,,,
2026-08-14 11:27:04,Real ESP32 Room Sensor,temperature_humidity_sensor,Demo Room,29.8,49.0,Critical,0,Normal Pattern,100,High,Critical Cold-Storage Failure,Critical Cold-Storage Failure,,,
2026-08-14 11:27:06,Real ESP32 Room Sensor,temperature_humidity_sensor,Demo Room,29.8,49.0,Critical,0,Normal Pattern,100,High,Critical Cold-Storage Failure,Critical Cold-Storage Failure,,,
2026-08-14 11:27:08,Real ESP32 Room Sensor,temperature_humidity_sensor,Demo Room,29.8,49.0,Critical,0,Normal Pattern,100,High,Critical Cold-Storage Failure,Critical Cold-Storage Failure,,,
2026-08-14 11:27:11,Real ESP32 Room Sensor,temperature_humidity_sensor,Demo Room,29.8,50.0,Critical,0,Normal Pattern,100,High,Critical Cold-Storage Failure,Critical Cold-Storage Failure,,,
2026-08-14 11:27:13,Real ESP32 Room Sensor,temperature_humidity_sensor,Demo Room,29.8,50.0,Critical,0,Normal Pattern,100,High,Critical Cold-Storage Failure,Critical Cold-Storage Failure,,,
2026-08-14 11:27:15,Real ESP32 Room Sensor,temperature_humidity_sensor,Demo Room,29.8,50.0,Critical,0,Normal Pattern,100,High,Critical Cold-Storage Failure,Critical Cold-Storage Failure,,,
2026-08-14 11:27:17,Real ESP32 Room Sensor,temperature_humidity_sensor,Demo Room,29.8,50.0,Critical,0,Normal Pattern,100,High,Critical Cold-Storage Failure,Critical Cold-Storage Failure,,,
2026-08-14 11:27:20,Real ESP32 Room Sensor,temperature_humidity_sensor,Demo Room,29.8,50.0,Critical,0,Normal Pattern,100,High,Critical Cold-Storage Failure,Critical Cold-Storage Failure,,,
2026-08-14 11:27:22,Real ESP32 Room Sensor,temperature_humidity_sensor,Demo Room,29.8,50.0,Critical,0,Normal Pattern,100,High,Critical Cold-Storage Failure,Critical Cold-Storage Failure,,,
2026-08-14 11:27:24,Real ESP32 Room Sensor,temperature_humidity_sensor,Demo Room,29.8,50.0,Critical,0,Normal Pattern,100,High,Critical Cold-Storage Failure,Critical Cold-Storage Failure,,,
2026-08-14 11:27:27,Real ESP32 Room Sensor,temperature_humidity_sensor,Demo Room,29.8,50.0,Critical,0,Normal Pattern,100,High,Critical Cold-Storage Failure,Critical Cold-Storage Failure,,,
2026-08-14 11:27:29,Real ESP32 Room Sensor,temperature_humidity_sensor,Demo Room,29.8,50.0,Critical,0,Normal Pattern,100,High,Critical Cold-Storage Failure,Critical Cold-Storage Failure,,,
2026-08-14 11:27:31,Real ESP32 Room Sensor,temperature_humidity_sensor,Demo Room,29.8,50.0,Critical,0,Normal Pattern,100,High,Critical Cold-Storage Failure,Critical Cold-Storage Failure,,,
2026-08-14 11:27:34,Real ESP32 Room Sensor,temperature_humidity_sensor,Demo Room,29.8,50.0,Critical,0,Normal Pattern,100,High,Critical Cold-Storage Failure,Critical Cold-Storage Failure,,,
2026-08-14 11:27:36,Real ESP32 Room Sensor,temperature_humidity_sensor,Demo Room,29.8,50.0,Critical,0,Normal Pattern,100,High,Critical Cold-Storage Failure,Critical Cold-Storage Failure,,,
2026-08-14 11:27:39,Real ESP32 Room Sensor,temperature_humidity_sensor,Demo Room,29.8,50.0,Critical,0,Normal Pattern,100,High,Critical Cold-Storage Failure,Critical Cold-Storage Failure,,,
2026-08-14 11:27:41,Real ESP32 Room Sensor,temperature_humidity_sensor,Demo Room,29.8,50.0,Critical,0,Normal Pattern,100,High,Critical Cold-Storage Failure,Critical Cold-Storage Failure,,,
2026-08-14 11:27:43,Real ESP32 Room Sensor,temperature_humidity_sensor,Demo Room,29.8,50.0,Critical,0,Normal Pattern,100,High,Critical Cold-Storage Failure,Critical Cold-Storage Failure,,,
2026-08-14 11:27:45,Real ESP32 Room Sensor,temperature_humidity_sensor,Demo Room,29.8,50.0,Critical,0,Normal Pattern,100,High,Critical Cold-Storage Failure,Critical Cold-Storage Failure,,,
2026-08-14 11:27:48,Real ESP32 Room Sensor,temperature_humidity_sensor,Demo Room,29.8,50.0,Critical,0,Normal Pattern,100,High,Critical Cold-Storage Failure,Critical Cold-Storage Failure,,,
2026-08-14 11:27:50,Real ESP32 Room Sensor,temperature_humidity_sensor,Demo Room,29.8,50.0,Critical,0,Normal Pattern,100,High,Critical Cold-Storage Failure,Critical Cold-Storage Failure,,,
2026-08-14 11:27:52,Real ESP32 Room Sensor,temperature_humidity_sensor,Demo Room,29.8,50.0,Critical,0,Normal Pattern,100,High,Critical Cold-Storage Failure,Critical Cold-Storage Failure,,,
2026-08-14 11:27:54,Real ESP32 Room Sensor,temperature_humidity_sensor,Demo Room,29.8,50.0,Critical,0,Normal Pattern,100,High,Critical Cold-Storage Failure,Critical Cold-Storage Failure,,,
2026-08-14 11:27:57,Real ESP32 Room Sensor,temperature_humidity_sensor,Demo Room,29.8,50.0,Critical,0,Normal Pattern,100,High,Critical Cold-Storage Failure,Critical Cold-Storage Failure,,,
2026-08-14 11:27:59,Real ESP32 Room Sensor,temperature_humidity_sensor,Demo Room,29.8,50.0,Critical,0,Normal Pattern,100,High,Critical Cold-Storage Failure,Critical Cold-Storage Failure,,,
2026-08-14 11:28:01,Real ESP32 Room Sensor,temperature_humidity_sensor,Demo Room,29.8,50.0,Critical,0,Normal Pattern,100,High,Critical Cold-Storage Failure,Critical Cold-Storage Failure,,,
2026-08-14 11:28:04,Real ESP32 Room Sensor,temperature_humidity_sensor,Demo Room,29.8,50.0,Critical,0,Normal Pattern,100,High,Critical Cold-Storage Failure,Critical Cold-Storage Failure,,,
2026-08-14 11:28:06,Real ESP32 Room Sensor,temperature_humidity_sensor,Demo Room,29.8,50.0,Critical,0,Normal Pattern,100,High,Critical Cold-Storage Failure,Critical Cold-Storage Failure,,,
2026-08-14 11:28:08,Real ESP32 Room Sensor,temperature_humidity_sensor,Demo Room,29.8,50.0,Critical,0,Normal Pattern,100,High,Critical Cold-Storage Failure,Critical Cold-Storage Failure,,,
2026-08-14 11:28:10,Real ESP32 Room Sensor,temperature_humidity_sensor,Demo Room,29.8,50.0,Critical,0,Normal Pattern,100,High,Critical Cold-Storage Failure,Critical Cold-Storage Failure,,,
2026-08-14 11:28:13,Real ESP32 Room Sensor,temperature_humidity_sensor,Demo Room,29.8,50.0,Critical,0,Normal Pattern,100,High,Critical Cold-Storage Failure,Critical Cold-Storage Failure,,,
2026-08-14 11:28:15,Real ESP32 Room Sensor,temperature_humidity_sensor,Demo Room,29.8,50.0,Critical,0,Normal Pattern,100,High,Critical Cold-Storage Failure,Critical Cold-Storage Failure,,,
2026-08-14 11:28:17,Real ESP32 Room Sensor,temperature_humidity_sensor,Demo Room,29.8,50.0,Critical,0,Normal Pattern,100,High,Critical Cold-Storage Failure,Critical Cold-Storage Failure,,,
2026-08-14 11:28:20,Real ESP32 Room Sensor,temperature_humidity_sensor,Demo Room,29.8,50.0,Critical,0,Normal Pattern,100,High,Critical Cold-Storage Failure,Critical Cold-Storage Failure,,,
2026-08-14 11:28:22,Real ESP32 Room Sensor,temperature_humidity_sensor,Demo Room,29.8,50.0,Critical,0,Normal Pattern,100,High,Critical Cold-Storage Failure,Critical Cold-Storage Failure,,,
2026-08-14 11:28:24,Real ESP32 Room Sensor,temperature_humidity_sensor,Demo Room,29.8,50.0,Critical,0,Normal Pattern,100,High,Critical Cold-Storage Failure,Critical Cold-Storage Failure,,,
2026-08-14 11:28:27,Real ESP32 Room Sensor,temperature_humidity_sensor,Demo Room,29.8,50.0,Critical,0,Normal Pattern,100,High,Critical Cold-Storage Failure,Critical Cold-Storage Failure,,,
2026-08-14 11:28:29,Real ESP32 Room Sensor,temperature_humidity_sensor,Demo Room,29.8,50.0,Critical,0,Normal Pattern,100,High,Critical Cold-Storage Failure,Critical Cold-Storage Failure,,,
2026-08-14 11:28:31,Real ESP32 Room Sensor,temperature_humidity_sensor,Demo Room,29.8,50.0,Critical,0,Normal Pattern,100,High,Critical Cold-Storage Failure,Critical Cold-Storage Failure,,,
2026-08-14 11:28:33,Real ESP32 Room Sensor,temperature_humidity_sensor,Demo Room,29.8,50.0,Critical,0,Normal Pattern,100,High,Critical Cold-Storage Failure,Critical Cold-Storage Failure,,,
2026-08-14 11:28:36,Real ESP32 Room Sensor,temperature_humidity_sensor,Demo Room,29.8,50.0,Critical,0,Normal Pattern,100,High,Critical Cold-Storage Failure,Critical Cold-Storage Failure,,,
2026-08-14 11:28:38,Real ESP32 Room Sensor,temperature_humidity_sensor,Demo Room,29.8,50.0,Critical,0,Normal Pattern,100,High,Critical Cold-Storage Failure,Critical Cold-Storage Failure,,,
2026-08-14 11:28:40,Real ESP32 Room Sensor,temperature_humidity_sensor,Demo Room,29.8,50.0,Critical,0,Normal Pattern,100,High,Critical Cold-Storage Failure,Critical Cold-Storage Failure,,,
2026-08-14 11:28:43,Real ESP32 Room Sensor,temperature_humidity_sensor,Demo Room,29.8,50.0,Critical,0,Normal Pattern,100,High,Critical Cold-Storage Failure,Critical Cold-Storage Failure,,,
2026-08-14 11:28:45,Real ESP32 Room Sensor,temperature_humidity_sensor,Demo Room,29.8,50.0,Critical,0,Normal Pattern,100,High,Critical Cold-Storage Failure,Critical Cold-Storage Failure,,,
2026-08-14 11:28:47,Real ESP32 Room Sensor,temperature_humidity_sensor,Demo Room,29.8,50.0,Critical,0,Normal Pattern,100,High,Critical Cold-Storage Failure,Critical Cold-Storage Failure,,,
2026-08-14 11:28:49,Real ESP32 Room Sensor,temperature_humidity_sensor,Demo Room,29.8,50.0,Critical,0,Normal Pattern,100,High,Critical Cold-Storage Failure,Critical Cold-Storage Failure,,,
2026-08-14 11:28:52,Real ESP32 Room Sensor,temperature_humidity_sensor,Demo Room,29.8,50.0,Critical,0,Normal Pattern,100,High,Critical Cold-Storage Failure,Critical Cold-Storage Failure,,,
2026-08-14 11:28:54,Real ESP32 Room Sensor,temperature_humidity_sensor,Demo Room,29.8,50.0,Critical,0,Normal Pattern,100,High,Critical Cold-Storage Failure,Critical Cold-Storage Failure,,,
2026-08-14 11:28:56,Real ESP32 Room Sensor,temperature_humidity_sensor,Demo Room,29.8,50.0,Critical,0,Normal Pattern,100,High,Critical Cold-Storage Failure,Critical Cold-Storage Failure,,,
2026-08-14 11:28:58,Real ESP32 Room Sensor,temperature_humidity_sensor,Demo Room,29.8,50.0,Critical,0,Normal Pattern,100,High,Critical Cold-Storage Failure,Critical Cold-Storage Failure,,,
2026-08-14 11:29:01,Real ESP32 Room Sensor,temperature_humidity_sensor,Demo Room,29.8,50.0,Critical,0,Normal Pattern,100,High,Critical Cold-Storage Failure,Critical Cold-Storage Failure,,,
2026-08-14 11:29:03,Real ESP32 Room Sensor,temperature_humidity_sensor,Demo Room,29.8,50.0,Critical,0,Normal Pattern,100,High,Critical Cold-Storage Failure,Critical Cold-Storage Failure,,,
2026-08-14 11:29:05,Real ESP32 Room Sensor,temperature_humidity_sensor,Demo Room,29.8,50.0,Critical,0,Normal Pattern,100,High,Critical Cold-Storage Failure,Critical Cold-Storage Failure,,,
2026-08-14 11:29:07,Real ESP32 Room Sensor,temperature_humidity_sensor,Demo Room,29.8,50.0,Critical,0,Normal Pattern,100,High,Critical Cold-Storage Failure,Critical Cold-Storage Failure,,,
2026-08-14 11:29:10,Real ESP32 Room Sensor,temperature_humidity_sensor,Demo Room,29.8,50.0,Critical,0,Normal Pattern,100,High,Critical Cold-Storage Failure,Critical Cold-Storage Failure,,,
2026-08-14 11:29:12,Real ESP32 Room Sensor,temperature_humidity_sensor,Demo Room,29.8,50.0,Critical,0,Normal Pattern,100,High,Critical Cold-Storage Failure,Critical Cold-Storage Failure,,,
2026-08-14 11:29:14,Real ESP32 Room Sensor,temperature_humidity_sensor,Demo Room,29.8,50.0,Critical,0,Normal Pattern,100,High,Critical Cold-Storage Failure,Critical Cold-Storage Failure,,,
2026-08-14 11:29:17,Real ESP32 Room Sensor,temperature_humidity_sensor,Demo Room,29.8,50.0,Critical,0,Normal Pattern,100,High,Critical Cold-Storage Failure,Critical Cold-Storage Failure,,,
2026-08-14 11:29:19,Real ESP32 Room Sensor,temperature_humidity_sensor,Demo Room,29.8,50.0,Critical,0,Normal Pattern,100,High,Critical Cold-Storage Failure,Critical Cold-Storage Failure,,,
2026-08-14 11:29:21,Real ESP32 Room Sensor,temperature_humidity_sensor,Demo Room,29.8,50.0,Critical,0,Normal Pattern,100,High,Critical Cold-Storage Failure,Critical Cold-Storage Failure,,,
2026-08-14 11:29:24,Real ESP32 Room Sensor,temperature_humidity_sensor,Demo Room,29.8,50.0,Critical,0,Normal Pattern,100,High,Critical Cold-Storage Failure,Critical Cold-Storage Failure,,,
2026-08-14 11:29:26,Real ESP32 Room Sensor,temperature_humidity_sensor,Demo Room,29.8,50.0,Critical,0,Normal Pattern,100,High,Critical Cold-Storage Failure,Critical Cold-Storage Failure,,,
2026-08-14 11:29:28,Real ESP32 Room Sensor,temperature_humidity_sensor,Demo Room,29.8,50.0,Critical,0,Normal Pattern,100,High,Critical Cold-Storage Failure,Critical Cold-Storage Failure,,,
2026-08-14 11:29:30,Real ESP32 Room Sensor,temperature_humidity_sensor,Demo Room,29.8,50.0,Critical,0,Normal Pattern,100,High,Critical Cold-Storage Failure,Critical Cold-Storage Failure,,,
2026-08-14 11:29:33,Real ESP32 Room Sensor,temperature_humidity_sensor,Demo Room,29.8,50.0,Critical,0,Normal Pattern,100,High,Critical Cold-Storage Failure,Critical Cold-Storage Failure,,,
2026-08-14 11:29:35,Real ESP32 Room Sensor,temperature_humidity_sensor,Demo Room,29.8,50.0,Critical,0,Normal Pattern,100,High,Critical Cold-Storage Failure,Critical Cold-Storage Failure,,,
2026-08-14 11:29:37,Real ESP32 Room Sensor,temperature_humidity_sensor,Demo Room,29.8,50.0,Critical,0,Normal Pattern,100,High,Critical Cold-Storage Failure,Critical Cold-Storage Failure,,,
2026-08-14 11:29:39,Real ESP32 Room Sensor,temperature_humidity_sensor,Demo Room,29.8,50.0,Critical,0,Normal Pattern,100,High,Critical Cold-Storage Failure,Critical Cold-Storage Failure,,,
2026-08-14 11:29:41,Real ESP32 Room Sensor,temperature_humidity_sensor,Demo Room,22.5,46.0,Critical,0,Normal Pattern,100,High,Critical Cold-Storage Failure,Critical Cold-Storage Failure,,,
2026-08-14 11:29:42,Real ESP32 Room Sensor,temperature_humidity_sensor,Demo Room,29.8,50.0,Critical,0,Normal Pattern,100,High,Critical Cold-Storage Failure,Critical Cold-Storage Failure,,,
2026-08-14 11:29:44,Real ESP32 Room Sensor,temperature_humidity_sensor,Demo Room,29.8,50.0,Critical,0,Normal Pattern,100,High,Critical Cold-Storage Failure,Critical Cold-Storage Failure,,,
2026-08-14 11:29:46,Real ESP32 Room Sensor,temperature_humidity_sensor,Demo Room,29.8,50.0,Critical,0,Normal Pattern,100,High,Critical Cold-Storage Failure,Critical Cold-Storage Failure,,,
2026-08-14 11:29:49,Real ESP32 Room Sensor,temperature_humidity_sensor,Demo Room,29.8,50.0,Critical,0,Normal Pattern,100,High,Critical Cold-Storage Failure,Critical Cold-Storage Failure,,,
2026-08-14 11:29:51,Real ESP32 Room Sensor,temperature_humidity_sensor,Demo Room,29.8,50.0,Critical,0,Normal Pattern,100,High,Critical Cold-Storage Failure,Critical Cold-Storage Failure,,,
2026-08-14 11:29:53,Real ESP32 Room Sensor,temperature_humidity_sensor,Demo Room,29.8,50.0,Critical,0,Normal Pattern,100,High,Critical Cold-Storage Failure,Critical Cold-Storage Failure,,,
2026-08-14 11:29:55,Real ESP32 Room Sensor,temperature_humidity_sensor,Demo Room,29.8,50.0,Critical,0,Normal Pattern,100,High,Critical Cold-Storage Failure,Critical Cold-Storage Failure,,,
2026-08-14 11:29:57,Real ESP32 Room Sensor,temperature_humidity_sensor,Demo Room,29.8,50.0,Critical,0,Normal Pattern,100,High,Critical Cold-Storage Failure,Critical Cold-Storage Failure,,,
2026-08-14 11:30:00,Real ESP32 Room Sensor,temperature_humidity_sensor,Demo Room,29.8,50.0,Critical,0,Normal Pattern,100,High,Critical Cold-Storage Failure,Critical Cold-Storage Failure,,,
2026-08-14 11:30:02,Real ESP32 Room Sensor,temperature_humidity_sensor,Demo Room,29.8,50.0,Critical,0,Normal Pattern,100,High,Critical Cold-Storage Failure,Critical Cold-Storage Failure,,,
2026-08-14 11:30:04,Real ESP32 Room Sensor,temperature_humidity_sensor,Demo Room,29.8,50.0,Critical,0,Normal Pattern,100,High,Critical Cold-Storage Failure,Critical Cold-Storage Failure,,,
2026-08-14 11:30:07,Real ESP32 Room Sensor,temperature_humidity_sensor,Demo Room,29.8,50.0,Critical,0,Normal Pattern,100,High,Critical Cold-Storage Failure,Critical Cold-Storage Failure,,,
2026-08-14 11:30:09,Real ESP32 Room Sensor,temperature_humidity_sensor,Demo Room,29.8,50.0,Critical,0,Normal Pattern,100,High,Critical Cold-Storage Failure,Critical Cold-Storage Failure,,,
2026-08-14 11:30:11,Real ESP32 Room Sensor,temperature_humidity_sensor,Demo Room,29.8,50.0,Critical,0,Normal Pattern,100,High,Critical Cold-Storage Failure,Critical Cold-Storage Failure,,,
2026-08-14 11:30:13,Real ESP32 Room Sensor,temperature_humidity_sensor,Demo Room,29.8,50.0,Critical,0,Normal Pattern,100,High,Critical Cold-Storage Failure,Critical Cold-Storage Failure,,,
2026-08-14 11:30:16,Real ESP32 Room Sensor,temperature_humidity_sensor,Demo Room,29.8,50.0,Critical,0,Normal Pattern,100,High,Critical Cold-Storage Failure,Critical Cold-Storage Failure,,,
2026-08-14 11:30:18,Real ESP32 Room Sensor,temperature_humidity_sensor,Demo Room,29.8,50.0,Critical,0,Normal Pattern,100,High,Critical Cold-Storage Failure,Critical Cold-Storage Failure,,,
2026-08-14 11:30:20,Real ESP32 Room Sensor,temperature_humidity_sensor,Demo Room,29.8,50.0,Critical,0,Normal Pattern,100,High,Critical Cold-Storage Failure,Critical Cold-Storage Failure,,,
2026-08-14 11:30:23,Real ESP32 Room Sensor,temperature_humidity_sensor,Demo Room,29.8,50.0,Critical,0,Normal Pattern,100,High,Critical Cold-Storage Failure,Critical Cold-Storage Failure,,,
2026-08-14 11:30:25,Real ESP32 Room Sensor,temperature_humidity_sensor,Demo Room,29.8,50.0,Critical,0,Normal Pattern,100,High,Critical Cold-Storage Failure,Critical Cold-Storage Failure,,,
2026-08-14 11:30:27,Real ESP32 Room Sensor,temperature_humidity_sensor,Demo Room,29.8,49.0,Critical,0,Normal Pattern,100,High,Critical Cold-Storage Failure,Critical Cold-Storage Failure,,,
2026-08-14 11:30:30,Real ESP32 Room Sensor,temperature_humidity_sensor,Demo Room,29.8,50.0,Critical,0,Normal Pattern,100,High,Critical Cold-Storage Failure,Critical Cold-Storage Failure,,,
2026-08-14 11:30:32,Real ESP32 Room Sensor,temperature_humidity_sensor,Demo Room,29.8,49.0,Critical,0,Normal Pattern,100,High,Critical Cold-Storage Failure,Critical Cold-Storage Failure,,,
2026-08-14 11:30:35,Real ESP32 Room Sensor,temperature_humidity_sensor,Demo Room,29.8,49.0,Critical,0,Normal Pattern,100,High,Critical Cold-Storage Failure,Critical Cold-Storage Failure,,,
2026-08-14 11:30:37,Real ESP32 Room Sensor,temperature_humidity_sensor,Demo Room,29.8,49.0,Critical,0,Normal Pattern,100,High,Critical Cold-Storage Failure,Critical Cold-Storage Failure,,,
2026-08-14 11:30:39,Real ESP32 Room Sensor,temperature_humidity_sensor,Demo Room,29.8,49.0,Critical,0,Normal Pattern,100,High,Critical Cold-Storage Failure,Critical Cold-Storage Failure,,,
2026-08-14 11:30:42,Real ESP32 Room Sensor,temperature_humidity_sensor,Demo Room,29.8,49.0,Critical,0,Normal Pattern,100,High,Critical Cold-Storage Failure,Critical Cold-Storage Failure,,,
2026-08-14 11:30:44,Real ESP32 Room Sensor,temperature_humidity_sensor,Demo Room,29.8,49.0,Critical,0,Normal Pattern,100,High,Critical Cold-Storage Failure,Critical Cold-Storage Failure,,,
2026-08-14 11:30:46,Real ESP32 Room Sensor,temperature_humidity_sensor,Demo Room,29.8,49.0,Critical,0,Normal Pattern,100,High,Critical Cold-Storage Failure,Critical Cold-Storage Failure,,,
2026-08-14 11:30:48,Real ESP32 Room Sensor,temperature_humidity_sensor,Demo Room,29.8,49.0,Critical,0,Normal Pattern,100,High,Critical Cold-Storage Failure,Critical Cold-Storage Failure,,,
2026-08-14 11:30:51,Real ESP32 Room Sensor,temperature_humidity_sensor,Demo Room,29.8,49.0,Critical,0,Normal Pattern,100,High,Critical Cold-Storage Failure,Critical Cold-Storage Failure,,,
2026-08-14 11:30:53,Real ESP32 Room Sensor,temperature_humidity_sensor,Demo Room,29.8,49.0,Critical,0,Normal Pattern,100,High,Critical Cold-Storage Failure,Critical Cold-Storage Failure,,,
2026-08-14 11:30:56,Real ESP32 Room Sensor,temperature_humidity_sensor,Demo Room,29.8,49.0,Critical,0,Normal Pattern,100,High,Critical Cold-Storage Failure,Critical Cold-Storage Failure,,,
2026-08-14 11:30:58,Real ESP32 Room Sensor,temperature_humidity_sensor,Demo Room,29.8,49.0,Critical,0,Normal Pattern,100,High,Critical Cold-Storage Failure,Critical Cold-Storage Failure,,,
2026-08-14 11:31:00,Real ESP32 Room Sensor,temperature_humidity_sensor,Demo Room,29.8,49.0,Critical,0,Normal Pattern,100,High,Critical Cold-Storage Failure,Critical Cold-Storage Failure,,,
2026-08-14 11:31:03,Real ESP32 Room Sensor,temperature_humidity_sensor,Demo Room,29.8,49.0,Critical,0,Normal Pattern,100,High,Critical Cold-Storage Failure,Critical Cold-Storage Failure,,,
2026-08-14 11:31:05,Real ESP32 Room Sensor,temperature_humidity_sensor,Demo Room,29.8,49.0,Critical,0,Normal Pattern,100,High,Critical Cold-Storage Failure,Critical Cold-Storage Failure,,,
2026-08-14 11:31:07,Real ESP32 Room Sensor,temperature_humidity_sensor,Demo Room,29.8,49.0,Critical,0,Normal Pattern,100,High,Critical Cold-Storage Failure,Critical Cold-Storage Failure,,,
2026-08-14 11:31:09,Real ESP32 Room Sensor,temperature_humidity_sensor,Demo Room,29.8,49.0,Critical,0,Normal Pattern,100,High,Critical Cold-Storage Failure,Critical Cold-Storage Failure,,,
2026-08-14 11:31:12,Real ESP32 Room Sensor,temperature_humidity_sensor,Demo Room,29.8,49.0,Critical,0,Normal Pattern,100,High,Critical Cold-Storage Failure,Critical Cold-Storage Failure,,,
2026-08-14 11:31:14,Real ESP32 Room Sensor,temperature_humidity_sensor,Demo Room,29.8,49.0,Critical,0,Normal Pattern,100,High,Critical Cold-Storage Failure,Critical Cold-Storage Failure,,,
2026-08-14 11:31:16,Real ESP32 Room Sensor,temperature_humidity_sensor,Demo Room,29.8,49.0,Critical,0,Normal Pattern,100,High,Critical Cold-Storage Failure,Critical Cold-Storage Failure,,,
2026-08-14 11:31:19,Real ESP32 Room Sensor,temperature_humidity_sensor,Demo Room,29.8,49.0,Critical,0,Normal Pattern,100,High,Critical Cold-Storage Failure,Critical Cold-Storage Failure,,,
2026-08-14 11:31:21,Real ESP32 Room Sensor,temperature_humidity_sensor,Demo Room,29.8,49.0,Critical,0,Normal Pattern,100,High,Critical Cold-Storage Failure,Critical Cold-Storage Failure,,,
2026-08-14 11:31:23,Real ESP32 Room Sensor,temperature_humidity_sensor,Demo Room,29.8,49.0,Critical,0,Normal Pattern,100,High,Critical Cold-Storage Failure,Critical Cold-Storage Failure,,,
2026-08-14 11:31:26,Real ESP32 Room Sensor,temperature_humidity_sensor,Demo Room,29.8,49.0,Critical,0,Normal Pattern,100,High,Critical Cold-Storage Failure,Critical Cold-Storage Failure,,,
2026-08-14 11:31:28,Real ESP32 Room Sensor,temperature_humidity_sensor,Demo Room,29.8,49.0,Critical,0,Normal Pattern,100,High,Critical Cold-Storage Failure,Critical Cold-Storage Failure,,,
2026-08-14 11:31:31,Real ESP32 Room Sensor,temperature_humidity_sensor,Demo Room,29.8,49.0,Critical,0,Normal Pattern,100,High,Critical Cold-Storage Failure,Critical Cold-Storage Failure,,,
2026-08-14 11:31:33,Real ESP32 Room Sensor,temperature_humidity_sensor,Demo Room,29.8,49.0,Critical,0,Normal Pattern,100,High,Critical Cold-Storage Failure,Critical Cold-Storage Failure,,,
2026-08-14 11:31:35,Real ESP32 Room Sensor,temperature_humidity_sensor,Demo Room,29.8,49.0,Critical,0,Normal Pattern,100,High,Critical Cold-Storage Failure,Critical Cold-Storage Failure,,,
2026-08-14 11:31:38,Real ESP32 Room Sensor,temperature_humidity_sensor,Demo Room,29.8,49.0,Critical,0,Normal Pattern,100,High,Critical Cold-Storage Failure,Critical Cold-Storage Failure,,,
2026-08-14 11:31:40,Real ESP32 Room Sensor,temperature_humidity_sensor,Demo Room,29.8,50.0,Critical,0,Normal Pattern,100,High,Critical Cold-Storage Failure,Critical Cold-Storage Failure,,,
2026-08-14 11:31:42,Real ESP32 Room Sensor,temperature_humidity_sensor,Demo Room,29.8,50.0,Critical,0,Normal Pattern,100,High,Critical Cold-Storage Failure,Critical Cold-Storage Failure,,,
2026-08-14 11:31:45,Real ESP32 Room Sensor,temperature_humidity_sensor,Demo Room,29.8,50.0,Critical,0,Normal Pattern,100,High,Critical Cold-Storage Failure,Critical Cold-Storage Failure,,,
2026-08-14 11:31:47,Real ESP32 Room Sensor,temperature_humidity_sensor,Demo Room,29.8,50.0,Critical,0,Normal Pattern,100,High,Critical Cold-Storage Failure,Critical Cold-Storage Failure,,,
2026-08-14 11:31:49,Real ESP32 Room Sensor,temperature_humidity_sensor,Demo Room,29.8,50.0,Critical,0,Normal Pattern,100,High,Critical Cold-Storage Failure,Critical Cold-Storage Failure,,,
2026-08-14 11:31:51,Real ESP32 Room Sensor,temperature_humidity_sensor,Demo Room,29.8,50.0,Critical,0,Normal Pattern,100,High,Critical Cold-Storage Failure,Critical Cold-Storage Failure,,,
2026-08-14 11:31:54,Real ESP32 Room Sensor,temperature_humidity_sensor,Demo Room,29.8,50.0,Critical,0,Normal Pattern,100,High,Critical Cold-Storage Failure,Critical Cold-Storage Failure,,,
2026-08-14 11:31:56,Real ESP32 Room Sensor,temperature_humidity_sensor,Demo Room,29.8,50.0,Critical,0,Normal Pattern,100,High,Critical Cold-Storage Failure,Critical Cold-Storage Failure,,,
2026-08-14 11:31:58,Real ESP32 Room Sensor,temperature_humidity_sensor,Demo Room,29.8,50.0,Critical,0,Normal Pattern,100,High,Critical Cold-Storage Failure,Critical Cold-Storage Failure,,,
2026-08-14 11:32:01,Real ESP32 Room Sensor,temperature_humidity_sensor,Demo Room,29.8,50.0,Critical,0,Normal Pattern,100,High,Critical Cold-Storage Failure,Critical Cold-Storage Failure,,,
2026-08-14 11:32:03,Real ESP32 Room Sensor,temperature_humidity_sensor,Demo Room,29.8,50.0,Critical,0,Normal Pattern,100,High,Critical Cold-Storage Failure,Critical Cold-Storage Failure,,,
2026-08-14 11:32:05,Real ESP32 Room Sensor,temperature_humidity_sensor,Demo Room,29.8,50.0,Critical,0,Normal Pattern,100,High,Critical Cold-Storage Failure,Critical Cold-Storage Failure,,,
2026-08-14 11:32:08,Real ESP32 Room Sensor,temperature_humidity_sensor,Demo Room,29.8,50.0,Critical,0,Normal Pattern,100,High,Critical Cold-Storage Failure,Critical Cold-Storage Failure,,,
2026-08-14 11:32:10,Real ESP32 Room Sensor,temperature_humidity_sensor,Demo Room,29.8,50.0,Critical,0,Normal Pattern,100,High,Critical Cold-Storage Failure,Critical Cold-Storage Failure,,,
2026-08-14 11:32:12,Real ESP32 Room Sensor,temperature_humidity_sensor,Demo Room,29.8,50.0,Critical,0,Normal Pattern,100,High,Critical Cold-Storage Failure,Critical Cold-Storage Failure,,,
2026-08-14 11:32:14,Real ESP32 Room Sensor,temperature_humidity_sensor,Demo Room,29.8,50.0,Critical,0,Normal Pattern,100,High,Critical Cold-Storage Failure,Critical Cold-Storage Failure,,,
2026-08-14 11:32:17,Real ESP32 Room Sensor,temperature_humidity_sensor,Demo Room,29.8,50.0,Critical,0,Normal Pattern,100,High,Critical Cold-Storage Failure,Critical Cold-Storage Failure,,,
2026-08-14 11:32:19,Real ESP32 Room Sensor,temperature_humidity_sensor,Demo Room,29.8,50.0,Critical,0,Normal Pattern,100,High,Critical Cold-Storage Failure,Critical Cold-Storage Failure,,,
2026-08-14 11:32:21,Real ESP32 Room Sensor,temperature_humidity_sensor,Demo Room,29.8,50.0,Critical,0,Normal Pattern,100,High,Critical Cold-Storage Failure,Critical Cold-Storage Failure,,,
2026-08-14 11:32:24,Real ESP32 Room Sensor,temperature_humidity_sensor,Demo Room,29.8,50.0,Critical,0,Normal Pattern,100,High,Critical Cold-Storage Failure,Critical Cold-Storage Failure,,,
2026-08-14 11:32:26,Real ESP32 Room Sensor,temperature_humidity_sensor,Demo Room,29.8,50.0,Critical,0,Normal Pattern,100,High,Critical Cold-Storage Failure,Critical Cold-Storage Failure,,,
2026-08-14 11:32:28,Real ESP32 Room Sensor,temperature_humidity_sensor,Demo Room,29.8,50.0,Critical,0,Normal Pattern,100,High,Critical Cold-Storage Failure,Critical Cold-Storage Failure,,,
2026-08-14 11:32:31,Real ESP32 Room Sensor,temperature_humidity_sensor,Demo Room,29.8,50.0,Critical,0,Normal Pattern,100,High,Critical Cold-Storage Failure,Critical Cold-Storage Failure,,,
2026-08-14 11:32:33,Real ESP32 Room Sensor,temperature_humidity_sensor,Demo Room,29.8,50.0,Critical,0,Normal Pattern,100,High,Critical Cold-Storage Failure,Critical Cold-Storage Failure,,,
2026-08-14 11:32:35,Real ESP32 Room Sensor,temperature_humidity_sensor,Demo Room,29.8,50.0,Critical,0,Normal Pattern,100,High,Critical Cold-Storage Failure,Critical Cold-Storage Failure,,,
2026-08-14 11:32:38,Real ESP32 Room Sensor,temperature_humidity_sensor,Demo Room,29.8,50.0,Critical,0,Normal Pattern,100,High,Critical Cold-Storage Failure,Critical Cold-Storage Failure,,,
2026-08-14 11:32:40,Real ESP32 Room Sensor,temperature_humidity_sensor,Demo Room,29.8,50.0,Critical,0,Normal Pattern,100,High,Critical Cold-Storage Failure,Critical Cold-Storage Failure,,,
2026-08-14 11:32:42,Real ESP32 Room Sensor,temperature_humidity_sensor,Demo Room,29.8,50.0,Critical,0,Normal Pattern,100,High,Critical Cold-Storage Failure,Critical Cold-Storage Failure,,,
2026-08-14 11:32:44,Real ESP32 Room Sensor,temperature_humidity_sensor,Demo Room,29.8,50.0,Critical,0,Normal Pattern,100,High,Critical Cold-Storage Failure,Critical Cold-Storage Failure,,,
2026-08-14 11:32:47,Real ESP32 Room Sensor,temperature_humidity_sensor,Demo Room,29.8,50.0,Critical,0,Normal Pattern,100,High,Critical Cold-Storage Failure,Critical Cold-Storage Failure,,,
2026-08-14 11:32:49,Real ESP32 Room Sensor,temperature_humidity_sensor,Demo Room,29.8,50.0,Critical,0,Normal Pattern,100,High,Critical Cold-Storage Failure,Critical Cold-Storage Failure,,,
2026-08-14 11:32:51,Real ESP32 Room Sensor,temperature_humidity_sensor,Demo Room,29.8,50.0,Critical,0,Normal Pattern,100,High,Critical Cold-Storage Failure,Critical Cold-Storage Failure,,,
2026-08-14 11:32:54,Real ESP32 Room Sensor,temperature_humidity_sensor,Demo Room,29.8,50.0,Critical,0,Normal Pattern,100,High,Critical Cold-Storage Failure,Critical Cold-Storage Failure,,,
2026-08-14 11:32:56,Real ESP32 Room Sensor,temperature_humidity_sensor,Demo Room,29.8,50.0,Critical,0,Normal Pattern,100,High,Critical Cold-Storage Failure,Critical Cold-Storage Failure,,,
2026-08-14 11:32:58,Real ESP32 Room Sensor,temperature_humidity_sensor,Demo Room,29.8,50.0,Critical,0,Normal Pattern,100,High,Critical Cold-Storage Failure,Critical Cold-Storage Failure,,,
2026-08-14 11:33:01,Real ESP32 Room Sensor,temperature_humidity_sensor,Demo Room,29.8,50.0,Critical,0,Normal Pattern,100,High,Critical Cold-Storage Failure,Critical Cold-Storage Failure,,,
2026-08-14 11:33:03,Real ESP32 Room Sensor,temperature_humidity_sensor,Demo Room,29.8,50.0,Critical,0,Normal Pattern,100,High,Critical Cold-Storage Failure,Critical Cold-Storage Failure,,,
2026-08-14 11:33:05,Real ESP32 Room Sensor,temperature_humidity_sensor,Demo Room,29.8,50.0,Critical,0,Normal Pattern,100,High,Critical Cold-Storage Failure,Critical Cold-Storage Failure,,,
2026-08-14 11:33:07,Real ESP32 Room Sensor,temperature_humidity_sensor,Demo Room,29.8,50.0,Critical,0,Normal Pattern,100,High,Critical Cold-Storage Failure,Critical Cold-Storage Failure,,,
2026-08-14 11:33:10,Real ESP32 Room Sensor,temperature_humidity_sensor,Demo Room,29.8,50.0,Critical,0,Normal Pattern,100,High,Critical Cold-Storage Failure,Critical Cold-Storage Failure,,,
2026-08-14 11:33:12,Real ESP32 Room Sensor,temperature_humidity_sensor,Demo Room,29.8,50.0,Critical,0,Normal Pattern,100,High,Critical Cold-Storage Failure,Critical Cold-Storage Failure,,,
2026-08-14 11:33:14,Real ESP32 Room Sensor,temperature_humidity_sensor,Demo Room,29.8,50.0,Critical,0,Normal Pattern,100,High,Critical Cold-Storage Failure,Critical Cold-Storage Failure,,,
2026-08-14 11:33:17,Real ESP32 Room Sensor,temperature_humidity_sensor,Demo Room,29.8,50.0,Critical,0,Normal Pattern,100,High,Critical Cold-Storage Failure,Critical Cold-Storage Failure,,,
2026-08-14 11:33:19,Real ESP32 Room Sensor,temperature_humidity_sensor,Demo Room,29.8,50.0,Critical,0,Normal Pattern,100,High,Critical Cold-Storage Failure,Critical Cold-Storage Failure,,,
2026-08-14 11:33:21,Real ESP32 Room Sensor,temperature_humidity_sensor,Demo Room,29.8,50.0,Critical,0,Normal Pattern,100,High,Critical Cold-Storage Failure,Critical Cold-Storage Failure,,,
2026-08-14 11:33:24,Real ESP32 Room Sensor,temperature_humidity_sensor,Demo Room,29.8,50.0,Critical,0,Normal Pattern,100,High,Critical Cold-Storage Failure,Critical Cold-Storage Failure,,,
2026-08-14 11:33:26,Real ESP32 Room Sensor,temperature_humidity_sensor,Demo Room,29.8,50.0,Critical,0,Normal Pattern,100,High,Critical Cold-Storage Failure,Critical Cold-Storage Failure,,,
2026-08-14 11:33:28,Real ESP32 Room Sensor,temperature_humidity_sensor,Demo Room,29.8,50.0,Critical,0,Normal Pattern,100,High,Critical Cold-Storage Failure,Critical Cold-Storage Failure,,,
2026-08-14 11:33:31,Real ESP32 Room Sensor,temperature_humidity_sensor,Demo Room,29.8,50.0,Critical,0,Normal Pattern,100,High,Critical Cold-Storage Failure,Critical Cold-Storage Failure,,,
2026-08-14 11:33:33,Real ESP32 Room Sensor,temperature_humidity_sensor,Demo Room,29.8,50.0,Critical,0,Normal Pattern,100,High,Critical Cold-Storage Failure,Critical Cold-Storage Failure,,,
2026-08-14 11:33:35,Real ESP32 Room Sensor,temperature_humidity_sensor,Demo Room,29.8,50.0,Critical,0,Normal Pattern,100,High,Critical Cold-Storage Failure,Critical Cold-Storage Failure,,,
2026-08-14 11:33:37,Real ESP32 Room Sensor,temperature_humidity_sensor,Demo Room,29.8,50.0,Critical,0,Normal Pattern,100,High,Critical Cold-Storage Failure,Critical Cold-Storage Failure,,,
2026-08-14 11:33:40,Real ESP32 Room Sensor,temperature_humidity_sensor,Demo Room,29.8,50.0,Critical,0,Normal Pattern,100,High,Critical Cold-Storage Failure,Critical Cold-Storage Failure,,,
2026-08-14 11:33:42,Real ESP32 Room Sensor,temperature_humidity_sensor,Demo Room,29.8,50.0,Critical,0,Normal Pattern,100,High,Critical Cold-Storage Failure,Critical Cold-Storage Failure,,,
2026-08-14 11:33:44,Real ESP32 Room Sensor,temperature_humidity_sensor,Demo Room,29.8,50.0,Critical,0,Normal Pattern,100,High,Critical Cold-Storage Failure,Critical Cold-Storage Failure,,,
2026-08-14 11:33:47,Real ESP32 Room Sensor,temperature_humidity_sensor,Demo Room,29.8,50.0,Critical,0,Normal Pattern,100,High,Critical Cold-Storage Failure,Critical Cold-Storage Failure,,,
2026-08-14 11:33:49,Real ESP32 Room Sensor,temperature_humidity_sensor,Demo Room,29.8,50.0,Critical,0,Normal Pattern,100,High,Critical Cold-Storage Failure,Critical Cold-Storage Failure,,,
2026-08-14 11:33:52,Real ESP32 Room Sensor,temperature_humidity_sensor,Demo Room,29.8,50.0,Critical,0,Normal Pattern,100,High,Critical Cold-Storage Failure,Critical Cold-Storage Failure,,,
2026-08-14 11:33:54,Real ESP32 Room Sensor,temperature_humidity_sensor,Demo Room,29.8,50.0,Critical,0,Normal Pattern,100,High,Critical Cold-Storage Failure,Critical Cold-Storage Failure,,,
2026-08-14 11:33:56,Real ESP32 Room Sensor,temperature_humidity_sensor,Demo Room,29.8,50.0,Critical,0,Normal Pattern,100,High,Critical Cold-Storage Failure,Critical Cold-Storage Failure,,,
2026-08-14 11:33:59,Real ESP32 Room Sensor,temperature_humidity_sensor,Demo Room,29.8,50.0,Critical,0,Normal Pattern,100,High,Critical Cold-Storage Failure,Critical Cold-Storage Failure,,,
2026-08-14 11:34:01,Real ESP32 Room Sensor,temperature_humidity_sensor,Demo Room,29.8,50.0,Critical,0,Normal Pattern,100,High,Critical Cold-Storage Failure,Critical Cold-Storage Failure,,,
2026-08-14 11:34:03,Real ESP32 Room Sensor,temperature_humidity_sensor,Demo Room,29.8,50.0,Critical,0,Normal Pattern,100,High,Critical Cold-Storage Failure,Critical Cold-Storage Failure,,,
2026-08-14 11:34:05,Real ESP32 Room Sensor,temperature_humidity_sensor,Demo Room,29.8,50.0,Critical,0,Normal Pattern,100,High,Critical Cold-Storage Failure,Critical Cold-Storage Failure,,,
2026-08-14 11:34:08,Real ESP32 Room Sensor,temperature_humidity_sensor,Demo Room,29.8,50.0,Critical,0,Normal Pattern,100,High,Critical Cold-Storage Failure,Critical Cold-Storage Failure,,,
2026-08-14 11:34:10,Real ESP32 Room Sensor,temperature_humidity_sensor,Demo Room,29.8,50.0,Critical,0,Normal Pattern,100,High,Critical Cold-Storage Failure,Critical Cold-Storage Failure,,,
2026-08-14 11:34:12,Real ESP32 Room Sensor,temperature_humidity_sensor,Demo Room,29.8,50.0,Critical,0,Normal Pattern,100,High,Critical Cold-Storage Failure,Critical Cold-Storage Failure,,,
2026-08-14 11:34:14,Real ESP32 Room Sensor,temperature_humidity_sensor,Demo Room,29.8,50.0,Critical,0,Normal Pattern,100,High,Critical Cold-Storage Failure,Critical Cold-Storage Failure,,,
2026-08-14 11:34:17,Real ESP32 Room Sensor,temperature_humidity_sensor,Demo Room,29.8,50.0,Critical,0,Normal Pattern,100,High,Critical Cold-Storage Failure,Critical Cold-Storage Failure,,,
2026-08-14 11:34:19,Real ESP32 Room Sensor,temperature_humidity_sensor,Demo Room,29.8,50.0,Critical,0,Normal Pattern,100,High,Critical Cold-Storage Failure,Critical Cold-Storage Failure,,,
2026-08-14 11:34:21,Real ESP32 Room Sensor,temperature_humidity_sensor,Demo Room,29.8,50.0,Critical,0,Normal Pattern,100,High,Critical Cold-Storage Failure,Critical Cold-Storage Failure,,,
2026-08-14 11:34:24,Real ESP32 Room Sensor,temperature_humidity_sensor,Demo Room,29.8,50.0,Critical,0,Normal Pattern,100,High,Critical Cold-Storage Failure,Critical Cold-Storage Failure,,,
2026-08-14 11:34:26,Real ESP32 Room Sensor,temperature_humidity_sensor,Demo Room,29.8,50.0,Critical,0,Normal Pattern,100,High,Critical Cold-Storage Failure,Critical Cold-Storage Failure,,,
2026-08-14 11:34:28,Real ESP32 Room Sensor,temperature_humidity_sensor,Demo Room,29.8,50.0,Critical,0,Normal Pattern,100,High,Critical Cold-Storage Failure,Critical Cold-Storage Failure,,,
2026-08-14 11:34:30,Real ESP32 Room Sensor,temperature_humidity_sensor,Demo Room,29.8,50.0,Critical,0,Normal Pattern,100,High,Critical Cold-Storage Failure,Critical Cold-Storage Failure,,,
2026-08-14 11:34:33,Real ESP32 Room Sensor,temperature_humidity_sensor,Demo Room,29.8,50.0,Critical,0,Normal Pattern,100,High,Critical Cold-Storage Failure,Critical Cold-Storage Failure,,,
2026-08-14 11:34:35,Real ESP32 Room Sensor,temperature_humidity_sensor,Demo Room,29.8,50.0,Critical,0,Normal Pattern,100,High,Critical Cold-Storage Failure,Critical Cold-Storage Failure,,,
2026-08-14 11:34:37,Real ESP32 Room Sensor,temperature_humidity_sensor,Demo Room,29.8,50.0,Critical,0,Normal Pattern,100,High,Critical Cold-Storage Failure,Critical Cold-Storage Failure,,,
2026-08-14 11:34:40,Real ESP32 Room Sensor,temperature_humidity_sensor,Demo Room,29.8,50.0,Critical,0,Normal Pattern,100,High,Critical Cold-Storage Failure,Critical Cold-Storage Failure,,,
2026-08-14 11:34:42,Real ESP32 Room Sensor,temperature_humidity_sensor,Demo Room,29.8,50.0,Critical,0,Normal Pattern,100,High,Critical Cold-Storage Failure,Critical Cold-Storage Failure,,,
2026-08-14 11:34:44,Real ESP32 Room Sensor,temperature_humidity_sensor,Demo Room,29.8,50.0,Critical,0,Normal Pattern,100,High,Critical Cold-Storage Failure,Critical Cold-Storage Failure,,,
2026-08-14 11:34:48,Real ESP32 Room Sensor,temperature_humidity_sensor,Demo Room,29.8,50.0,Critical,0,Normal Pattern,100,High,Critical Cold-Storage Failure,Critical Cold-Storage Failure,,,
2026-08-14 11:34:50,Real ESP32 Room Sensor,temperature_humidity_sensor,Demo Room,29.8,50.0,Critical,0,Normal Pattern,100,High,Critical Cold-Storage Failure,Critical Cold-Storage Failure,,,
2026-08-14 11:34:53,Real ESP32 Room Sensor,temperature_humidity_sensor,Demo Room,29.8,50.0,Critical,0,Normal Pattern,100,High,Critical Cold-Storage Failure,Critical Cold-Storage Failure,,,
2026-08-14 11:34:55,Real ESP32 Room Sensor,temperature_humidity_sensor,Demo Room,29.8,50.0,Critical,0,Normal Pattern,100,High,Critical Cold-Storage Failure,Critical Cold-Storage Failure,,,
2026-08-14 11:34:57,Real ESP32 Room Sensor,temperature_humidity_sensor,Demo Room,29.8,50.0,Critical,0,Normal Pattern,100,High,Critical Cold-Storage Failure,Critical Cold-Storage Failure,,,
2026-08-14 11:35:00,Real ESP32 Room Sensor,temperature_humidity_sensor,Demo Room,29.8,50.0,Critical,0,Normal Pattern,100,High,Critical Cold-Storage Failure,Critical Cold-Storage Failure,,,
2026-08-14 11:35:02,Real ESP32 Room Sensor,temperature_humidity_sensor,Demo Room,29.8,50.0,Critical,0,Normal Pattern,100,High,Critical Cold-Storage Failure,Critical Cold-Storage Failure,,,
2026-08-14 11:35:04,Real ESP32 Room Sensor,temperature_humidity_sensor,Demo Room,29.8,50.0,Critical,0,Normal Pattern,100,High,Critical Cold-Storage Failure,Critical Cold-Storage Failure,,,
2026-08-14 11:35:06,Real ESP32 Room Sensor,temperature_humidity_sensor,Demo Room,29.8,50.0,Critical,0,Normal Pattern,100,High,Critical Cold-Storage Failure,Critical Cold-Storage Failure,,,
2026-08-14 11:35:09,Real ESP32 Room Sensor,temperature_humidity_sensor,Demo Room,29.8,50.0,Critical,0,Normal Pattern,100,High,Critical Cold-Storage Failure,Critical Cold-Storage Failure,,,
2026-08-14 11:35:11,Real ESP32 Room Sensor,temperature_humidity_sensor,Demo Room,29.8,50.0,Critical,0,Normal Pattern,100,High,Critical Cold-Storage Failure,Critical Cold-Storage Failure,,,
2026-08-14 11:35:13,Real ESP32 Room Sensor,temperature_humidity_sensor,Demo Room,29.8,50.0,Critical,0,Normal Pattern,100,High,Critical Cold-Storage Failure,Critical Cold-Storage Failure,,,
2026-08-14 11:35:16,Real ESP32 Room Sensor,temperature_humidity_sensor,Demo Room,29.8,50.0,Critical,0,Normal Pattern,100,High,Critical Cold-Storage Failure,Critical Cold-Storage Failure,,,
2026-08-14 11:35:18,Real ESP32 Room Sensor,temperature_humidity_sensor,Demo Room,29.8,50.0,Critical,0,Normal Pattern,100,High,Critical Cold-Storage Failure,Critical Cold-Storage Failure,,,
2026-08-14 11:35:20,Real ESP32 Room Sensor,temperature_humidity_sensor,Demo Room,29.8,50.0,Critical,0,Normal Pattern,100,High,Critical Cold-Storage Failure,Critical Cold-Storage Failure,,,
2026-08-14 11:35:23,Real ESP32 Room Sensor,temperature_humidity_sensor,Demo Room,29.8,50.0,Critical,0,Normal Pattern,100,High,Critical Cold-Storage Failure,Critical Cold-Storage Failure,,,
2026-08-14 11:35:25,Real ESP32 Room Sensor,temperature_humidity_sensor,Demo Room,29.8,50.0,Critical,0,Normal Pattern,100,High,Critical Cold-Storage Failure,Critical Cold-Storage Failure,,,
2026-08-14 11:35:27,Real ESP32 Room Sensor,temperature_humidity_sensor,Demo Room,29.8,50.0,Critical,0,Normal Pattern,100,High,Critical Cold-Storage Failure,Critical Cold-Storage Failure,,,
2026-08-14 11:35:30,Real ESP32 Room Sensor,temperature_humidity_sensor,Demo Room,29.8,50.0,Critical,0,Normal Pattern,100,High,Critical Cold-Storage Failure,Critical Cold-Storage Failure,,,
2026-08-14 11:35:32,Real ESP32 Room Sensor,temperature_humidity_sensor,Demo Room,29.8,50.0,Critical,0,Normal Pattern,100,High,Critical Cold-Storage Failure,Critical Cold-Storage Failure,,,
2026-08-14 11:35:34,Real ESP32 Room Sensor,temperature_humidity_sensor,Demo Room,29.8,50.0,Critical,0,Normal Pattern,100,High,Critical Cold-Storage Failure,Critical Cold-Storage Failure,,,
2026-08-14 11:35:37,Real ESP32 Room Sensor,temperature_humidity_sensor,Demo Room,29.8,50.0,Critical,0,Normal Pattern,100,High,Critical Cold-Storage Failure,Critical Cold-Storage Failure,,,
2026-08-14 11:35:39,Real ESP32 Room Sensor,temperature_humidity_sensor,Demo Room,29.8,50.0,Critical,0,Normal Pattern,100,High,Critical Cold-Storage Failure,Critical Cold-Storage Failure,,,
2026-08-14 11:35:41,Real ESP32 Room Sensor,temperature_humidity_sensor,Demo Room,29.8,50.0,Critical,0,Normal Pattern,100,High,Critical Cold-Storage Failure,Critical Cold-Storage Failure,,,
2026-08-14 11:35:43,Real ESP32 Room Sensor,temperature_humidity_sensor,Demo Room,29.8,50.0,Critical,0,Normal Pattern,100,High,Critical Cold-Storage Failure,Critical Cold-Storage Failure,,,
2026-08-14 11:35:46,Real ESP32 Room Sensor,temperature_humidity_sensor,Demo Room,29.8,50.0,Critical,0,Normal Pattern,100,High,Critical Cold-Storage Failure,Critical Cold-Storage Failure,,,
2026-08-14 11:35:48,Real ESP32 Room Sensor,temperature_humidity_sensor,Demo Room,29.8,50.0,Critical,0,Normal Pattern,100,High,Critical Cold-Storage Failure,Critical Cold-Storage Failure,,,
2026-08-14 11:35:50,Real ESP32 Room Sensor,temperature_humidity_sensor,Demo Room,29.8,50.0,Critical,0,Normal Pattern,100,High,Critical Cold-Storage Failure,Critical Cold-Storage Failure,,,
2026-08-14 11:35:52,Real ESP32 Room Sensor,temperature_humidity_sensor,Demo Room,29.8,50.0,Critical,0,Normal Pattern,100,High,Critical Cold-Storage Failure,Critical Cold-Storage Failure,,,
2026-08-14 11:35:55,Real ESP32 Room Sensor,temperature_humidity_sensor,Demo Room,29.8,50.0,Critical,0,Normal Pattern,100,High,Critical Cold-Storage Failure,Critical Cold-Storage Failure,,,
2026-08-14 11:35:57,Real ESP32 Room Sensor,temperature_humidity_sensor,Demo Room,29.8,50.0,Critical,0,Normal Pattern,100,High,Critical Cold-Storage Failure,Critical Cold-Storage Failure,,,
2026-08-14 11:35:59,Real ESP32 Room Sensor,temperature_humidity_sensor,Demo Room,29.8,50.0,Critical,0,Normal Pattern,100,High,Critical Cold-Storage Failure,Critical Cold-Storage Failure,,,
2026-08-14 11:36:01,Real ESP32 Room Sensor,temperature_humidity_sensor,Demo Room,29.8,50.0,Critical,0,Normal Pattern,100,High,Critical Cold-Storage Failure,Critical Cold-Storage Failure,,,
2026-08-14 11:36:04,Real ESP32 Room Sensor,temperature_humidity_sensor,Demo Room,29.8,50.0,Critical,0,Normal Pattern,100,High,Critical Cold-Storage Failure,Critical Cold-Storage Failure,,,
2026-08-14 11:36:06,Real ESP32 Room Sensor,temperature_humidity_sensor,Demo Room,29.8,50.0,Critical,0,Normal Pattern,100,High,Critical Cold-Storage Failure,Critical Cold-Storage Failure,,,
2026-08-14 11:36:08,Real ESP32 Room Sensor,temperature_humidity_sensor,Demo Room,29.8,50.0,Critical,0,Normal Pattern,100,High,Critical Cold-Storage Failure,Critical Cold-Storage Failure,,,
2026-08-14 11:36:11,Real ESP32 Room Sensor,temperature_humidity_sensor,Demo Room,29.8,50.0,Critical,0,Normal Pattern,100,High,Critical Cold-Storage Failure,Critical Cold-Storage Failure,,,
2026-08-14 11:36:13,Real ESP32 Room Sensor,temperature_humidity_sensor,Demo Room,29.8,50.0,Critical,0,Normal Pattern,100,High,Critical Cold-Storage Failure,Critical Cold-Storage Failure,,,
2026-08-14 11:36:15,Real ESP32 Room Sensor,temperature_humidity_sensor,Demo Room,29.8,50.0,Critical,0,Normal Pattern,100,High,Critical Cold-Storage Failure,Critical Cold-Storage Failure,,,
2026-08-14 11:36:18,Real ESP32 Room Sensor,temperature_humidity_sensor,Demo Room,29.8,50.0,Critical,0,Normal Pattern,100,High,Critical Cold-Storage Failure,Critical Cold-Storage Failure,,,
2026-08-14 11:36:20,Real ESP32 Room Sensor,temperature_humidity_sensor,Demo Room,29.8,50.0,Critical,0,Normal Pattern,100,High,Critical Cold-Storage Failure,Critical Cold-Storage Failure,,,
2026-08-14 11:36:22,Real ESP32 Room Sensor,temperature_humidity_sensor,Demo Room,29.8,50.0,Critical,0,Normal Pattern,100,High,Critical Cold-Storage Failure,Critical Cold-Storage Failure,,,
2026-08-14 11:36:25,Real ESP32 Room Sensor,temperature_humidity_sensor,Demo Room,29.8,50.0,Critical,0,Normal Pattern,100,High,Critical Cold-Storage Failure,Critical Cold-Storage Failure,,,
2026-08-14 11:36:27,Real ESP32 Room Sensor,temperature_humidity_sensor,Demo Room,29.8,50.0,Critical,0,Normal Pattern,100,High,Critical Cold-Storage Failure,Critical Cold-Storage Failure,,,
2026-08-14 11:36:29,Real ESP32 Room Sensor,temperature_humidity_sensor,Demo Room,29.8,50.0,Critical,0,Normal Pattern,100,High,Critical Cold-Storage Failure,Critical Cold-Storage Failure,,,
2026-08-14 11:36:32,Real ESP32 Room Sensor,temperature_humidity_sensor,Demo Room,29.8,50.0,Critical,0,Normal Pattern,100,High,Critical Cold-Storage Failure,Critical Cold-Storage Failure,,,
2026-08-14 11:36:34,Real ESP32 Room Sensor,temperature_humidity_sensor,Demo Room,29.8,50.0,Critical,0,Normal Pattern,100,High,Critical Cold-Storage Failure,Critical Cold-Storage Failure,,,
2026-08-14 11:36:36,Real ESP32 Room Sensor,temperature_humidity_sensor,Demo Room,29.8,50.0,Critical,0,Normal Pattern,100,High,Critical Cold-Storage Failure,Critical Cold-Storage Failure,,,
2026-08-14 11:36:39,Real ESP32 Room Sensor,temperature_humidity_sensor,Demo Room,29.8,50.0,Critical,0,Normal Pattern,100,High,Critical Cold-Storage Failure,Critical Cold-Storage Failure,,,
2026-08-14 11:36:41,Real ESP32 Room Sensor,temperature_humidity_sensor,Demo Room,29.8,50.0,Critical,0,Normal Pattern,100,High,Critical Cold-Storage Failure,Critical Cold-Storage Failure,,,
2026-08-14 11:36:43,Real ESP32 Room Sensor,temperature_humidity_sensor,Demo Room,29.8,50.0,Critical,0,Normal Pattern,100,High,Critical Cold-Storage Failure,Critical Cold-Storage Failure,,,
2026-08-14 11:36:46,Real ESP32 Room Sensor,temperature_humidity_sensor,Demo Room,29.8,50.0,Critical,0,Normal Pattern,100,High,Critical Cold-Storage Failure,Critical Cold-Storage Failure,,,
2026-08-14 11:36:48,Real ESP32 Room Sensor,temperature_humidity_sensor,Demo Room,29.8,50.0,Critical,0,Normal Pattern,100,High,Critical Cold-Storage Failure,Critical Cold-Storage Failure,,,
2026-08-14 11:36:50,Real ESP32 Room Sensor,temperature_humidity_sensor,Demo Room,29.8,50.0,Critical,0,Normal Pattern,100,High,Critical Cold-Storage Failure,Critical Cold-Storage Failure,,,
2026-08-14 11:36:53,Real ESP32 Room Sensor,temperature_humidity_sensor,Demo Room,29.8,50.0,Critical,0,Normal Pattern,100,High,Critical Cold-Storage Failure,Critical Cold-Storage Failure,,,
2026-08-14 11:36:55,Real ESP32 Room Sensor,temperature_humidity_sensor,Demo Room,29.8,50.0,Critical,0,Normal Pattern,100,High,Critical Cold-Storage Failure,Critical Cold-Storage Failure,,,
2026-08-14 11:36:57,Real ESP32 Room Sensor,temperature_humidity_sensor,Demo Room,29.8,50.0,Critical,0,Normal Pattern,100,High,Critical Cold-Storage Failure,Critical Cold-Storage Failure,,,
2026-08-14 11:37:00,Real ESP32 Room Sensor,temperature_humidity_sensor,Demo Room,29.8,50.0,Critical,0,Normal Pattern,100,High,Critical Cold-Storage Failure,Critical Cold-Storage Failure,,,
2026-08-14 11:37:02,Real ESP32 Room Sensor,temperature_humidity_sensor,Demo Room,29.8,50.0,Critical,0,Normal Pattern,100,High,Critical Cold-Storage Failure,Critical Cold-Storage Failure,,,
2026-08-14 11:37:04,Real ESP32 Room Sensor,temperature_humidity_sensor,Demo Room,29.8,50.0,Critical,0,Normal Pattern,100,High,Critical Cold-Storage Failure,Critical Cold-Storage Failure,,,
2026-08-14 11:37:07,Real ESP32 Room Sensor,temperature_humidity_sensor,Demo Room,29.8,50.0,Critical,0,Normal Pattern,100,High,Critical Cold-Storage Failure,Critical Cold-Storage Failure,,,
2026-08-14 11:37:09,Real ESP32 Room Sensor,temperature_humidity_sensor,Demo Room,29.8,50.0,Critical,0,Normal Pattern,100,High,Critical Cold-Storage Failure,Critical Cold-Storage Failure,,,
2026-08-14 11:37:11,Real ESP32 Room Sensor,temperature_humidity_sensor,Demo Room,29.8,50.0,Critical,0,Normal Pattern,100,High,Critical Cold-Storage Failure,Critical Cold-Storage Failure,,,
2026-08-14 11:37:13,Real ESP32 Room Sensor,temperature_humidity_sensor,Demo Room,29.8,50.0,Critical,0,Normal Pattern,100,High,Critical Cold-Storage Failure,Critical Cold-Storage Failure,,,
2026-08-14 11:37:16,Real ESP32 Room Sensor,temperature_humidity_sensor,Demo Room,29.8,50.0,Critical,0,Normal Pattern,100,High,Critical Cold-Storage Failure,Critical Cold-Storage Failure,,,
2026-08-14 11:37:18,Real ESP32 Room Sensor,temperature_humidity_sensor,Demo Room,29.8,50.0,Critical,0,Normal Pattern,100,High,Critical Cold-Storage Failure,Critical Cold-Storage Failure,,,
2026-08-14 11:37:21,Real ESP32 Room Sensor,temperature_humidity_sensor,Demo Room,29.8,50.0,Critical,0,Normal Pattern,100,High,Critical Cold-Storage Failure,Critical Cold-Storage Failure,,,
2026-08-14 11:37:23,Real ESP32 Room Sensor,temperature_humidity_sensor,Demo Room,29.8,50.0,Critical,0,Normal Pattern,100,High,Critical Cold-Storage Failure,Critical Cold-Storage Failure,,,
2026-08-14 11:37:25,Real ESP32 Room Sensor,temperature_humidity_sensor,Demo Room,29.8,50.0,Critical,0,Normal Pattern,100,High,Critical Cold-Storage Failure,Critical Cold-Storage Failure,,,
2026-08-14 11:37:28,Real ESP32 Room Sensor,temperature_humidity_sensor,Demo Room,29.8,50.0,Critical,0,Normal Pattern,100,High,Critical Cold-Storage Failure,Critical Cold-Storage Failure,,,
2026-08-14 11:37:30,Real ESP32 Room Sensor,temperature_humidity_sensor,Demo Room,29.8,50.0,Critical,0,Normal Pattern,100,High,Critical Cold-Storage Failure,Critical Cold-Storage Failure,,,
2026-08-14 11:37:33,Real ESP32 Room Sensor,temperature_humidity_sensor,Demo Room,29.8,50.0,Critical,0,Normal Pattern,100,High,Critical Cold-Storage Failure,Critical Cold-Storage Failure,,,
2026-08-14 11:37:35,Real ESP32 Room Sensor,temperature_humidity_sensor,Demo Room,29.8,50.0,Critical,0,Normal Pattern,100,High,Critical Cold-Storage Failure,Critical Cold-Storage Failure,,,
2026-08-14 11:37:38,Real ESP32 Room Sensor,temperature_humidity_sensor,Demo Room,29.8,50.0,Critical,0,Normal Pattern,100,High,Critical Cold-Storage Failure,Critical Cold-Storage Failure,,,
2026-08-14 11:37:40,Real ESP32 Room Sensor,temperature_humidity_sensor,Demo Room,29.8,50.0,Critical,0,Normal Pattern,100,High,Critical Cold-Storage Failure,Critical Cold-Storage Failure,,,
2026-08-14 11:37:42,Real ESP32 Room Sensor,temperature_humidity_sensor,Demo Room,29.8,50.0,Critical,0,Normal Pattern,100,High,Critical Cold-Storage Failure,Critical Cold-Storage Failure,,,
2026-08-14 11:37:45,Real ESP32 Room Sensor,temperature_humidity_sensor,Demo Room,29.8,50.0,Critical,0,Normal Pattern,100,High,Critical Cold-Storage Failure,Critical Cold-Storage Failure,,,
2026-08-14 11:37:47,Real ESP32 Room Sensor,temperature_humidity_sensor,Demo Room,29.8,50.0,Critical,0,Normal Pattern,100,High,Critical Cold-Storage Failure,Critical Cold-Storage Failure,,,
2026-08-14 11:37:49,Real ESP32 Room Sensor,temperature_humidity_sensor,Demo Room,29.8,50.0,Critical,0,Normal Pattern,100,High,Critical Cold-Storage Failure,Critical Cold-Storage Failure,,,
2026-08-14 11:37:50,Real ESP32 Room Sensor,temperature_humidity_sensor,Demo Room,22.5,46.0,Critical,0,Normal Pattern,100,High,Critical Cold-Storage Failure,Critical Cold-Storage Failure,,,
2026-08-14 11:37:52,Real ESP32 Room Sensor,temperature_humidity_sensor,Demo Room,29.8,50.0,Critical,0,Normal Pattern,100,High,Critical Cold-Storage Failure,Critical Cold-Storage Failure,,,
2026-08-14 11:37:54,Real ESP32 Room Sensor,temperature_humidity_sensor,Demo Room,29.8,50.0,Critical,0,Normal Pattern,100,High,Critical Cold-Storage Failure,Critical Cold-Storage Failure,,,
2026-08-14 11:37:56,Real ESP32 Room Sensor,temperature_humidity_sensor,Demo Room,29.8,50.0,Critical,0,Normal Pattern,100,High,Critical Cold-Storage Failure,Critical Cold-Storage Failure,,,
2026-08-14 11:37:58,Real ESP32 Room Sensor,temperature_humidity_sensor,Demo Room,29.8,50.0,Critical,0,Normal Pattern,100,High,Critical Cold-Storage Failure,Critical Cold-Storage Failure,,,
2026-08-14 11:38:01,Real ESP32 Room Sensor,temperature_humidity_sensor,Demo Room,29.8,50.0,Critical,0,Normal Pattern,100,High,Critical Cold-Storage Failure,Critical Cold-Storage Failure,,,
2026-08-14 11:38:03,Real ESP32 Room Sensor,temperature_humidity_sensor,Demo Room,29.8,50.0,Critical,0,Normal Pattern,100,High,Critical Cold-Storage Failure,Critical Cold-Storage Failure,,,
2026-08-14 11:38:06,Real ESP32 Room Sensor,temperature_humidity_sensor,Demo Room,29.8,50.0,Critical,0,Normal Pattern,100,High,Critical Cold-Storage Failure,Critical Cold-Storage Failure,,,
2026-08-14 11:38:08,Real ESP32 Room Sensor,temperature_humidity_sensor,Demo Room,29.8,50.0,Critical,0,Normal Pattern,100,High,Critical Cold-Storage Failure,Critical Cold-Storage Failure,,,
2026-08-14 11:38:10,Real ESP32 Room Sensor,temperature_humidity_sensor,Demo Room,29.8,50.0,Critical,0,Normal Pattern,100,High,Critical Cold-Storage Failure,Critical Cold-Storage Failure,,,
2026-08-14 11:38:13,Real ESP32 Room Sensor,temperature_humidity_sensor,Demo Room,29.8,50.0,Critical,0,Normal Pattern,100,High,Critical Cold-Storage Failure,Critical Cold-Storage Failure,,,
2026-08-14 11:38:15,Real ESP32 Room Sensor,temperature_humidity_sensor,Demo Room,29.8,50.0,Critical,0,Normal Pattern,100,High,Critical Cold-Storage Failure,Critical Cold-Storage Failure,,,
2026-08-14 11:38:17,Real ESP32 Room Sensor,temperature_humidity_sensor,Demo Room,29.8,50.0,Critical,0,Normal Pattern,100,High,Critical Cold-Storage Failure,Critical Cold-Storage Failure,,,
2026-08-14 11:38:19,Real ESP32 Room Sensor,temperature_humidity_sensor,Demo Room,29.8,50.0,Critical,0,Normal Pattern,100,High,Critical Cold-Storage Failure,Critical Cold-Storage Failure,,,
2026-08-14 11:38:22,Real ESP32 Room Sensor,temperature_humidity_sensor,Demo Room,29.8,50.0,Critical,0,Normal Pattern,100,High,Critical Cold-Storage Failure,Critical Cold-Storage Failure,,,
2026-08-14 11:38:24,Real ESP32 Room Sensor,temperature_humidity_sensor,Demo Room,29.8,50.0,Critical,0,Normal Pattern,100,High,Critical Cold-Storage Failure,Critical Cold-Storage Failure,,,
2026-08-14 11:38:26,Real ESP32 Room Sensor,temperature_humidity_sensor,Demo Room,29.8,50.0,Critical,0,Normal Pattern,100,High,Critical Cold-Storage Failure,Critical Cold-Storage Failure,,,
2026-08-14 11:38:29,Real ESP32 Room Sensor,temperature_humidity_sensor,Demo Room,29.8,50.0,Critical,0,Normal Pattern,100,High,Critical Cold-Storage Failure,Critical Cold-Storage Failure,,,
2026-08-14 11:38:31,Real ESP32 Room Sensor,temperature_humidity_sensor,Demo Room,29.8,50.0,Critical,0,Normal Pattern,100,High,Critical Cold-Storage Failure,Critical Cold-Storage Failure,,,
2026-08-14 11:38:33,Real ESP32 Room Sensor,temperature_humidity_sensor,Demo Room,29.8,50.0,Critical,0,Normal Pattern,100,High,Critical Cold-Storage Failure,Critical Cold-Storage Failure,,,
2026-08-14 11:38:36,Real ESP32 Room Sensor,temperature_humidity_sensor,Demo Room,29.8,50.0,Critical,0,Normal Pattern,100,High,Critical Cold-Storage Failure,Critical Cold-Storage Failure,,,
2026-08-14 11:38:38,Real ESP32 Room Sensor,temperature_humidity_sensor,Demo Room,29.8,50.0,Critical,0,Normal Pattern,100,High,Critical Cold-Storage Failure,Critical Cold-Storage Failure,,,
2026-08-14 11:38:40,Real ESP32 Room Sensor,temperature_humidity_sensor,Demo Room,29.8,50.0,Critical,0,Normal Pattern,100,High,Critical Cold-Storage Failure,Critical Cold-Storage Failure,,,
2026-08-14 11:38:42,Real ESP32 Room Sensor,temperature_humidity_sensor,Demo Room,29.8,50.0,Critical,0,Normal Pattern,100,High,Critical Cold-Storage Failure,Critical Cold-Storage Failure,,,
2026-08-14 11:38:44,Real ESP32 Room Sensor,temperature_humidity_sensor,Demo Room,29.8,50.0,Critical,0,Normal Pattern,100,High,Critical Cold-Storage Failure,Critical Cold-Storage Failure,,,
2026-08-14 11:38:47,Real ESP32 Room Sensor,temperature_humidity_sensor,Demo Room,29.8,50.0,Critical,0,Normal Pattern,100,High,Critical Cold-Storage Failure,Critical Cold-Storage Failure,,,
2026-08-14 11:38:49,Real ESP32 Room Sensor,temperature_humidity_sensor,Demo Room,29.8,50.0,Critical,0,Normal Pattern,100,High,Critical Cold-Storage Failure,Critical Cold-Storage Failure,,,
2026-08-14 11:38:51,Real ESP32 Room Sensor,temperature_humidity_sensor,Demo Room,29.8,50.0,Critical,0,Normal Pattern,100,High,Critical Cold-Storage Failure,Critical Cold-Storage Failure,,,
2026-08-14 11:38:53,Real ESP32 Room Sensor,temperature_humidity_sensor,Demo Room,29.8,50.0,Critical,0,Normal Pattern,100,High,Critical Cold-Storage Failure,Critical Cold-Storage Failure,,,
2026-08-14 11:38:56,Real ESP32 Room Sensor,temperature_humidity_sensor,Demo Room,29.8,50.0,Critical,0,Normal Pattern,100,High,Critical Cold-Storage Failure,Critical Cold-Storage Failure,,,
2026-08-14 11:38:58,Real ESP32 Room Sensor,temperature_humidity_sensor,Demo Room,29.8,50.0,Critical,0,Normal Pattern,100,High,Critical Cold-Storage Failure,Critical Cold-Storage Failure,,,
2026-08-14 11:39:00,Real ESP32 Room Sensor,temperature_humidity_sensor,Demo Room,29.8,50.0,Critical,0,Normal Pattern,100,High,Critical Cold-Storage Failure,Critical Cold-Storage Failure,,,
2026-08-14 11:39:03,Real ESP32 Room Sensor,temperature_humidity_sensor,Demo Room,29.8,50.0,Critical,0,Normal Pattern,100,High,Critical Cold-Storage Failure,Critical Cold-Storage Failure,,,
2026-08-14 11:39:05,Real ESP32 Room Sensor,temperature_humidity_sensor,Demo Room,29.8,50.0,Critical,0,Normal Pattern,100,High,Critical Cold-Storage Failure,Critical Cold-Storage Failure,,,
2026-08-14 11:39:07,Real ESP32 Room Sensor,temperature_humidity_sensor,Demo Room,29.8,50.0,Critical,0,Normal Pattern,100,High,Critical Cold-Storage Failure,Critical Cold-Storage Failure,,,
2026-08-14 11:39:09,Real ESP32 Room Sensor,temperature_humidity_sensor,Demo Room,29.8,50.0,Critical,0,Normal Pattern,100,High,Critical Cold-Storage Failure,Critical Cold-Storage Failure,,,
2026-08-14 11:39:12,Real ESP32 Room Sensor,temperature_humidity_sensor,Demo Room,29.8,50.0,Critical,0,Normal Pattern,100,High,Critical Cold-Storage Failure,Critical Cold-Storage Failure,,,
2026-08-14 11:39:14,Real ESP32 Room Sensor,temperature_humidity_sensor,Demo Room,29.8,50.0,Critical,0,Normal Pattern,100,High,Critical Cold-Storage Failure,Critical Cold-Storage Failure,,,
2026-08-14 11:39:16,Real ESP32 Room Sensor,temperature_humidity_sensor,Demo Room,29.8,50.0,Critical,0,Normal Pattern,100,High,Critical Cold-Storage Failure,Critical Cold-Storage Failure,,,
2026-08-14 11:39:19,Real ESP32 Room Sensor,temperature_humidity_sensor,Demo Room,29.8,50.0,Critical,0,Normal Pattern,100,High,Critical Cold-Storage Failure,Critical Cold-Storage Failure,,,
2026-08-14 11:39:21,Real ESP32 Room Sensor,temperature_humidity_sensor,Demo Room,29.8,50.0,Critical,0,Normal Pattern,100,High,Critical Cold-Storage Failure,Critical Cold-Storage Failure,,,
2026-08-14 11:39:23,Real ESP32 Room Sensor,temperature_humidity_sensor,Demo Room,29.8,50.0,Critical,0,Normal Pattern,100,High,Critical Cold-Storage Failure,Critical Cold-Storage Failure,,,
2026-08-14 11:39:26,Real ESP32 Room Sensor,temperature_humidity_sensor,Demo Room,29.8,50.0,Critical,0,Normal Pattern,100,High,Critical Cold-Storage Failure,Critical Cold-Storage Failure,,,
2026-08-14 11:39:28,Real ESP32 Room Sensor,temperature_humidity_sensor,Demo Room,29.8,50.0,Critical,0,Normal Pattern,100,High,Critical Cold-Storage Failure,Critical Cold-Storage Failure,,,
2026-08-14 11:39:30,Real ESP32 Room Sensor,temperature_humidity_sensor,Demo Room,29.8,50.0,Critical,0,Normal Pattern,100,High,Critical Cold-Storage Failure,Critical Cold-Storage Failure,,,
2026-08-14 11:39:33,Real ESP32 Room Sensor,temperature_humidity_sensor,Demo Room,29.8,50.0,Critical,0,Normal Pattern,100,High,Critical Cold-Storage Failure,Critical Cold-Storage Failure,,,
2026-08-14 11:39:35,Real ESP32 Room Sensor,temperature_humidity_sensor,Demo Room,29.8,50.0,Critical,0,Normal Pattern,100,High,Critical Cold-Storage Failure,Critical Cold-Storage Failure,,,
2026-08-14 11:39:38,Real ESP32 Room Sensor,temperature_humidity_sensor,Demo Room,29.8,50.0,Critical,0,Normal Pattern,100,High,Critical Cold-Storage Failure,Critical Cold-Storage Failure,,,
2026-08-14 11:39:40,Real ESP32 Room Sensor,temperature_humidity_sensor,Demo Room,29.8,50.0,Critical,0,Normal Pattern,100,High,Critical Cold-Storage Failure,Critical Cold-Storage Failure,,,
2026-08-14 11:39:42,Real ESP32 Room Sensor,temperature_humidity_sensor,Demo Room,29.8,50.0,Critical,0,Normal Pattern,100,High,Critical Cold-Storage Failure,Critical Cold-Storage Failure,,,
2026-08-14 11:39:45,Real ESP32 Room Sensor,temperature_humidity_sensor,Demo Room,29.8,50.0,Critical,0,Normal Pattern,100,High,Critical Cold-Storage Failure,Critical Cold-Storage Failure,,,
2026-08-14 11:39:47,Real ESP32 Room Sensor,temperature_humidity_sensor,Demo Room,29.8,50.0,Critical,0,Normal Pattern,100,High,Critical Cold-Storage Failure,Critical Cold-Storage Failure,,,
2026-08-14 11:39:49,Real ESP32 Room Sensor,temperature_humidity_sensor,Demo Room,29.8,50.0,Critical,0,Normal Pattern,100,High,Critical Cold-Storage Failure,Critical Cold-Storage Failure,,,
2026-08-14 11:39:52,Real ESP32 Room Sensor,temperature_humidity_sensor,Demo Room,29.8,50.0,Critical,0,Normal Pattern,100,High,Critical Cold-Storage Failure,Critical Cold-Storage Failure,,,
2026-08-14 11:39:54,Real ESP32 Room Sensor,temperature_humidity_sensor,Demo Room,29.8,50.0,Critical,0,Normal Pattern,100,High,Critical Cold-Storage Failure,Critical Cold-Storage Failure,,,
2026-08-14 11:39:56,Real ESP32 Room Sensor,temperature_humidity_sensor,Demo Room,29.8,50.0,Critical,0,Normal Pattern,100,High,Critical Cold-Storage Failure,Critical Cold-Storage Failure,,,
2026-08-14 11:39:59,Real ESP32 Room Sensor,temperature_humidity_sensor,Demo Room,29.8,50.0,Critical,0,Normal Pattern,100,High,Critical Cold-Storage Failure,Critical Cold-Storage Failure,,,
2026-08-14 11:40:01,Real ESP32 Room Sensor,temperature_humidity_sensor,Demo Room,29.8,50.0,Critical,0,Normal Pattern,100,High,Critical Cold-Storage Failure,Critical Cold-Storage Failure,,,
2026-08-14 11:40:04,Real ESP32 Room Sensor,temperature_humidity_sensor,Demo Room,29.8,50.0,Critical,0,Normal Pattern,100,High,Critical Cold-Storage Failure,Critical Cold-Storage Failure,,,
2026-08-14 11:40:06,Real ESP32 Room Sensor,temperature_humidity_sensor,Demo Room,29.8,50.0,Critical,0,Normal Pattern,100,High,Critical Cold-Storage Failure,Critical Cold-Storage Failure,,,
2026-08-14 11:40:09,Real ESP32 Room Sensor,temperature_humidity_sensor,Demo Room,29.8,50.0,Critical,0,Normal Pattern,100,High,Critical Cold-Storage Failure,Critical Cold-Storage Failure,,,
2026-08-14 11:40:11,Real ESP32 Room Sensor,temperature_humidity_sensor,Demo Room,29.8,50.0,Critical,0,Normal Pattern,100,High,Critical Cold-Storage Failure,Critical Cold-Storage Failure,,,
2026-08-14 11:40:13,Real ESP32 Room Sensor,temperature_humidity_sensor,Demo Room,29.8,50.0,Critical,0,Normal Pattern,100,High,Critical Cold-Storage Failure,Critical Cold-Storage Failure,,,
2026-08-14 11:40:16,Real ESP32 Room Sensor,temperature_humidity_sensor,Demo Room,29.8,50.0,Critical,0,Normal Pattern,100,High,Critical Cold-Storage Failure,Critical Cold-Storage Failure,,,
2026-08-14 11:40:18,Real ESP32 Room Sensor,temperature_humidity_sensor,Demo Room,29.8,50.0,Critical,0,Normal Pattern,100,High,Critical Cold-Storage Failure,Critical Cold-Storage Failure,,,
2026-08-14 11:40:21,Real ESP32 Room Sensor,temperature_humidity_sensor,Demo Room,29.8,50.0,Critical,0,Normal Pattern,100,High,Critical Cold-Storage Failure,Critical Cold-Storage Failure,,,
2026-08-14 11:40:23,Real ESP32 Room Sensor,temperature_humidity_sensor,Demo Room,29.8,50.0,Critical,0,Normal Pattern,100,High,Critical Cold-Storage Failure,Critical Cold-Storage Failure,,,
2026-08-14 11:40:26,Real ESP32 Room Sensor,temperature_humidity_sensor,Demo Room,29.8,50.0,Critical,0,Normal Pattern,100,High,Critical Cold-Storage Failure,Critical Cold-Storage Failure,,,
2026-08-14 11:40:29,Real ESP32 Room Sensor,temperature_humidity_sensor,Demo Room,29.8,50.0,Critical,0,Normal Pattern,100,High,Critical Cold-Storage Failure,Critical Cold-Storage Failure,,,
2026-08-14 11:40:31,Real ESP32 Room Sensor,temperature_humidity_sensor,Demo Room,29.8,50.0,Critical,0,Normal Pattern,100,High,Critical Cold-Storage Failure,Critical Cold-Storage Failure,,,
2026-08-14 11:40:34,Real ESP32 Room Sensor,temperature_humidity_sensor,Demo Room,29.8,50.0,Critical,0,Normal Pattern,100,High,Critical Cold-Storage Failure,Critical Cold-Storage Failure,,,
2026-08-14 11:40:36,Real ESP32 Room Sensor,temperature_humidity_sensor,Demo Room,29.8,50.0,Critical,0,Normal Pattern,100,High,Critical Cold-Storage Failure,Critical Cold-Storage Failure,,,
2026-08-14 11:40:39,Real ESP32 Room Sensor,temperature_humidity_sensor,Demo Room,29.8,50.0,Critical,0,Normal Pattern,100,High,Critical Cold-Storage Failure,Critical Cold-Storage Failure,,,
2026-08-14 11:40:41,Real ESP32 Room Sensor,temperature_humidity_sensor,Demo Room,29.8,50.0,Critical,0,Normal Pattern,100,High,Critical Cold-Storage Failure,Critical Cold-Storage Failure,,,
2026-08-14 11:40:44,Real ESP32 Room Sensor,temperature_humidity_sensor,Demo Room,29.8,50.0,Critical,0,Normal Pattern,100,High,Critical Cold-Storage Failure,Critical Cold-Storage Failure,,,
2026-08-14 11:40:47,Real ESP32 Room Sensor,temperature_humidity_sensor,Demo Room,29.8,50.0,Critical,0,Normal Pattern,100,High,Critical Cold-Storage Failure,Critical Cold-Storage Failure,,,
2026-08-14 11:40:49,Real ESP32 Room Sensor,temperature_humidity_sensor,Demo Room,29.8,50.0,Critical,0,Normal Pattern,100,High,Critical Cold-Storage Failure,Critical Cold-Storage Failure,,,
2026-08-14 11:40:52,Real ESP32 Room Sensor,temperature_humidity_sensor,Demo Room,29.8,50.0,Critical,0,Normal Pattern,100,High,Critical Cold-Storage Failure,Critical Cold-Storage Failure,,,
2026-08-14 11:40:54,Real ESP32 Room Sensor,temperature_humidity_sensor,Demo Room,29.8,50.0,Critical,0,Normal Pattern,100,High,Critical Cold-Storage Failure,Critical Cold-Storage Failure,,,
2026-08-14 11:40:56,Real ESP32 Room Sensor,temperature_humidity_sensor,Demo Room,29.8,50.0,Critical,0,Normal Pattern,100,High,Critical Cold-Storage Failure,Critical Cold-Storage Failure,,,
2026-08-14 11:40:59,Real ESP32 Room Sensor,temperature_humidity_sensor,Demo Room,29.8,50.0,Critical,0,Normal Pattern,100,High,Critical Cold-Storage Failure,Critical Cold-Storage Failure,,,
2026-08-14 11:41:01,Real ESP32 Room Sensor,temperature_humidity_sensor,Demo Room,29.8,50.0,Critical,0,Normal Pattern,100,High,Critical Cold-Storage Failure,Critical Cold-Storage Failure,,,
2026-08-14 11:41:04,Real ESP32 Room Sensor,temperature_humidity_sensor,Demo Room,29.8,50.0,Critical,0,Normal Pattern,100,High,Critical Cold-Storage Failure,Critical Cold-Storage Failure,,,
2026-08-14 11:41:06,Real ESP32 Room Sensor,temperature_humidity_sensor,Demo Room,29.8,50.0,Critical,0,Normal Pattern,100,High,Critical Cold-Storage Failure,Critical Cold-Storage Failure,,,
2026-08-14 11:41:08,Real ESP32 Room Sensor,temperature_humidity_sensor,Demo Room,29.8,50.0,Critical,0,Normal Pattern,100,High,Critical Cold-Storage Failure,Critical Cold-Storage Failure,,,
2026-08-14 11:41:10,Real ESP32 Room Sensor,temperature_humidity_sensor,Demo Room,29.8,50.0,Critical,0,Normal Pattern,100,High,Critical Cold-Storage Failure,Critical Cold-Storage Failure,,,
2026-08-14 11:41:13,Real ESP32 Room Sensor,temperature_humidity_sensor,Demo Room,29.8,50.0,Critical,0,Normal Pattern,100,High,Critical Cold-Storage Failure,Critical Cold-Storage Failure,,,
2026-08-14 11:41:15,Real ESP32 Room Sensor,temperature_humidity_sensor,Demo Room,29.8,50.0,Critical,0,Normal Pattern,100,High,Critical Cold-Storage Failure,Critical Cold-Storage Failure,,,
2026-08-14 11:41:17,Real ESP32 Room Sensor,temperature_humidity_sensor,Demo Room,29.8,50.0,Critical,0,Normal Pattern,100,High,Critical Cold-Storage Failure,Critical Cold-Storage Failure,,,
2026-08-14 11:41:20,Real ESP32 Room Sensor,temperature_humidity_sensor,Demo Room,29.8,50.0,Critical,0,Normal Pattern,100,High,Critical Cold-Storage Failure,Critical Cold-Storage Failure,,,
2026-08-14 11:41:22,Real ESP32 Room Sensor,temperature_humidity_sensor,Demo Room,29.8,50.0,Critical,0,Normal Pattern,100,High,Critical Cold-Storage Failure,Critical Cold-Storage Failure,,,
2026-08-14 11:41:24,Real ESP32 Room Sensor,temperature_humidity_sensor,Demo Room,29.8,50.0,Critical,0,Normal Pattern,100,High,Critical Cold-Storage Failure,Critical Cold-Storage Failure,,,
2026-08-14 11:41:27,Real ESP32 Room Sensor,temperature_humidity_sensor,Demo Room,29.8,50.0,Critical,0,Normal Pattern,100,High,Critical Cold-Storage Failure,Critical Cold-Storage Failure,,,
2026-08-14 11:41:29,Real ESP32 Room Sensor,temperature_humidity_sensor,Demo Room,29.8,50.0,Critical,0,Normal Pattern,100,High,Critical Cold-Storage Failure,Critical Cold-Storage Failure,,,
2026-08-14 11:41:31,Real ESP32 Room Sensor,temperature_humidity_sensor,Demo Room,29.8,50.0,Critical,0,Normal Pattern,100,High,Critical Cold-Storage Failure,Critical Cold-Storage Failure,,,
2026-08-14 11:41:34,Real ESP32 Room Sensor,temperature_humidity_sensor,Demo Room,29.8,50.0,Critical,0,Normal Pattern,100,High,Critical Cold-Storage Failure,Critical Cold-Storage Failure,,,
2026-08-14 11:41:36,Real ESP32 Room Sensor,temperature_humidity_sensor,Demo Room,29.8,50.0,Critical,0,Normal Pattern,100,High,Critical Cold-Storage Failure,Critical Cold-Storage Failure,,,
2026-08-14 11:41:38,Real ESP32 Room Sensor,temperature_humidity_sensor,Demo Room,29.8,50.0,Critical,0,Normal Pattern,100,High,Critical Cold-Storage Failure,Critical Cold-Storage Failure,,,
2026-08-14 11:41:41,Real ESP32 Room Sensor,temperature_humidity_sensor,Demo Room,29.8,50.0,Critical,0,Normal Pattern,100,High,Critical Cold-Storage Failure,Critical Cold-Storage Failure,,,
2026-08-14 11:41:43,Real ESP32 Room Sensor,temperature_humidity_sensor,Demo Room,29.8,50.0,Critical,0,Normal Pattern,100,High,Critical Cold-Storage Failure,Critical Cold-Storage Failure,,,
2026-08-14 11:41:45,Real ESP32 Room Sensor,temperature_humidity_sensor,Demo Room,29.8,50.0,Critical,0,Normal Pattern,100,High,Critical Cold-Storage Failure,Critical Cold-Storage Failure,,,
2026-08-14 11:41:48,Real ESP32 Room Sensor,temperature_humidity_sensor,Demo Room,29.8,50.0,Critical,0,Normal Pattern,100,High,Critical Cold-Storage Failure,Critical Cold-Storage Failure,,,
2026-08-14 11:41:50,Real ESP32 Room Sensor,temperature_humidity_sensor,Demo Room,29.8,50.0,Critical,0,Normal Pattern,100,High,Critical Cold-Storage Failure,Critical Cold-Storage Failure,,,
2026-08-14 11:41:52,Real ESP32 Room Sensor,temperature_humidity_sensor,Demo Room,29.8,50.0,Critical,0,Normal Pattern,100,High,Critical Cold-Storage Failure,Critical Cold-Storage Failure,,,
2026-08-14 11:41:54,Real ESP32 Room Sensor,temperature_humidity_sensor,Demo Room,29.8,50.0,Critical,0,Normal Pattern,100,High,Critical Cold-Storage Failure,Critical Cold-Storage Failure,,,
2026-08-14 11:41:57,Real ESP32 Room Sensor,temperature_humidity_sensor,Demo Room,29.8,50.0,Critical,0,Normal Pattern,100,High,Critical Cold-Storage Failure,Critical Cold-Storage Failure,,,
2026-08-14 11:41:59,Real ESP32 Room Sensor,temperature_humidity_sensor,Demo Room,29.8,50.0,Critical,0,Normal Pattern,100,High,Critical Cold-Storage Failure,Critical Cold-Storage Failure,,,
2026-08-14 11:42:01,Real ESP32 Room Sensor,temperature_humidity_sensor,Demo Room,29.8,50.0,Critical,0,Normal Pattern,100,High,Critical Cold-Storage Failure,Critical Cold-Storage Failure,,,
2026-08-14 11:42:04,Real ESP32 Room Sensor,temperature_humidity_sensor,Demo Room,29.8,50.0,Critical,0,Normal Pattern,100,High,Critical Cold-Storage Failure,Critical Cold-Storage Failure,,,
2026-08-14 11:42:06,Real ESP32 Room Sensor,temperature_humidity_sensor,Demo Room,29.8,50.0,Critical,0,Normal Pattern,100,High,Critical Cold-Storage Failure,Critical Cold-Storage Failure,,,
2026-08-14 11:42:08,Real ESP32 Room Sensor,temperature_humidity_sensor,Demo Room,29.9,50.0,Critical,0,Normal Pattern,100,High,Critical Cold-Storage Failure,Critical Cold-Storage Failure,,,
2026-08-14 11:42:11,Real ESP32 Room Sensor,temperature_humidity_sensor,Demo Room,29.9,50.0,Critical,0,Normal Pattern,100,High,Critical Cold-Storage Failure,Critical Cold-Storage Failure,,,
2026-08-14 11:42:13,Real ESP32 Room Sensor,temperature_humidity_sensor,Demo Room,29.9,50.0,Critical,0,Normal Pattern,100,High,Critical Cold-Storage Failure,Critical Cold-Storage Failure,,,
2026-08-14 11:42:15,Real ESP32 Room Sensor,temperature_humidity_sensor,Demo Room,29.9,50.0,Critical,0,Normal Pattern,100,High,Critical Cold-Storage Failure,Critical Cold-Storage Failure,,,
2026-08-14 11:42:18,Real ESP32 Room Sensor,temperature_humidity_sensor,Demo Room,29.9,50.0,Critical,0,Normal Pattern,100,High,Critical Cold-Storage Failure,Critical Cold-Storage Failure,,,
2026-08-14 11:42:20,Real ESP32 Room Sensor,temperature_humidity_sensor,Demo Room,29.9,50.0,Critical,0,Normal Pattern,100,High,Critical Cold-Storage Failure,Critical Cold-Storage Failure,,,
2026-08-14 11:42:22,Real ESP32 Room Sensor,temperature_humidity_sensor,Demo Room,29.9,50.0,Critical,0,Normal Pattern,100,High,Critical Cold-Storage Failure,Critical Cold-Storage Failure,,,
2026-08-14 11:42:25,Real ESP32 Room Sensor,temperature_humidity_sensor,Demo Room,29.9,50.0,Critical,0,Normal Pattern,100,High,Critical Cold-Storage Failure,Critical Cold-Storage Failure,,,
2026-08-14 11:42:27,Real ESP32 Room Sensor,temperature_humidity_sensor,Demo Room,30.0,49.0,Critical,0,Normal Pattern,100,High,Critical Cold-Storage Failure,Critical Cold-Storage Failure,,,
2026-08-14 11:42:29,Real ESP32 Room Sensor,temperature_humidity_sensor,Demo Room,30.0,49.0,Critical,0,Normal Pattern,100,High,Critical Cold-Storage Failure,Critical Cold-Storage Failure,,,
2026-08-14 11:42:32,Real ESP32 Room Sensor,temperature_humidity_sensor,Demo Room,30.0,49.0,Critical,0,Normal Pattern,100,High,Critical Cold-Storage Failure,Critical Cold-Storage Failure,,,
2026-08-14 11:42:34,Real ESP32 Room Sensor,temperature_humidity_sensor,Demo Room,30.0,49.0,Critical,0,Normal Pattern,100,High,Critical Cold-Storage Failure,Critical Cold-Storage Failure,,,
2026-08-14 11:42:36,Real ESP32 Room Sensor,temperature_humidity_sensor,Demo Room,30.1,49.0,Critical,0,Normal Pattern,100,High,Critical Cold-Storage Failure,Critical Cold-Storage Failure,,,
2026-08-14 11:42:39,Real ESP32 Room Sensor,temperature_humidity_sensor,Demo Room,30.1,49.0,Critical,0,Normal Pattern,100,High,Critical Cold-Storage Failure,Critical Cold-Storage Failure,,,
2026-08-14 11:42:41,Real ESP32 Room Sensor,temperature_humidity_sensor,Demo Room,30.1,49.0,Critical,0,Normal Pattern,100,High,Critical Cold-Storage Failure,Critical Cold-Storage Failure,,,
2026-08-14 11:42:43,Real ESP32 Room Sensor,temperature_humidity_sensor,Demo Room,30.1,49.0,Critical,0,Normal Pattern,100,High,Critical Cold-Storage Failure,Critical Cold-Storage Failure,,,
2026-08-14 11:42:45,Real ESP32 Room Sensor,temperature_humidity_sensor,Demo Room,30.1,49.0,Critical,0,Normal Pattern,100,High,Critical Cold-Storage Failure,Critical Cold-Storage Failure,,,
2026-08-14 11:42:48,Real ESP32 Room Sensor,temperature_humidity_sensor,Demo Room,30.1,49.0,Critical,0,Normal Pattern,100,High,Critical Cold-Storage Failure,Critical Cold-Storage Failure,,,
2026-08-14 11:42:50,Real ESP32 Room Sensor,temperature_humidity_sensor,Demo Room,30.1,49.0,Critical,0,Normal Pattern,100,High,Critical Cold-Storage Failure,Critical Cold-Storage Failure,,,
2026-08-14 11:42:52,Real ESP32 Room Sensor,temperature_humidity_sensor,Demo Room,30.1,49.0,Critical,0,Normal Pattern,100,High,Critical Cold-Storage Failure,Critical Cold-Storage Failure,,,
2026-08-14 11:42:55,Real ESP32 Room Sensor,temperature_humidity_sensor,Demo Room,30.1,49.0,Critical,0,Normal Pattern,100,High,Critical Cold-Storage Failure,Critical Cold-Storage Failure,,,
2026-08-14 11:42:57,Real ESP32 Room Sensor,temperature_humidity_sensor,Demo Room,30.1,49.0,Critical,0,Normal Pattern,100,High,Critical Cold-Storage Failure,Critical Cold-Storage Failure,,,
2026-08-14 11:42:59,Real ESP32 Room Sensor,temperature_humidity_sensor,Demo Room,30.1,49.0,Critical,0,Normal Pattern,100,High,Critical Cold-Storage Failure,Critical Cold-Storage Failure,,,
2026-08-14 11:43:01,Real ESP32 Room Sensor,temperature_humidity_sensor,Demo Room,30.1,49.0,Critical,0,Normal Pattern,100,High,Critical Cold-Storage Failure,Critical Cold-Storage Failure,,,
2026-08-14 11:43:04,Real ESP32 Room Sensor,temperature_humidity_sensor,Demo Room,30.1,49.0,Critical,0,Normal Pattern,100,High,Critical Cold-Storage Failure,Critical Cold-Storage Failure,,,
2026-08-14 11:43:06,Real ESP32 Room Sensor,temperature_humidity_sensor,Demo Room,30.1,49.0,Critical,0,Normal Pattern,100,High,Critical Cold-Storage Failure,Critical Cold-Storage Failure,,,
2026-08-14 11:43:08,Real ESP32 Room Sensor,temperature_humidity_sensor,Demo Room,30.1,49.0,Critical,0,Normal Pattern,100,High,Critical Cold-Storage Failure,Critical Cold-Storage Failure,,,
2026-08-14 11:43:11,Real ESP32 Room Sensor,temperature_humidity_sensor,Demo Room,30.1,49.0,Critical,0,Normal Pattern,100,High,Critical Cold-Storage Failure,Critical Cold-Storage Failure,,,
2026-08-14 11:43:13,Real ESP32 Room Sensor,temperature_humidity_sensor,Demo Room,30.1,49.0,Critical,0,Normal Pattern,100,High,Critical Cold-Storage Failure,Critical Cold-Storage Failure,,,
2026-08-14 11:43:15,Real ESP32 Room Sensor,temperature_humidity_sensor,Demo Room,30.1,49.0,Critical,0,Normal Pattern,100,High,Critical Cold-Storage Failure,Critical Cold-Storage Failure,,,
2026-08-14 11:43:18,Real ESP32 Room Sensor,temperature_humidity_sensor,Demo Room,30.1,49.0,Critical,0,Normal Pattern,100,High,Critical Cold-Storage Failure,Critical Cold-Storage Failure,,,
2026-08-14 11:43:20,Real ESP32 Room Sensor,temperature_humidity_sensor,Demo Room,30.1,49.0,Critical,0,Normal Pattern,100,High,Critical Cold-Storage Failure,Critical Cold-Storage Failure,,,
2026-08-14 11:43:22,Real ESP32 Room Sensor,temperature_humidity_sensor,Demo Room,30.2,49.0,Critical,0,Normal Pattern,100,High,Critical Cold-Storage Failure,Critical Cold-Storage Failure,,,
2026-08-14 11:43:25,Real ESP32 Room Sensor,temperature_humidity_sensor,Demo Room,30.1,49.0,Critical,0,Normal Pattern,100,High,Critical Cold-Storage Failure,Critical Cold-Storage Failure,,,
2026-08-14 11:43:27,Real ESP32 Room Sensor,temperature_humidity_sensor,Demo Room,30.1,49.0,Critical,0,Normal Pattern,100,High,Critical Cold-Storage Failure,Critical Cold-Storage Failure,,,
2026-08-14 11:43:29,Real ESP32 Room Sensor,temperature_humidity_sensor,Demo Room,30.2,49.0,Critical,0,Normal Pattern,100,High,Critical Cold-Storage Failure,Critical Cold-Storage Failure,,,
2026-08-14 11:43:31,Real ESP32 Room Sensor,temperature_humidity_sensor,Demo Room,30.2,49.0,Critical,0,Normal Pattern,100,High,Critical Cold-Storage Failure,Critical Cold-Storage Failure,,,
2026-08-14 11:43:34,Real ESP32 Room Sensor,temperature_humidity_sensor,Demo Room,30.2,49.0,Critical,0,Normal Pattern,100,High,Critical Cold-Storage Failure,Critical Cold-Storage Failure,,,
2026-08-14 11:43:36,Real ESP32 Room Sensor,temperature_humidity_sensor,Demo Room,30.2,48.0,Critical,0,Normal Pattern,100,High,Critical Cold-Storage Failure,Critical Cold-Storage Failure,,,
2026-08-14 11:43:38,Real ESP32 Room Sensor,temperature_humidity_sensor,Demo Room,30.2,49.0,Critical,0,Normal Pattern,100,High,Critical Cold-Storage Failure,Critical Cold-Storage Failure,,,
2026-08-14 11:43:40,Real ESP32 Room Sensor,temperature_humidity_sensor,Demo Room,30.2,49.0,Critical,0,Normal Pattern,100,High,Critical Cold-Storage Failure,Critical Cold-Storage Failure,,,
2026-08-14 11:43:43,Real ESP32 Room Sensor,temperature_humidity_sensor,Demo Room,30.2,49.0,Critical,0,Normal Pattern,100,High,Critical Cold-Storage Failure,Critical Cold-Storage Failure,,,
2026-08-14 11:43:45,Real ESP32 Room Sensor,temperature_humidity_sensor,Demo Room,30.2,48.0,Critical,0,Normal Pattern,100,High,Critical Cold-Storage Failure,Critical Cold-Storage Failure,,,
2026-08-14 11:43:47,Real ESP32 Room Sensor,temperature_humidity_sensor,Demo Room,30.2,48.0,Critical,0,Normal Pattern,100,High,Critical Cold-Storage Failure,Critical Cold-Storage Failure,,,
2026-08-14 11:43:49,Real ESP32 Room Sensor,temperature_humidity_sensor,Demo Room,30.2,48.0,Critical,0,Normal Pattern,100,High,Critical Cold-Storage Failure,Critical Cold-Storage Failure,,,
2026-08-14 11:43:52,Real ESP32 Room Sensor,temperature_humidity_sensor,Demo Room,30.2,48.0,Critical,0,Normal Pattern,100,High,Critical Cold-Storage Failure,Critical Cold-Storage Failure,,,
2026-08-14 11:43:54,Real ESP32 Room Sensor,temperature_humidity_sensor,Demo Room,30.2,48.0,Critical,0,Normal Pattern,100,High,Critical Cold-Storage Failure,Critical Cold-Storage Failure,,,
2026-08-14 11:43:56,Real ESP32 Room Sensor,temperature_humidity_sensor,Demo Room,30.2,48.0,Critical,0,Normal Pattern,100,High,Critical Cold-Storage Failure,Critical Cold-Storage Failure,,,
2026-08-14 11:43:59,Real ESP32 Room Sensor,temperature_humidity_sensor,Demo Room,30.2,48.0,Critical,0,Normal Pattern,100,High,Critical Cold-Storage Failure,Critical Cold-Storage Failure,,,
2026-08-14 11:44:01,Real ESP32 Room Sensor,temperature_humidity_sensor,Demo Room,30.2,48.0,Critical,0,Normal Pattern,100,High,Critical Cold-Storage Failure,Critical Cold-Storage Failure,,,
2026-08-14 11:44:04,Real ESP32 Room Sensor,temperature_humidity_sensor,Demo Room,30.2,48.0,Critical,0,Normal Pattern,100,High,Critical Cold-Storage Failure,Critical Cold-Storage Failure,,,
2026-08-14 11:44:06,Real ESP32 Room Sensor,temperature_humidity_sensor,Demo Room,30.2,48.0,Critical,0,Normal Pattern,100,High,Critical Cold-Storage Failure,Critical Cold-Storage Failure,,,
2026-08-14 11:44:09,Real ESP32 Room Sensor,temperature_humidity_sensor,Demo Room,30.2,48.0,Critical,0,Normal Pattern,100,High,Critical Cold-Storage Failure,Critical Cold-Storage Failure,,,
2026-08-14 11:44:11,Real ESP32 Room Sensor,temperature_humidity_sensor,Demo Room,30.2,48.0,Critical,0,Normal Pattern,100,High,Critical Cold-Storage Failure,Critical Cold-Storage Failure,,,
2026-08-14 11:44:13,Real ESP32 Room Sensor,temperature_humidity_sensor,Demo Room,30.2,48.0,Critical,0,Normal Pattern,100,High,Critical Cold-Storage Failure,Critical Cold-Storage Failure,,,
2026-08-14 11:44:16,Real ESP32 Room Sensor,temperature_humidity_sensor,Demo Room,30.2,48.0,Critical,0,Normal Pattern,100,High,Critical Cold-Storage Failure,Critical Cold-Storage Failure,,,
2026-08-14 11:44:18,Real ESP32 Room Sensor,temperature_humidity_sensor,Demo Room,30.2,48.0,Critical,0,Normal Pattern,100,High,Critical Cold-Storage Failure,Critical Cold-Storage Failure,,,
2026-08-14 11:44:21,Real ESP32 Room Sensor,temperature_humidity_sensor,Demo Room,30.2,48.0,Critical,0,Normal Pattern,100,High,Critical Cold-Storage Failure,Critical Cold-Storage Failure,,,
2026-08-14 11:44:23,Real ESP32 Room Sensor,temperature_humidity_sensor,Demo Room,30.2,48.0,Critical,0,Normal Pattern,100,High,Critical Cold-Storage Failure,Critical Cold-Storage Failure,,,
2026-08-14 11:44:26,Real ESP32 Room Sensor,temperature_humidity_sensor,Demo Room,30.2,48.0,Critical,0,Normal Pattern,100,High,Critical Cold-Storage Failure,Critical Cold-Storage Failure,,,
2026-08-14 11:44:28,Real ESP32 Room Sensor,temperature_humidity_sensor,Demo Room,30.2,48.0,Critical,0,Normal Pattern,100,High,Critical Cold-Storage Failure,Critical Cold-Storage Failure,,,
2026-08-14 11:44:30,Real ESP32 Room Sensor,temperature_humidity_sensor,Demo Room,30.2,48.0,Critical,0,Normal Pattern,100,High,Critical Cold-Storage Failure,Critical Cold-Storage Failure,,,
2026-08-14 11:44:32,Real ESP32 Room Sensor,temperature_humidity_sensor,Demo Room,30.2,48.0,Critical,0,Normal Pattern,100,High,Critical Cold-Storage Failure,Critical Cold-Storage Failure,,,
2026-08-14 11:44:35,Real ESP32 Room Sensor,temperature_humidity_sensor,Demo Room,30.2,48.0,Critical,0,Normal Pattern,100,High,Critical Cold-Storage Failure,Critical Cold-Storage Failure,,,
2026-08-14 11:44:37,Real ESP32 Room Sensor,temperature_humidity_sensor,Demo Room,30.2,48.0,Critical,0,Normal Pattern,100,High,Critical Cold-Storage Failure,Critical Cold-Storage Failure,,,
2026-08-14 11:44:39,Real ESP32 Room Sensor,temperature_humidity_sensor,Demo Room,30.2,48.0,Critical,0,Normal Pattern,100,High,Critical Cold-Storage Failure,Critical Cold-Storage Failure,,,
2026-08-14 11:44:42,Real ESP32 Room Sensor,temperature_humidity_sensor,Demo Room,30.2,48.0,Critical,0,Normal Pattern,100,High,Critical Cold-Storage Failure,Critical Cold-Storage Failure,,,
2026-08-14 11:44:44,Real ESP32 Room Sensor,temperature_humidity_sensor,Demo Room,30.2,48.0,Critical,0,Normal Pattern,100,High,Critical Cold-Storage Failure,Critical Cold-Storage Failure,,,
2026-08-14 11:44:46,Real ESP32 Room Sensor,temperature_humidity_sensor,Demo Room,30.2,48.0,Critical,0,Normal Pattern,100,High,Critical Cold-Storage Failure,Critical Cold-Storage Failure,,,
2026-08-14 11:44:49,Real ESP32 Room Sensor,temperature_humidity_sensor,Demo Room,30.2,48.0,Critical,0,Normal Pattern,100,High,Critical Cold-Storage Failure,Critical Cold-Storage Failure,,,
2026-08-14 11:44:51,Real ESP32 Room Sensor,temperature_humidity_sensor,Demo Room,30.2,48.0,Critical,0,Normal Pattern,100,High,Critical Cold-Storage Failure,Critical Cold-Storage Failure,,,
2026-08-14 11:44:53,Real ESP32 Room Sensor,temperature_humidity_sensor,Demo Room,30.2,48.0,Critical,0,Normal Pattern,100,High,Critical Cold-Storage Failure,Critical Cold-Storage Failure,,,
2026-08-14 11:44:56,Real ESP32 Room Sensor,temperature_humidity_sensor,Demo Room,30.2,48.0,Critical,0,Normal Pattern,100,High,Critical Cold-Storage Failure,Critical Cold-Storage Failure,,,
2026-08-14 11:44:58,Real ESP32 Room Sensor,temperature_humidity_sensor,Demo Room,30.2,48.0,Critical,0,Normal Pattern,100,High,Critical Cold-Storage Failure,Critical Cold-Storage Failure,,,
2026-08-14 11:45:00,Real ESP32 Room Sensor,temperature_humidity_sensor,Demo Room,30.2,48.0,Critical,0,Normal Pattern,100,High,Critical Cold-Storage Failure,Critical Cold-Storage Failure,,,
2026-08-14 11:45:03,Real ESP32 Room Sensor,temperature_humidity_sensor,Demo Room,30.2,48.0,Critical,0,Normal Pattern,100,High,Critical Cold-Storage Failure,Critical Cold-Storage Failure,,,
2026-08-14 11:45:05,Real ESP32 Room Sensor,temperature_humidity_sensor,Demo Room,30.2,48.0,Critical,0,Normal Pattern,100,High,Critical Cold-Storage Failure,Critical Cold-Storage Failure,,,
2026-08-14 11:45:07,Real ESP32 Room Sensor,temperature_humidity_sensor,Demo Room,30.2,48.0,Critical,0,Normal Pattern,100,High,Critical Cold-Storage Failure,Critical Cold-Storage Failure,,,
2026-08-14 11:45:10,Real ESP32 Room Sensor,temperature_humidity_sensor,Demo Room,30.2,48.0,Critical,0,Normal Pattern,100,High,Critical Cold-Storage Failure,Critical Cold-Storage Failure,,,
2026-08-14 11:45:12,Real ESP32 Room Sensor,temperature_humidity_sensor,Demo Room,30.2,48.0,Critical,0,Normal Pattern,100,High,Critical Cold-Storage Failure,Critical Cold-Storage Failure,,,
2026-08-14 11:45:14,Real ESP32 Room Sensor,temperature_humidity_sensor,Demo Room,30.2,48.0,Critical,0,Normal Pattern,100,High,Critical Cold-Storage Failure,Critical Cold-Storage Failure,,,
2026-08-14 11:45:16,Real ESP32 Room Sensor,temperature_humidity_sensor,Demo Room,30.2,48.0,Critical,0,Normal Pattern,100,High,Critical Cold-Storage Failure,Critical Cold-Storage Failure,,,
2026-08-14 11:45:19,Real ESP32 Room Sensor,temperature_humidity_sensor,Demo Room,30.2,48.0,Critical,0,Normal Pattern,100,High,Critical Cold-Storage Failure,Critical Cold-Storage Failure,,,
2026-08-14 11:45:21,Real ESP32 Room Sensor,temperature_humidity_sensor,Demo Room,30.2,48.0,Critical,0,Normal Pattern,100,High,Critical Cold-Storage Failure,Critical Cold-Storage Failure,,,
2026-08-14 11:45:23,Real ESP32 Room Sensor,temperature_humidity_sensor,Demo Room,30.2,48.0,Critical,0,Normal Pattern,100,High,Critical Cold-Storage Failure,Critical Cold-Storage Failure,,,
2026-08-14 11:45:26,Real ESP32 Room Sensor,temperature_humidity_sensor,Demo Room,30.2,48.0,Critical,0,Normal Pattern,100,High,Critical Cold-Storage Failure,Critical Cold-Storage Failure,,,
2026-08-14 11:45:28,Real ESP32 Room Sensor,temperature_humidity_sensor,Demo Room,30.2,48.0,Critical,0,Normal Pattern,100,High,Critical Cold-Storage Failure,Critical Cold-Storage Failure,,,
2026-08-14 11:45:30,Real ESP32 Room Sensor,temperature_humidity_sensor,Demo Room,30.2,48.0,Critical,0,Normal Pattern,100,High,Critical Cold-Storage Failure,Critical Cold-Storage Failure,,,
2026-08-14 11:45:32,Real ESP32 Room Sensor,temperature_humidity_sensor,Demo Room,30.2,48.0,Critical,0,Normal Pattern,100,High,Critical Cold-Storage Failure,Critical Cold-Storage Failure,,,
2026-08-14 11:45:35,Real ESP32 Room Sensor,temperature_humidity_sensor,Demo Room,30.2,48.0,Critical,0,Normal Pattern,100,High,Critical Cold-Storage Failure,Critical Cold-Storage Failure,,,
2026-08-14 11:45:37,Real ESP32 Room Sensor,temperature_humidity_sensor,Demo Room,30.2,48.0,Critical,0,Normal Pattern,100,High,Critical Cold-Storage Failure,Critical Cold-Storage Failure,,,
2026-08-14 11:45:39,Real ESP32 Room Sensor,temperature_humidity_sensor,Demo Room,30.2,48.0,Critical,0,Normal Pattern,100,High,Critical Cold-Storage Failure,Critical Cold-Storage Failure,,,
2026-08-14 11:45:42,Real ESP32 Room Sensor,temperature_humidity_sensor,Demo Room,30.2,48.0,Critical,0,Normal Pattern,100,High,Critical Cold-Storage Failure,Critical Cold-Storage Failure,,,
2026-08-14 11:45:44,Real ESP32 Room Sensor,temperature_humidity_sensor,Demo Room,30.2,48.0,Critical,0,Normal Pattern,100,High,Critical Cold-Storage Failure,Critical Cold-Storage Failure,,,
2026-08-14 11:45:46,Real ESP32 Room Sensor,temperature_humidity_sensor,Demo Room,30.2,48.0,Critical,0,Normal Pattern,100,High,Critical Cold-Storage Failure,Critical Cold-Storage Failure,,,
2026-08-14 11:45:48,Real ESP32 Room Sensor,temperature_humidity_sensor,Demo Room,30.2,48.0,Critical,0,Normal Pattern,100,High,Critical Cold-Storage Failure,Critical Cold-Storage Failure,,,
2026-08-14 11:45:51,Real ESP32 Room Sensor,temperature_humidity_sensor,Demo Room,30.2,48.0,Critical,0,Normal Pattern,100,High,Critical Cold-Storage Failure,Critical Cold-Storage Failure,,,
2026-08-14 11:45:53,Real ESP32 Room Sensor,temperature_humidity_sensor,Demo Room,30.2,48.0,Critical,0,Normal Pattern,100,High,Critical Cold-Storage Failure,Critical Cold-Storage Failure,,,
2026-08-14 11:45:55,Real ESP32 Room Sensor,temperature_humidity_sensor,Demo Room,30.2,48.0,Critical,0,Normal Pattern,100,High,Critical Cold-Storage Failure,Critical Cold-Storage Failure,,,
2026-08-14 11:45:57,Real ESP32 Room Sensor,temperature_humidity_sensor,Demo Room,30.2,48.0,Critical,0,Normal Pattern,100,High,Critical Cold-Storage Failure,Critical Cold-Storage Failure,,,
2026-08-14 11:46:00,Real ESP32 Room Sensor,temperature_humidity_sensor,Demo Room,30.2,48.0,Critical,0,Normal Pattern,100,High,Critical Cold-Storage Failure,Critical Cold-Storage Failure,,,
2026-08-14 11:46:02,Real ESP32 Room Sensor,temperature_humidity_sensor,Demo Room,30.2,48.0,Critical,0,Normal Pattern,100,High,Critical Cold-Storage Failure,Critical Cold-Storage Failure,,,
2026-08-14 11:46:04,Real ESP32 Room Sensor,temperature_humidity_sensor,Demo Room,30.2,48.0,Critical,0,Normal Pattern,100,High,Critical Cold-Storage Failure,Critical Cold-Storage Failure,,,
2026-08-14 11:46:07,Real ESP32 Room Sensor,temperature_humidity_sensor,Demo Room,30.2,48.0,Critical,0,Normal Pattern,100,High,Critical Cold-Storage Failure,Critical Cold-Storage Failure,,,
2026-08-14 11:46:09,Real ESP32 Room Sensor,temperature_humidity_sensor,Demo Room,30.2,48.0,Critical,0,Normal Pattern,100,High,Critical Cold-Storage Failure,Critical Cold-Storage Failure,,,
2026-08-14 11:46:11,Real ESP32 Room Sensor,temperature_humidity_sensor,Demo Room,30.2,48.0,Critical,0,Normal Pattern,100,High,Critical Cold-Storage Failure,Critical Cold-Storage Failure,,,
2026-08-14 11:46:13,Real ESP32 Room Sensor,temperature_humidity_sensor,Demo Room,30.2,48.0,Critical,0,Normal Pattern,100,High,Critical Cold-Storage Failure,Critical Cold-Storage Failure,,,
2026-08-14 11:46:16,Real ESP32 Room Sensor,temperature_humidity_sensor,Demo Room,30.2,48.0,Critical,0,Normal Pattern,100,High,Critical Cold-Storage Failure,Critical Cold-Storage Failure,,,
2026-08-14 11:46:18,Real ESP32 Room Sensor,temperature_humidity_sensor,Demo Room,30.2,48.0,Critical,0,Normal Pattern,100,High,Critical Cold-Storage Failure,Critical Cold-Storage Failure,,,
2026-08-14 11:46:20,Real ESP32 Room Sensor,temperature_humidity_sensor,Demo Room,30.2,48.0,Critical,0,Normal Pattern,100,High,Critical Cold-Storage Failure,Critical Cold-Storage Failure,,,
2026-08-14 11:46:22,Real ESP32 Room Sensor,temperature_humidity_sensor,Demo Room,30.2,48.0,Critical,0,Normal Pattern,100,High,Critical Cold-Storage Failure,Critical Cold-Storage Failure,,,
2026-08-14 11:46:25,Real ESP32 Room Sensor,temperature_humidity_sensor,Demo Room,30.2,48.0,Critical,0,Normal Pattern,100,High,Critical Cold-Storage Failure,Critical Cold-Storage Failure,,,
2026-08-14 11:46:27,Real ESP32 Room Sensor,temperature_humidity_sensor,Demo Room,30.2,48.0,Critical,0,Normal Pattern,100,High,Critical Cold-Storage Failure,Critical Cold-Storage Failure,,,
2026-08-14 11:46:29,Real ESP32 Room Sensor,temperature_humidity_sensor,Demo Room,30.2,48.0,Critical,0,Normal Pattern,100,High,Critical Cold-Storage Failure,Critical Cold-Storage Failure,,,
2026-08-14 11:46:31,Real ESP32 Room Sensor,temperature_humidity_sensor,Demo Room,30.2,48.0,Critical,0,Normal Pattern,100,High,Critical Cold-Storage Failure,Critical Cold-Storage Failure,,,
2026-08-14 11:46:34,Real ESP32 Room Sensor,temperature_humidity_sensor,Demo Room,30.2,48.0,Critical,0,Normal Pattern,100,High,Critical Cold-Storage Failure,Critical Cold-Storage Failure,,,
2026-08-14 11:46:36,Real ESP32 Room Sensor,temperature_humidity_sensor,Demo Room,30.2,48.0,Critical,0,Normal Pattern,100,High,Critical Cold-Storage Failure,Critical Cold-Storage Failure,,,
2026-08-14 11:46:38,Real ESP32 Room Sensor,temperature_humidity_sensor,Demo Room,30.2,48.0,Critical,0,Normal Pattern,100,High,Critical Cold-Storage Failure,Critical Cold-Storage Failure,,,
2026-08-14 11:46:41,Real ESP32 Room Sensor,temperature_humidity_sensor,Demo Room,30.2,48.0,Critical,0,Normal Pattern,100,High,Critical Cold-Storage Failure,Critical Cold-Storage Failure,,,
2026-08-14 11:46:43,Real ESP32 Room Sensor,temperature_humidity_sensor,Demo Room,30.2,48.0,Critical,0,Normal Pattern,100,High,Critical Cold-Storage Failure,Critical Cold-Storage Failure,,,
2026-08-14 11:46:45,Real ESP32 Room Sensor,temperature_humidity_sensor,Demo Room,30.2,48.0,Critical,0,Normal Pattern,100,High,Critical Cold-Storage Failure,Critical Cold-Storage Failure,,,
2026-08-14 11:46:48,Real ESP32 Room Sensor,temperature_humidity_sensor,Demo Room,30.2,48.0,Critical,0,Normal Pattern,100,High,Critical Cold-Storage Failure,Critical Cold-Storage Failure,,,
2026-08-14 11:46:50,Real ESP32 Room Sensor,temperature_humidity_sensor,Demo Room,30.2,48.0,Critical,0,Normal Pattern,100,High,Critical Cold-Storage Failure,Critical Cold-Storage Failure,,,
2026-08-14 11:46:52,Real ESP32 Room Sensor,temperature_humidity_sensor,Demo Room,30.2,48.0,Critical,0,Normal Pattern,100,High,Critical Cold-Storage Failure,Critical Cold-Storage Failure,,,
2026-08-14 11:46:54,Real ESP32 Room Sensor,temperature_humidity_sensor,Demo Room,30.2,48.0,Critical,0,Normal Pattern,100,High,Critical Cold-Storage Failure,Critical Cold-Storage Failure,,,
2026-08-14 11:46:57,Real ESP32 Room Sensor,temperature_humidity_sensor,Demo Room,30.2,48.0,Critical,0,Normal Pattern,100,High,Critical Cold-Storage Failure,Critical Cold-Storage Failure,,,
2026-08-14 11:46:59,Real ESP32 Room Sensor,temperature_humidity_sensor,Demo Room,30.2,48.0,Critical,0,Normal Pattern,100,High,Critical Cold-Storage Failure,Critical Cold-Storage Failure,,,
2026-08-14 11:47:01,Real ESP32 Room Sensor,temperature_humidity_sensor,Demo Room,30.2,48.0,Critical,0,Normal Pattern,100,High,Critical Cold-Storage Failure,Critical Cold-Storage Failure,,,
2026-08-14 11:47:03,Real ESP32 Room Sensor,temperature_humidity_sensor,Demo Room,30.2,48.0,Critical,0,Normal Pattern,100,High,Critical Cold-Storage Failure,Critical Cold-Storage Failure,,,
2026-08-14 11:47:06,Real ESP32 Room Sensor,temperature_humidity_sensor,Demo Room,30.2,48.0,Critical,0,Normal Pattern,100,High,Critical Cold-Storage Failure,Critical Cold-Storage Failure,,,
2026-08-14 11:47:08,Real ESP32 Room Sensor,temperature_humidity_sensor,Demo Room,30.2,48.0,Critical,0,Normal Pattern,100,High,Critical Cold-Storage Failure,Critical Cold-Storage Failure,,,
2026-08-14 11:47:10,Real ESP32 Room Sensor,temperature_humidity_sensor,Demo Room,30.2,48.0,Critical,0,Normal Pattern,100,High,Critical Cold-Storage Failure,Critical Cold-Storage Failure,,,
2026-08-14 11:47:13,Real ESP32 Room Sensor,temperature_humidity_sensor,Demo Room,30.2,48.0,Critical,0,Normal Pattern,100,High,Critical Cold-Storage Failure,Critical Cold-Storage Failure,,,
2026-08-14 11:47:15,Real ESP32 Room Sensor,temperature_humidity_sensor,Demo Room,30.2,48.0,Critical,0,Normal Pattern,100,High,Critical Cold-Storage Failure,Critical Cold-Storage Failure,,,
2026-08-14 11:47:17,Real ESP32 Room Sensor,temperature_humidity_sensor,Demo Room,30.2,48.0,Critical,0,Normal Pattern,100,High,Critical Cold-Storage Failure,Critical Cold-Storage Failure,,,
2026-08-14 11:47:19,Real ESP32 Room Sensor,temperature_humidity_sensor,Demo Room,30.2,48.0,Critical,0,Normal Pattern,100,High,Critical Cold-Storage Failure,Critical Cold-Storage Failure,,,
2026-08-14 11:47:22,Real ESP32 Room Sensor,temperature_humidity_sensor,Demo Room,30.2,48.0,Critical,0,Normal Pattern,100,High,Critical Cold-Storage Failure,Critical Cold-Storage Failure,,,
2026-08-14 11:47:24,Real ESP32 Room Sensor,temperature_humidity_sensor,Demo Room,30.2,48.0,Critical,0,Normal Pattern,100,High,Critical Cold-Storage Failure,Critical Cold-Storage Failure,,,
2026-08-14 11:47:27,Real ESP32 Room Sensor,temperature_humidity_sensor,Demo Room,30.2,48.0,Critical,0,Normal Pattern,100,High,Critical Cold-Storage Failure,Critical Cold-Storage Failure,,,
2026-08-14 11:47:29,Real ESP32 Room Sensor,temperature_humidity_sensor,Demo Room,30.2,48.0,Critical,0,Normal Pattern,100,High,Critical Cold-Storage Failure,Critical Cold-Storage Failure,,,
2026-08-14 11:47:31,Real ESP32 Room Sensor,temperature_humidity_sensor,Demo Room,30.2,48.0,Critical,0,Normal Pattern,100,High,Critical Cold-Storage Failure,Critical Cold-Storage Failure,,,
2026-08-14 11:47:33,Real ESP32 Room Sensor,temperature_humidity_sensor,Demo Room,30.2,48.0,Critical,0,Normal Pattern,100,High,Critical Cold-Storage Failure,Critical Cold-Storage Failure,,,
2026-08-14 11:47:36,Real ESP32 Room Sensor,temperature_humidity_sensor,Demo Room,30.2,48.0,Critical,0,Normal Pattern,100,High,Critical Cold-Storage Failure,Critical Cold-Storage Failure,,,
2026-08-14 11:47:38,Real ESP32 Room Sensor,temperature_humidity_sensor,Demo Room,30.2,48.0,Critical,0,Normal Pattern,100,High,Critical Cold-Storage Failure,Critical Cold-Storage Failure,,,
2026-08-14 11:47:40,Real ESP32 Room Sensor,temperature_humidity_sensor,Demo Room,30.2,48.0,Critical,0,Normal Pattern,100,High,Critical Cold-Storage Failure,Critical Cold-Storage Failure,,,
2026-08-14 11:47:43,Real ESP32 Room Sensor,temperature_humidity_sensor,Demo Room,30.2,48.0,Critical,0,Normal Pattern,100,High,Critical Cold-Storage Failure,Critical Cold-Storage Failure,,,
2026-08-14 11:47:45,Real ESP32 Room Sensor,temperature_humidity_sensor,Demo Room,30.2,48.0,Critical,0,Normal Pattern,100,High,Critical Cold-Storage Failure,Critical Cold-Storage Failure,,,
2026-08-14 11:47:47,Real ESP32 Room Sensor,temperature_humidity_sensor,Demo Room,30.2,48.0,Critical,0,Normal Pattern,100,High,Critical Cold-Storage Failure,Critical Cold-Storage Failure,,,
2026-08-14 11:47:49,Real ESP32 Room Sensor,temperature_humidity_sensor,Demo Room,30.2,48.0,Critical,0,Normal Pattern,100,High,Critical Cold-Storage Failure,Critical Cold-Storage Failure,,,
2026-08-14 11:47:52,Real ESP32 Room Sensor,temperature_humidity_sensor,Demo Room,30.2,48.0,Critical,0,Normal Pattern,100,High,Critical Cold-Storage Failure,Critical Cold-Storage Failure,,,
2026-08-14 11:47:54,Real ESP32 Room Sensor,temperature_humidity_sensor,Demo Room,30.2,48.0,Critical,0,Normal Pattern,100,High,Critical Cold-Storage Failure,Critical Cold-Storage Failure,,,
2026-08-14 11:47:56,Real ESP32 Room Sensor,temperature_humidity_sensor,Demo Room,30.2,48.0,Critical,0,Normal Pattern,100,High,Critical Cold-Storage Failure,Critical Cold-Storage Failure,,,
2026-08-14 11:47:59,Real ESP32 Room Sensor,temperature_humidity_sensor,Demo Room,30.2,48.0,Critical,0,Normal Pattern,100,High,Critical Cold-Storage Failure,Critical Cold-Storage Failure,,,
2026-08-14 11:48:01,Real ESP32 Room Sensor,temperature_humidity_sensor,Demo Room,30.2,48.0,Critical,0,Normal Pattern,100,High,Critical Cold-Storage Failure,Critical Cold-Storage Failure,,,
2026-08-14 11:48:03,Real ESP32 Room Sensor,temperature_humidity_sensor,Demo Room,30.2,48.0,Critical,0,Normal Pattern,100,High,Critical Cold-Storage Failure,Critical Cold-Storage Failure,,,
2026-08-14 11:48:06,Real ESP32 Room Sensor,temperature_humidity_sensor,Demo Room,30.2,48.0,Critical,0,Normal Pattern,100,High,Critical Cold-Storage Failure,Critical Cold-Storage Failure,,,
2026-08-14 11:48:08,Real ESP32 Room Sensor,temperature_humidity_sensor,Demo Room,30.2,48.0,Critical,0,Normal Pattern,100,High,Critical Cold-Storage Failure,Critical Cold-Storage Failure,,,
2026-08-14 11:48:11,Real ESP32 Room Sensor,temperature_humidity_sensor,Demo Room,30.2,48.0,Critical,0,Normal Pattern,100,High,Critical Cold-Storage Failure,Critical Cold-Storage Failure,,,
2026-08-14 11:48:13,Real ESP32 Room Sensor,temperature_humidity_sensor,Demo Room,30.2,48.0,Critical,0,Normal Pattern,100,High,Critical Cold-Storage Failure,Critical Cold-Storage Failure,,,
2026-08-14 11:48:15,Real ESP32 Room Sensor,temperature_humidity_sensor,Demo Room,30.2,48.0,Critical,0,Normal Pattern,100,High,Critical Cold-Storage Failure,Critical Cold-Storage Failure,,,
2026-08-14 11:48:18,Real ESP32 Room Sensor,temperature_humidity_sensor,Demo Room,30.2,48.0,Critical,0,Normal Pattern,100,High,Critical Cold-Storage Failure,Critical Cold-Storage Failure,,,
2026-08-14 11:48:20,Real ESP32 Room Sensor,temperature_humidity_sensor,Demo Room,30.2,48.0,Critical,0,Normal Pattern,100,High,Critical Cold-Storage Failure,Critical Cold-Storage Failure,,,
2026-08-14 11:48:22,Real ESP32 Room Sensor,temperature_humidity_sensor,Demo Room,30.2,48.0,Critical,0,Normal Pattern,100,High,Critical Cold-Storage Failure,Critical Cold-Storage Failure,,,
2026-08-14 11:48:24,Real ESP32 Room Sensor,temperature_humidity_sensor,Demo Room,30.2,48.0,Critical,0,Normal Pattern,100,High,Critical Cold-Storage Failure,Critical Cold-Storage Failure,,,
2026-08-14 11:48:27,Real ESP32 Room Sensor,temperature_humidity_sensor,Demo Room,30.2,48.0,Critical,0,Normal Pattern,100,High,Critical Cold-Storage Failure,Critical Cold-Storage Failure,,,
2026-08-14 11:48:29,Real ESP32 Room Sensor,temperature_humidity_sensor,Demo Room,30.2,48.0,Critical,0,Normal Pattern,100,High,Critical Cold-Storage Failure,Critical Cold-Storage Failure,,,
2026-08-14 11:48:31,Real ESP32 Room Sensor,temperature_humidity_sensor,Demo Room,30.2,48.0,Critical,0,Normal Pattern,100,High,Critical Cold-Storage Failure,Critical Cold-Storage Failure,,,
2026-08-14 11:48:34,Real ESP32 Room Sensor,temperature_humidity_sensor,Demo Room,30.2,47.0,Critical,0,Normal Pattern,100,High,Critical Cold-Storage Failure,Critical Cold-Storage Failure,,,
2026-08-14 11:48:36,Real ESP32 Room Sensor,temperature_humidity_sensor,Demo Room,30.2,47.0,Critical,0,Normal Pattern,100,High,Critical Cold-Storage Failure,Critical Cold-Storage Failure,,,
2026-08-14 11:48:39,Real ESP32 Room Sensor,temperature_humidity_sensor,Demo Room,30.2,47.0,Critical,0,Normal Pattern,100,High,Critical Cold-Storage Failure,Critical Cold-Storage Failure,,,
2026-08-14 11:48:41,Real ESP32 Room Sensor,temperature_humidity_sensor,Demo Room,30.2,47.0,Critical,0,Normal Pattern,100,High,Critical Cold-Storage Failure,Critical Cold-Storage Failure,,,
2026-08-14 11:48:43,Real ESP32 Room Sensor,temperature_humidity_sensor,Demo Room,30.2,47.0,Critical,0,Normal Pattern,100,High,Critical Cold-Storage Failure,Critical Cold-Storage Failure,,,
2026-08-14 11:48:46,Real ESP32 Room Sensor,temperature_humidity_sensor,Demo Room,30.2,47.0,Critical,0,Normal Pattern,100,High,Critical Cold-Storage Failure,Critical Cold-Storage Failure,,,
2026-08-14 11:48:48,Real ESP32 Room Sensor,temperature_humidity_sensor,Demo Room,30.2,47.0,Critical,0,Normal Pattern,100,High,Critical Cold-Storage Failure,Critical Cold-Storage Failure,,,
2026-08-14 11:48:50,Real ESP32 Room Sensor,temperature_humidity_sensor,Demo Room,30.2,47.0,Critical,0,Normal Pattern,100,High,Critical Cold-Storage Failure,Critical Cold-Storage Failure,,,
2026-08-14 11:48:53,Real ESP32 Room Sensor,temperature_humidity_sensor,Demo Room,30.2,47.0,Critical,0,Normal Pattern,100,High,Critical Cold-Storage Failure,Critical Cold-Storage Failure,,,
2026-08-14 11:48:55,Real ESP32 Room Sensor,temperature_humidity_sensor,Demo Room,30.2,47.0,Critical,0,Normal Pattern,100,High,Critical Cold-Storage Failure,Critical Cold-Storage Failure,,,
2026-08-14 11:48:57,Real ESP32 Room Sensor,temperature_humidity_sensor,Demo Room,30.2,47.0,Critical,0,Normal Pattern,100,High,Critical Cold-Storage Failure,Critical Cold-Storage Failure,,,
2026-08-14 11:49:00,Real ESP32 Room Sensor,temperature_humidity_sensor,Demo Room,30.2,47.0,Critical,0,Normal Pattern,100,High,Critical Cold-Storage Failure,Critical Cold-Storage Failure,,,
2026-08-14 11:49:02,Real ESP32 Room Sensor,temperature_humidity_sensor,Demo Room,30.2,47.0,Critical,0,Normal Pattern,100,High,Critical Cold-Storage Failure,Critical Cold-Storage Failure,,,
2026-08-14 11:49:04,Real ESP32 Room Sensor,temperature_humidity_sensor,Demo Room,30.2,47.0,Critical,0,Normal Pattern,100,High,Critical Cold-Storage Failure,Critical Cold-Storage Failure,,,
2026-08-14 11:49:07,Real ESP32 Room Sensor,temperature_humidity_sensor,Demo Room,30.2,47.0,Critical,0,Normal Pattern,100,High,Critical Cold-Storage Failure,Critical Cold-Storage Failure,,,
2026-08-14 11:49:09,Real ESP32 Room Sensor,temperature_humidity_sensor,Demo Room,30.2,47.0,Critical,0,Normal Pattern,100,High,Critical Cold-Storage Failure,Critical Cold-Storage Failure,,,
2026-08-14 11:49:11,Real ESP32 Room Sensor,temperature_humidity_sensor,Demo Room,30.2,47.0,Critical,0,Normal Pattern,100,High,Critical Cold-Storage Failure,Critical Cold-Storage Failure,,,
2026-08-14 11:49:14,Real ESP32 Room Sensor,temperature_humidity_sensor,Demo Room,30.2,47.0,Critical,0,Normal Pattern,100,High,Critical Cold-Storage Failure,Critical Cold-Storage Failure,,,
2026-08-14 11:49:16,Real ESP32 Room Sensor,temperature_humidity_sensor,Demo Room,30.2,47.0,Critical,0,Normal Pattern,100,High,Critical Cold-Storage Failure,Critical Cold-Storage Failure,,,
2026-08-14 11:49:18,Real ESP32 Room Sensor,temperature_humidity_sensor,Demo Room,30.2,47.0,Critical,0,Normal Pattern,100,High,Critical Cold-Storage Failure,Critical Cold-Storage Failure,,,
2026-08-14 11:49:21,Real ESP32 Room Sensor,temperature_humidity_sensor,Demo Room,30.2,47.0,Critical,0,Normal Pattern,100,High,Critical Cold-Storage Failure,Critical Cold-Storage Failure,,,
2026-08-14 11:49:23,Real ESP32 Room Sensor,temperature_humidity_sensor,Demo Room,30.2,47.0,Critical,0,Normal Pattern,100,High,Critical Cold-Storage Failure,Critical Cold-Storage Failure,,,
2026-08-14 11:49:25,Real ESP32 Room Sensor,temperature_humidity_sensor,Demo Room,30.2,47.0,Critical,0,Normal Pattern,100,High,Critical Cold-Storage Failure,Critical Cold-Storage Failure,,,
2026-08-14 11:49:28,ESP32_ROOM_1,ESP32,External,ESP32_ROOM_1,30.2,47.0,-,0,Security Event,0,Low,Continue monitoring and maintain secure sensor authentication,Valid ESP32 HMAC Reading,Valid ESP32 HMAC Reading,200
2026-08-14 11:49:28,Real ESP32 Room Sensor,temperature_humidity_sensor,Demo Room,30.2,47.0,Critical,0,Normal Pattern,100,High,Critical Cold-Storage Failure,Critical Cold-Storage Failure,,,
2026-08-14 11:49:30,ESP32_ROOM_1,ESP32,External,ESP32_ROOM_1,30.2,47.0,-,0,Security Event,0,Low,Continue monitoring and maintain secure sensor authentication,Valid ESP32 HMAC Reading,Valid ESP32 HMAC Reading,200
2026-08-14 11:49:30,Real ESP32 Room Sensor,temperature_humidity_sensor,Demo Room,30.2,47.0,Critical,0,Normal Pattern,100,High,Critical Cold-Storage Failure,Critical Cold-Storage Failure,,,
2026-08-14 11:49:32,ESP32_ROOM_1,ESP32,External,ESP32_ROOM_1,30.2,47.0,-,0,Security Event,0,Low,Continue monitoring and maintain secure sensor authentication,Valid ESP32 HMAC Reading,Valid ESP32 HMAC Reading,200
2026-08-14 11:49:32,Real ESP32 Room Sensor,temperature_humidity_sensor,Demo Room,30.2,47.0,Critical,0,Normal Pattern,100,High,Critical Cold-Storage Failure,Critical Cold-Storage Failure,,,
2026-08-14 11:49:35,ESP32_ROOM_1,ESP32,External,ESP32_ROOM_1,30.2,47.0,-,0,Security Event,0,Low,Continue monitoring and maintain secure sensor authentication,Valid ESP32 HMAC Reading,Valid ESP32 HMAC Reading,200
2026-08-14 11:49:35,Real ESP32 Room Sensor,temperature_humidity_sensor,Demo Room,30.2,47.0,Critical,0,Normal Pattern,100,High,Critical Cold-Storage Failure,Critical Cold-Storage Failure,,,
2026-08-14 11:49:37,ESP32_ROOM_1,ESP32,External,ESP32_ROOM_1,30.2,47.0,-,0,Security Event,0,Low,Continue monitoring and maintain secure sensor authentication,Valid ESP32 HMAC Reading,Valid ESP32 HMAC Reading,200
2026-08-14 11:49:37,Real ESP32 Room Sensor,temperature_humidity_sensor,Demo Room,30.2,47.0,Critical,0,Normal Pattern,100,High,Critical Cold-Storage Failure,Critical Cold-Storage Failure,,,
2026-08-14 11:49:39,ESP32_ROOM_1,ESP32,External,ESP32_ROOM_1,30.2,47.0,-,0,Security Event,0,Low,Continue monitoring and maintain secure sensor authentication,Valid ESP32 HMAC Reading,Valid ESP32 HMAC Reading,200
2026-08-14 11:49:39,Real ESP32 Room Sensor,temperature_humidity_sensor,Demo Room,30.2,47.0,Critical,0,Normal Pattern,100,High,Critical Cold-Storage Failure,Critical Cold-Storage Failure,,,
2026-08-14 11:49:42,ESP32_ROOM_1,ESP32,External,ESP32_ROOM_1,30.2,47.0,-,0,Security Event,0,Low,Continue monitoring and maintain secure sensor authentication,Valid ESP32 HMAC Reading,Valid ESP32 HMAC Reading,200
2026-08-14 11:49:42,Real ESP32 Room Sensor,temperature_humidity_sensor,Demo Room,30.2,47.0,Critical,0,Normal Pattern,100,High,Critical Cold-Storage Failure,Critical Cold-Storage Failure,,,
2026-08-14 11:49:44,ESP32_ROOM_1,ESP32,External,ESP32_ROOM_1,30.2,47.0,-,0,Security Event,0,Low,Continue monitoring and maintain secure sensor authentication,Valid ESP32 HMAC Reading,Valid ESP32 HMAC Reading,200
2026-08-14 11:49:44,Real ESP32 Room Sensor,temperature_humidity_sensor,Demo Room,30.2,47.0,Critical,0,Normal Pattern,100,High,Critical Cold-Storage Failure,Critical Cold-Storage Failure,,,
2026-08-14 11:49:46,ESP32_ROOM_1,ESP32,External,ESP32_ROOM_1,30.2,47.0,-,0,Security Event,0,Low,Continue monitoring and maintain secure sensor authentication,Valid ESP32 HMAC Reading,Valid ESP32 HMAC Reading,200
2026-08-14 11:49:46,Real ESP32 Room Sensor,temperature_humidity_sensor,Demo Room,30.2,47.0,Critical,0,Normal Pattern,100,High,Critical Cold-Storage Failure,Critical Cold-Storage Failure,,,
2026-08-14 11:49:49,ESP32_ROOM_1,ESP32,External,ESP32_ROOM_1,30.2,47.0,-,0,Security Event,0,Low,Continue monitoring and maintain secure sensor authentication,Valid ESP32 HMAC Reading,Valid ESP32 HMAC Reading,200
2026-08-14 11:49:49,Real ESP32 Room Sensor,temperature_humidity_sensor,Demo Room,30.2,47.0,Critical,0,Normal Pattern,100,High,Critical Cold-Storage Failure,Critical Cold-Storage Failure,,,
2026-08-14 11:49:51,ESP32_ROOM_1,ESP32,External,ESP32_ROOM_1,30.2,47.0,-,0,Security Event,0,Low,Continue monitoring and maintain secure sensor authentication,Valid ESP32 HMAC Reading,Valid ESP32 HMAC Reading,200
2026-08-14 11:49:51,Real ESP32 Room Sensor,temperature_humidity_sensor,Demo Room,30.2,47.0,Critical,0,Normal Pattern,100,High,Critical Cold-Storage Failure,Critical Cold-Storage Failure,,,
2026-08-14 11:49:53,ESP32_ROOM_1,ESP32,External,ESP32_ROOM_1,30.2,47.0,-,0,Security Event,0,Low,Continue monitoring and maintain secure sensor authentication,Valid ESP32 HMAC Reading,Valid ESP32 HMAC Reading,200
2026-08-14 11:49:53,Real ESP32 Room Sensor,temperature_humidity_sensor,Demo Room,30.2,47.0,Critical,0,Normal Pattern,100,High,Critical Cold-Storage Failure,Critical Cold-Storage Failure,,,
2026-08-14 11:49:56,ESP32_ROOM_1,ESP32,External,ESP32_ROOM_1,30.2,47.0,-,0,Security Event,0,Low,Continue monitoring and maintain secure sensor authentication,Valid ESP32 HMAC Reading,Valid ESP32 HMAC Reading,200
2026-08-14 11:49:56,Real ESP32 Room Sensor,temperature_humidity_sensor,Demo Room,30.2,47.0,Critical,0,Normal Pattern,100,High,Critical Cold-Storage Failure,Critical Cold-Storage Failure,,,
2026-08-14 11:49:58,ESP32_ROOM_1,ESP32,External,ESP32_ROOM_1,30.2,47.0,-,0,Security Event,0,Low,Continue monitoring and maintain secure sensor authentication,Valid ESP32 HMAC Reading,Valid ESP32 HMAC Reading,200
2026-08-14 11:49:58,Real ESP32 Room Sensor,temperature_humidity_sensor,Demo Room,30.2,47.0,Critical,0,Normal Pattern,100,High,Critical Cold-Storage Failure,Critical Cold-Storage Failure,,,
2026-08-14 11:50:00,ESP32_ROOM_1,ESP32,External,ESP32_ROOM_1,30.2,47.0,-,0,Security Event,0,Low,Continue monitoring and maintain secure sensor authentication,Valid ESP32 HMAC Reading,Valid ESP32 HMAC Reading,200
2026-08-14 11:50:00,Real ESP32 Room Sensor,temperature_humidity_sensor,Demo Room,30.2,47.0,Critical,0,Normal Pattern,100,High,Critical Cold-Storage Failure,Critical Cold-Storage Failure,,,
2026-08-14 11:50:02,ESP32_ROOM_1,ESP32,External,ESP32_ROOM_1,30.2,47.0,-,0,Security Event,0,Low,Continue monitoring and maintain secure sensor authentication,Valid ESP32 HMAC Reading,Valid ESP32 HMAC Reading,200
2026-08-14 11:50:02,Real ESP32 Room Sensor,temperature_humidity_sensor,Demo Room,30.2,47.0,Critical,0,Normal Pattern,100,High,Critical Cold-Storage Failure,Critical Cold-Storage Failure,,,
2026-08-14 11:50:05,ESP32_ROOM_1,ESP32,External,ESP32_ROOM_1,30.2,47.0,-,0,Security Event,0,Low,Continue monitoring and maintain secure sensor authentication,Valid ESP32 HMAC Reading,Valid ESP32 HMAC Reading,200
2026-08-14 11:50:05,Real ESP32 Room Sensor,temperature_humidity_sensor,Demo Room,30.2,47.0,Critical,0,Normal Pattern,100,High,Critical Cold-Storage Failure,Critical Cold-Storage Failure,,,
2026-08-14 11:50:07,ESP32_ROOM_1,ESP32,External,ESP32_ROOM_1,30.2,47.0,-,0,Security Event,0,Low,Continue monitoring and maintain secure sensor authentication,Valid ESP32 HMAC Reading,Valid ESP32 HMAC Reading,200
2026-08-14 11:50:07,Real ESP32 Room Sensor,temperature_humidity_sensor,Demo Room,30.2,47.0,Critical,0,Normal Pattern,100,High,Critical Cold-Storage Failure,Critical Cold-Storage Failure,,,
2026-08-14 11:50:09,ESP32_ROOM_1,ESP32,External,ESP32_ROOM_1,30.2,47.0,-,0,Security Event,0,Low,Continue monitoring and maintain secure sensor authentication,Valid ESP32 HMAC Reading,Valid ESP32 HMAC Reading,200
2026-08-14 11:50:09,Real ESP32 Room Sensor,temperature_humidity_sensor,Demo Room,30.2,47.0,Critical,0,Normal Pattern,100,High,Critical Cold-Storage Failure,Critical Cold-Storage Failure,,,
2026-08-14 11:50:11,ESP32_ROOM_1,ESP32,External,ESP32_ROOM_1,30.2,47.0,-,0,Security Event,0,Low,Continue monitoring and maintain secure sensor authentication,Valid ESP32 HMAC Reading,Valid ESP32 HMAC Reading,200
2026-08-14 11:50:12,Real ESP32 Room Sensor,temperature_humidity_sensor,Demo Room,30.2,47.0,Critical,0,Normal Pattern,100,High,Critical Cold-Storage Failure,Critical Cold-Storage Failure,,,
2026-08-14 11:50:14,ESP32_ROOM_1,ESP32,External,ESP32_ROOM_1,30.2,47.0,-,0,Security Event,0,Low,Continue monitoring and maintain secure sensor authentication,Valid ESP32 HMAC Reading,Valid ESP32 HMAC Reading,200
2026-08-14 11:50:14,Real ESP32 Room Sensor,temperature_humidity_sensor,Demo Room,30.2,47.0,Critical,0,Normal Pattern,100,High,Critical Cold-Storage Failure,Critical Cold-Storage Failure,,,
2026-08-14 11:50:16,ESP32_ROOM_1,ESP32,External,ESP32_ROOM_1,30.2,47.0,-,0,Security Event,0,Low,Continue monitoring and maintain secure sensor authentication,Valid ESP32 HMAC Reading,Valid ESP32 HMAC Reading,200
2026-08-14 11:50:16,Real ESP32 Room Sensor,temperature_humidity_sensor,Demo Room,30.2,47.0,Critical,0,Normal Pattern,100,High,Critical Cold-Storage Failure,Critical Cold-Storage Failure,,,
2026-08-14 11:50:18,ESP32_ROOM_1,ESP32,External,ESP32_ROOM_1,30.2,47.0,-,0,Security Event,0,Low,Continue monitoring and maintain secure sensor authentication,Valid ESP32 HMAC Reading,Valid ESP32 HMAC Reading,200
2026-08-14 11:50:18,Real ESP32 Room Sensor,temperature_humidity_sensor,Demo Room,30.2,47.0,Critical,0,Normal Pattern,100,High,Critical Cold-Storage Failure,Critical Cold-Storage Failure,,,
2026-08-14 11:50:21,ESP32_ROOM_1,ESP32,External,ESP32_ROOM_1,30.2,47.0,-,0,Security Event,0,Low,Continue monitoring and maintain secure sensor authentication,Valid ESP32 HMAC Reading,Valid ESP32 HMAC Reading,200
2026-08-14 11:50:21,Real ESP32 Room Sensor,temperature_humidity_sensor,Demo Room,30.2,47.0,Critical,0,Normal Pattern,100,High,Critical Cold-Storage Failure,Critical Cold-Storage Failure,,,
2026-08-14 11:50:23,ESP32_ROOM_1,ESP32,External,ESP32_ROOM_1,30.2,47.0,-,0,Security Event,0,Low,Continue monitoring and maintain secure sensor authentication,Valid ESP32 HMAC Reading,Valid ESP32 HMAC Reading,200
2026-08-14 11:50:23,Real ESP32 Room Sensor,temperature_humidity_sensor,Demo Room,30.2,47.0,Critical,0,Normal Pattern,100,High,Critical Cold-Storage Failure,Critical Cold-Storage Failure,,,
2026-08-14 11:50:25,ESP32_ROOM_1,ESP32,External,ESP32_ROOM_1,30.2,47.0,-,0,Security Event,0,Low,Continue monitoring and maintain secure sensor authentication,Valid ESP32 HMAC Reading,Valid ESP32 HMAC Reading,200
2026-08-14 11:50:25,Real ESP32 Room Sensor,temperature_humidity_sensor,Demo Room,30.2,47.0,Critical,0,Normal Pattern,100,High,Critical Cold-Storage Failure,Critical Cold-Storage Failure,,,
2026-08-14 11:50:28,ESP32_ROOM_1,ESP32,External,ESP32_ROOM_1,30.2,47.0,-,0,Security Event,0,Low,Continue monitoring and maintain secure sensor authentication,Valid ESP32 HMAC Reading,Valid ESP32 HMAC Reading,200
2026-08-14 11:50:28,Real ESP32 Room Sensor,temperature_humidity_sensor,Demo Room,30.2,47.0,Critical,0,Normal Pattern,100,High,Critical Cold-Storage Failure,Critical Cold-Storage Failure,,,
2026-08-14 11:50:30,ESP32_ROOM_1,ESP32,External,ESP32_ROOM_1,30.2,47.0,-,0,Security Event,0,Low,Continue monitoring and maintain secure sensor authentication,Valid ESP32 HMAC Reading,Valid ESP32 HMAC Reading,200
2026-08-14 11:50:30,Real ESP32 Room Sensor,temperature_humidity_sensor,Demo Room,30.2,47.0,Critical,0,Normal Pattern,100,High,Critical Cold-Storage Failure,Critical Cold-Storage Failure,,,
2026-08-14 11:50:32,ESP32_ROOM_1,ESP32,External,ESP32_ROOM_1,30.2,47.0,-,0,Security Event,0,Low,Continue monitoring and maintain secure sensor authentication,Valid ESP32 HMAC Reading,Valid ESP32 HMAC Reading,200
2026-08-14 11:50:32,Real ESP32 Room Sensor,temperature_humidity_sensor,Demo Room,30.2,47.0,Critical,0,Normal Pattern,100,High,Critical Cold-Storage Failure,Critical Cold-Storage Failure,,,
2026-08-14 11:50:34,ESP32_ROOM_1,ESP32,External,ESP32_ROOM_1,30.2,47.0,-,0,Security Event,0,Low,Continue monitoring and maintain secure sensor authentication,Valid ESP32 HMAC Reading,Valid ESP32 HMAC Reading,200
2026-08-14 11:50:34,Real ESP32 Room Sensor,temperature_humidity_sensor,Demo Room,30.2,47.0,Critical,0,Normal Pattern,100,High,Critical Cold-Storage Failure,Critical Cold-Storage Failure,,,
2026-08-14 11:50:37,ESP32_ROOM_1,ESP32,External,ESP32_ROOM_1,30.2,47.0,-,0,Security Event,0,Low,Continue monitoring and maintain secure sensor authentication,Valid ESP32 HMAC Reading,Valid ESP32 HMAC Reading,200
2026-08-14 11:50:37,Real ESP32 Room Sensor,temperature_humidity_sensor,Demo Room,30.2,47.0,Critical,0,Normal Pattern,100,High,Critical Cold-Storage Failure,Critical Cold-Storage Failure,,,
2026-08-14 11:50:39,ESP32_ROOM_1,ESP32,External,ESP32_ROOM_1,30.2,47.0,-,0,Security Event,0,Low,Continue monitoring and maintain secure sensor authentication,Valid ESP32 HMAC Reading,Valid ESP32 HMAC Reading,200
2026-08-14 11:50:39,Real ESP32 Room Sensor,temperature_humidity_sensor,Demo Room,30.2,47.0,Critical,0,Normal Pattern,100,High,Critical Cold-Storage Failure,Critical Cold-Storage Failure,,,
2026-08-14 11:50:41,ESP32_ROOM_1,ESP32,External,ESP32_ROOM_1,30.2,47.0,-,0,Security Event,0,Low,Continue monitoring and maintain secure sensor authentication,Valid ESP32 HMAC Reading,Valid ESP32 HMAC Reading,200
2026-08-14 11:50:41,Real ESP32 Room Sensor,temperature_humidity_sensor,Demo Room,30.2,47.0,Critical,0,Normal Pattern,100,High,Critical Cold-Storage Failure,Critical Cold-Storage Failure,,,
2026-08-14 11:50:44,ESP32_ROOM_1,ESP32,External,ESP32_ROOM_1,30.2,47.0,-,0,Security Event,0,Low,Continue monitoring and maintain secure sensor authentication,Valid ESP32 HMAC Reading,Valid ESP32 HMAC Reading,200
2026-08-14 11:50:44,Real ESP32 Room Sensor,temperature_humidity_sensor,Demo Room,30.2,47.0,Critical,0,Normal Pattern,100,High,Critical Cold-Storage Failure,Critical Cold-Storage Failure,,,
2026-08-14 11:50:46,ESP32_ROOM_1,ESP32,External,ESP32_ROOM_1,30.2,47.0,-,0,Security Event,0,Low,Continue monitoring and maintain secure sensor authentication,Valid ESP32 HMAC Reading,Valid ESP32 HMAC Reading,200
2026-08-14 11:50:46,Real ESP32 Room Sensor,temperature_humidity_sensor,Demo Room,30.2,47.0,Critical,0,Normal Pattern,100,High,Critical Cold-Storage Failure,Critical Cold-Storage Failure,,,
2026-08-14 11:50:48,ESP32_ROOM_1,ESP32,External,ESP32_ROOM_1,30.2,47.0,-,0,Security Event,0,Low,Continue monitoring and maintain secure sensor authentication,Valid ESP32 HMAC Reading,Valid ESP32 HMAC Reading,200
2026-08-14 11:50:48,Real ESP32 Room Sensor,temperature_humidity_sensor,Demo Room,30.2,47.0,Critical,0,Normal Pattern,100,High,Critical Cold-Storage Failure,Critical Cold-Storage Failure,,,
2026-08-14 11:50:50,ESP32_ROOM_1,ESP32,External,ESP32_ROOM_1,30.2,47.0,-,0,Security Event,0,Low,Continue monitoring and maintain secure sensor authentication,Valid ESP32 HMAC Reading,Valid ESP32 HMAC Reading,200
2026-08-14 11:50:50,Real ESP32 Room Sensor,temperature_humidity_sensor,Demo Room,30.2,47.0,Critical,0,Normal Pattern,100,High,Critical Cold-Storage Failure,Critical Cold-Storage Failure,,,
2026-08-14 11:50:52,ESP32_ROOM_1,ESP32,External,ESP32_ROOM_1,30.2,47.0,-,0,Security Event,0,Low,Continue monitoring and maintain secure sensor authentication,Valid ESP32 HMAC Reading,Valid ESP32 HMAC Reading,200
2026-08-14 11:50:53,Real ESP32 Room Sensor,temperature_humidity_sensor,Demo Room,30.2,47.0,Critical,0,Normal Pattern,100,High,Critical Cold-Storage Failure,Critical Cold-Storage Failure,,,
2026-08-14 11:50:56,ESP32_ROOM_1,ESP32,External,ESP32_ROOM_1,30.2,47.0,-,0,Security Event,0,Low,Continue monitoring and maintain secure sensor authentication,Valid ESP32 HMAC Reading,Valid ESP32 HMAC Reading,200
2026-08-14 11:50:56,Real ESP32 Room Sensor,temperature_humidity_sensor,Demo Room,30.2,47.0,Critical,0,Normal Pattern,100,High,Critical Cold-Storage Failure,Critical Cold-Storage Failure,,,
2026-08-14 11:50:59,ESP32_ROOM_1,ESP32,External,ESP32_ROOM_1,30.2,47.0,-,0,Security Event,0,Low,Continue monitoring and maintain secure sensor authentication,Valid ESP32 HMAC Reading,Valid ESP32 HMAC Reading,200
2026-08-14 11:50:59,Real ESP32 Room Sensor,temperature_humidity_sensor,Demo Room,30.2,47.0,Critical,0,Normal Pattern,100,High,Critical Cold-Storage Failure,Critical Cold-Storage Failure,,,
2026-08-14 11:51:01,ESP32_ROOM_1,ESP32,External,ESP32_ROOM_1,30.2,47.0,-,0,Security Event,0,Low,Continue monitoring and maintain secure sensor authentication,Valid ESP32 HMAC Reading,Valid ESP32 HMAC Reading,200
2026-08-14 11:51:01,Real ESP32 Room Sensor,temperature_humidity_sensor,Demo Room,30.2,47.0,Critical,0,Normal Pattern,100,High,Critical Cold-Storage Failure,Critical Cold-Storage Failure,,,
2026-08-14 11:51:03,ESP32_ROOM_1,ESP32,External,ESP32_ROOM_1,30.2,47.0,-,0,Security Event,0,Low,Continue monitoring and maintain secure sensor authentication,Valid ESP32 HMAC Reading,Valid ESP32 HMAC Reading,200
2026-08-14 11:51:03,Real ESP32 Room Sensor,temperature_humidity_sensor,Demo Room,30.2,47.0,Critical,0,Normal Pattern,100,High,Critical Cold-Storage Failure,Critical Cold-Storage Failure,,,
2026-08-14 11:51:06,ESP32_ROOM_1,ESP32,External,ESP32_ROOM_1,30.2,47.0,-,0,Security Event,0,Low,Continue monitoring and maintain secure sensor authentication,Valid ESP32 HMAC Reading,Valid ESP32 HMAC Reading,200
2026-08-14 11:51:06,Real ESP32 Room Sensor,temperature_humidity_sensor,Demo Room,30.2,47.0,Critical,0,Normal Pattern,100,High,Critical Cold-Storage Failure,Critical Cold-Storage Failure,,,
2026-08-14 11:51:08,ESP32_ROOM_1,ESP32,External,ESP32_ROOM_1,30.2,47.0,-,0,Security Event,0,Low,Continue monitoring and maintain secure sensor authentication,Valid ESP32 HMAC Reading,Valid ESP32 HMAC Reading,200
2026-08-14 11:51:08,Real ESP32 Room Sensor,temperature_humidity_sensor,Demo Room,30.2,47.0,Critical,0,Normal Pattern,100,High,Critical Cold-Storage Failure,Critical Cold-Storage Failure,,,
2026-08-14 11:51:10,ESP32_ROOM_1,ESP32,External,ESP32_ROOM_1,30.2,47.0,-,0,Security Event,0,Low,Continue monitoring and maintain secure sensor authentication,Valid ESP32 HMAC Reading,Valid ESP32 HMAC Reading,200
2026-08-14 11:51:10,Real ESP32 Room Sensor,temperature_humidity_sensor,Demo Room,30.2,47.0,Critical,0,Normal Pattern,100,High,Critical Cold-Storage Failure,Critical Cold-Storage Failure,,,
2026-08-14 11:51:13,ESP32_ROOM_1,ESP32,External,ESP32_ROOM_1,30.2,47.0,-,0,Security Event,0,Low,Continue monitoring and maintain secure sensor authentication,Valid ESP32 HMAC Reading,Valid ESP32 HMAC Reading,200
2026-08-14 11:51:13,Real ESP32 Room Sensor,temperature_humidity_sensor,Demo Room,30.2,47.0,Critical,0,Normal Pattern,100,High,Critical Cold-Storage Failure,Critical Cold-Storage Failure,,,
2026-08-14 11:51:15,ESP32_ROOM_1,ESP32,External,ESP32_ROOM_1,30.2,47.0,-,0,Security Event,0,Low,Continue monitoring and maintain secure sensor authentication,Valid ESP32 HMAC Reading,Valid ESP32 HMAC Reading,200
2026-08-14 11:51:15,Real ESP32 Room Sensor,temperature_humidity_sensor,Demo Room,30.2,47.0,Critical,0,Normal Pattern,100,High,Critical Cold-Storage Failure,Critical Cold-Storage Failure,,,
2026-08-14 11:51:17,ESP32_ROOM_1,ESP32,External,ESP32_ROOM_1,30.2,47.0,-,0,Security Event,0,Low,Continue monitoring and maintain secure sensor authentication,Valid ESP32 HMAC Reading,Valid ESP32 HMAC Reading,200
2026-08-14 11:51:17,Real ESP32 Room Sensor,temperature_humidity_sensor,Demo Room,30.2,47.0,Critical,0,Normal Pattern,100,High,Critical Cold-Storage Failure,Critical Cold-Storage Failure,,,
2026-08-14 11:51:20,ESP32_ROOM_1,ESP32,External,ESP32_ROOM_1,30.2,47.0,-,0,Security Event,0,Low,Continue monitoring and maintain secure sensor authentication,Valid ESP32 HMAC Reading,Valid ESP32 HMAC Reading,200
2026-08-14 11:51:20,Real ESP32 Room Sensor,temperature_humidity_sensor,Demo Room,30.2,47.0,Critical,0,Normal Pattern,100,High,Critical Cold-Storage Failure,Critical Cold-Storage Failure,,,
2026-08-14 11:51:22,ESP32_ROOM_1,ESP32,External,ESP32_ROOM_1,30.2,47.0,-,0,Security Event,0,Low,Continue monitoring and maintain secure sensor authentication,Valid ESP32 HMAC Reading,Valid ESP32 HMAC Reading,200
2026-08-14 11:51:22,Real ESP32 Room Sensor,temperature_humidity_sensor,Demo Room,30.2,47.0,Critical,0,Normal Pattern,100,High,Critical Cold-Storage Failure,Critical Cold-Storage Failure,,,
2026-08-14 11:51:24,ESP32_ROOM_1,ESP32,External,ESP32_ROOM_1,30.2,47.0,-,0,Security Event,0,Low,Continue monitoring and maintain secure sensor authentication,Valid ESP32 HMAC Reading,Valid ESP32 HMAC Reading,200
2026-08-14 11:51:24,Real ESP32 Room Sensor,temperature_humidity_sensor,Demo Room,30.2,47.0,Critical,0,Normal Pattern,100,High,Critical Cold-Storage Failure,Critical Cold-Storage Failure,,,
2026-08-14 11:51:26,ESP32_ROOM_1,ESP32,External,ESP32_ROOM_1,30.2,47.0,-,0,Security Event,0,Low,Continue monitoring and maintain secure sensor authentication,Valid ESP32 HMAC Reading,Valid ESP32 HMAC Reading,200
2026-08-14 11:51:26,Real ESP32 Room Sensor,temperature_humidity_sensor,Demo Room,30.2,47.0,Critical,0,Normal Pattern,100,High,Critical Cold-Storage Failure,Critical Cold-Storage Failure,,,
2026-08-14 11:51:29,ESP32_ROOM_1,ESP32,External,ESP32_ROOM_1,30.2,47.0,-,0,Security Event,0,Low,Continue monitoring and maintain secure sensor authentication,Valid ESP32 HMAC Reading,Valid ESP32 HMAC Reading,200
2026-08-14 11:51:29,Real ESP32 Room Sensor,temperature_humidity_sensor,Demo Room,30.2,47.0,Critical,0,Normal Pattern,100,High,Critical Cold-Storage Failure,Critical Cold-Storage Failure,,,
2026-08-14 11:51:31,ESP32_ROOM_1,ESP32,External,ESP32_ROOM_1,30.2,47.0,-,0,Security Event,0,Low,Continue monitoring and maintain secure sensor authentication,Valid ESP32 HMAC Reading,Valid ESP32 HMAC Reading,200
2026-08-14 11:51:31,Real ESP32 Room Sensor,temperature_humidity_sensor,Demo Room,30.2,47.0,Critical,0,Normal Pattern,100,High,Critical Cold-Storage Failure,Critical Cold-Storage Failure,,,
2026-08-14 11:51:33,ESP32_ROOM_1,ESP32,External,ESP32_ROOM_1,30.2,47.0,-,0,Security Event,0,Low,Continue monitoring and maintain secure sensor authentication,Valid ESP32 HMAC Reading,Valid ESP32 HMAC Reading,200
2026-08-14 11:51:33,Real ESP32 Room Sensor,temperature_humidity_sensor,Demo Room,30.2,47.0,Critical,0,Normal Pattern,100,High,Critical Cold-Storage Failure,Critical Cold-Storage Failure,,,
2026-08-14 11:51:35,ESP32_ROOM_1,ESP32,External,ESP32_ROOM_1,30.2,47.0,-,0,Security Event,0,Low,Continue monitoring and maintain secure sensor authentication,Valid ESP32 HMAC Reading,Valid ESP32 HMAC Reading,200
2026-08-14 11:51:35,Real ESP32 Room Sensor,temperature_humidity_sensor,Demo Room,30.2,47.0,Critical,0,Normal Pattern,100,High,Critical Cold-Storage Failure,Critical Cold-Storage Failure,,,
2026-08-14 11:51:38,ESP32_ROOM_1,ESP32,External,ESP32_ROOM_1,30.2,47.0,-,0,Security Event,0,Low,Continue monitoring and maintain secure sensor authentication,Valid ESP32 HMAC Reading,Valid ESP32 HMAC Reading,200
2026-08-14 11:51:38,Real ESP32 Room Sensor,temperature_humidity_sensor,Demo Room,30.2,47.0,Critical,0,Normal Pattern,100,High,Critical Cold-Storage Failure,Critical Cold-Storage Failure,,,
2026-08-14 11:51:40,ESP32_ROOM_1,ESP32,External,ESP32_ROOM_1,30.2,47.0,-,0,Security Event,0,Low,Continue monitoring and maintain secure sensor authentication,Valid ESP32 HMAC Reading,Valid ESP32 HMAC Reading,200
2026-08-14 11:51:40,Real ESP32 Room Sensor,temperature_humidity_sensor,Demo Room,30.2,47.0,Critical,0,Normal Pattern,100,High,Critical Cold-Storage Failure,Critical Cold-Storage Failure,,,
2026-08-14 11:51:42,ESP32_ROOM_1,ESP32,External,ESP32_ROOM_1,30.2,47.0,-,0,Security Event,0,Low,Continue monitoring and maintain secure sensor authentication,Valid ESP32 HMAC Reading,Valid ESP32 HMAC Reading,200
2026-08-14 11:51:42,Real ESP32 Room Sensor,temperature_humidity_sensor,Demo Room,30.2,47.0,Critical,0,Normal Pattern,100,High,Critical Cold-Storage Failure,Critical Cold-Storage Failure,,,
2026-08-14 11:51:44,ESP32_ROOM_1,ESP32,External,ESP32_ROOM_1,30.2,47.0,-,0,Security Event,0,Low,Continue monitoring and maintain secure sensor authentication,Valid ESP32 HMAC Reading,Valid ESP32 HMAC Reading,200
2026-08-14 11:51:45,Real ESP32 Room Sensor,temperature_humidity_sensor,Demo Room,30.2,47.0,Critical,0,Normal Pattern,100,High,Critical Cold-Storage Failure,Critical Cold-Storage Failure,,,
2026-08-14 11:51:47,ESP32_ROOM_1,ESP32,External,ESP32_ROOM_1,30.2,47.0,-,0,Security Event,0,Low,Continue monitoring and maintain secure sensor authentication,Valid ESP32 HMAC Reading,Valid ESP32 HMAC Reading,200
2026-08-14 11:51:47,Real ESP32 Room Sensor,temperature_humidity_sensor,Demo Room,30.2,47.0,Critical,0,Normal Pattern,100,High,Critical Cold-Storage Failure,Critical Cold-Storage Failure,,,
2026-08-14 11:51:49,ESP32_ROOM_1,ESP32,External,ESP32_ROOM_1,30.2,47.0,-,0,Security Event,0,Low,Continue monitoring and maintain secure sensor authentication,Valid ESP32 HMAC Reading,Valid ESP32 HMAC Reading,200
2026-08-14 11:51:49,Real ESP32 Room Sensor,temperature_humidity_sensor,Demo Room,30.2,47.0,Critical,0,Normal Pattern,100,High,Critical Cold-Storage Failure,Critical Cold-Storage Failure,,,
2026-08-14 11:51:51,ESP32_ROOM_1,ESP32,External,ESP32_ROOM_1,30.2,47.0,-,0,Security Event,0,Low,Continue monitoring and maintain secure sensor authentication,Valid ESP32 HMAC Reading,Valid ESP32 HMAC Reading,200
2026-08-14 11:51:51,Real ESP32 Room Sensor,temperature_humidity_sensor,Demo Room,30.2,47.0,Critical,0,Normal Pattern,100,High,Critical Cold-Storage Failure,Critical Cold-Storage Failure,,,
2026-08-14 11:51:54,ESP32_ROOM_1,ESP32,External,ESP32_ROOM_1,30.2,47.0,-,0,Security Event,0,Low,Continue monitoring and maintain secure sensor authentication,Valid ESP32 HMAC Reading,Valid ESP32 HMAC Reading,200
2026-08-14 11:51:54,Real ESP32 Room Sensor,temperature_humidity_sensor,Demo Room,30.2,47.0,Critical,0,Normal Pattern,100,High,Critical Cold-Storage Failure,Critical Cold-Storage Failure,,,
2026-08-14 11:51:56,ESP32_ROOM_1,ESP32,External,ESP32_ROOM_1,30.2,47.0,-,0,Security Event,0,Low,Continue monitoring and maintain secure sensor authentication,Valid ESP32 HMAC Reading,Valid ESP32 HMAC Reading,200
2026-08-14 11:51:56,Real ESP32 Room Sensor,temperature_humidity_sensor,Demo Room,30.2,47.0,Critical,0,Normal Pattern,100,High,Critical Cold-Storage Failure,Critical Cold-Storage Failure,,,
2026-08-14 11:51:58,ESP32_ROOM_1,ESP32,External,ESP32_ROOM_1,30.2,47.0,-,0,Security Event,0,Low,Continue monitoring and maintain secure sensor authentication,Valid ESP32 HMAC Reading,Valid ESP32 HMAC Reading,200
2026-08-14 11:51:58,Real ESP32 Room Sensor,temperature_humidity_sensor,Demo Room,30.2,47.0,Critical,0,Normal Pattern,100,High,Critical Cold-Storage Failure,Critical Cold-Storage Failure,,,
2026-08-14 11:51:59,ESP32_ROOM_1,ESP32,External,ESP32_ROOM_1,22.5,46.0,-,0,Security Event,0,Low,Continue monitoring and maintain secure sensor authentication,Valid ESP32 HMAC Reading,Valid ESP32 HMAC Reading,200
2026-08-14 11:51:59,Real ESP32 Room Sensor,temperature_humidity_sensor,Demo Room,22.5,46.0,Critical,0,Normal Pattern,100,High,Critical Cold-Storage Failure,Critical Cold-Storage Failure,,,
2026-08-14 11:51:59,ESP32_ROOM_1,ESP32,External,ESP32_ROOM_1,22.5,46.0,-,0,Security Event,31,Medium,SOC Investigation Required,Invalid HMAC Signature,Invalid HMAC Signature,401
2026-08-14 11:52:01,ESP32_ROOM_1,ESP32,External,ESP32_ROOM_1,30.2,47.0,-,0,Security Event,0,Low,Continue monitoring and maintain secure sensor authentication,Valid ESP32 HMAC Reading,Valid ESP32 HMAC Reading,200
2026-08-14 11:52:01,Real ESP32 Room Sensor,temperature_humidity_sensor,Demo Room,30.2,47.0,Critical,0,Normal Pattern,100,High,Critical Cold-Storage Failure,Critical Cold-Storage Failure,,,
2026-08-14 11:52:03,ESP32_ROOM_1,ESP32,External,ESP32_ROOM_1,30.2,47.0,-,0,Security Event,0,Low,Continue monitoring and maintain secure sensor authentication,Valid ESP32 HMAC Reading,Valid ESP32 HMAC Reading,200
2026-08-14 11:52:03,Real ESP32 Room Sensor,temperature_humidity_sensor,Demo Room,30.2,47.0,Critical,0,Normal Pattern,100,High,Critical Cold-Storage Failure,Critical Cold-Storage Failure,,,
2026-08-14 11:52:05,ESP32_ROOM_1,ESP32,External,ESP32_ROOM_1,30.2,47.0,-,0,Security Event,0,Low,Continue monitoring and maintain secure sensor authentication,Valid ESP32 HMAC Reading,Valid ESP32 HMAC Reading,200
2026-08-14 11:52:05,Real ESP32 Room Sensor,temperature_humidity_sensor,Demo Room,30.2,47.0,Critical,0,Normal Pattern,100,High,Critical Cold-Storage Failure,Critical Cold-Storage Failure,,,
2026-08-14 11:52:08,ESP32_ROOM_1,ESP32,External,ESP32_ROOM_1,30.2,47.0,-,0,Security Event,0,Low,Continue monitoring and maintain secure sensor authentication,Valid ESP32 HMAC Reading,Valid ESP32 HMAC Reading,200
2026-08-14 11:52:08,Real ESP32 Room Sensor,temperature_humidity_sensor,Demo Room,30.2,47.0,Critical,0,Normal Pattern,100,High,Critical Cold-Storage Failure,Critical Cold-Storage Failure,,,
2026-08-14 11:52:10,ESP32_ROOM_1,ESP32,External,ESP32_ROOM_1,30.2,47.0,-,0,Security Event,0,Low,Continue monitoring and maintain secure sensor authentication,Valid ESP32 HMAC Reading,Valid ESP32 HMAC Reading,200
2026-08-14 11:52:10,Real ESP32 Room Sensor,temperature_humidity_sensor,Demo Room,30.2,47.0,Critical,0,Normal Pattern,100,High,Critical Cold-Storage Failure,Critical Cold-Storage Failure,,,
2026-08-14 11:52:12,ESP32_ROOM_1,ESP32,External,ESP32_ROOM_1,30.2,47.0,-,0,Security Event,0,Low,Continue monitoring and maintain secure sensor authentication,Valid ESP32 HMAC Reading,Valid ESP32 HMAC Reading,200
2026-08-14 11:52:12,Real ESP32 Room Sensor,temperature_humidity_sensor,Demo Room,30.2,47.0,Critical,0,Normal Pattern,100,High,Critical Cold-Storage Failure,Critical Cold-Storage Failure,,,
2026-08-14 11:52:15,ESP32_ROOM_1,ESP32,External,ESP32_ROOM_1,30.2,47.0,-,0,Security Event,0,Low,Continue monitoring and maintain secure sensor authentication,Valid ESP32 HMAC Reading,Valid ESP32 HMAC Reading,200
2026-08-14 11:52:15,Real ESP32 Room Sensor,temperature_humidity_sensor,Demo Room,30.2,47.0,Critical,0,Normal Pattern,100,High,Critical Cold-Storage Failure,Critical Cold-Storage Failure,,,
2026-08-14 11:52:17,ESP32_ROOM_1,ESP32,External,ESP32_ROOM_1,30.2,47.0,-,0,Security Event,0,Low,Continue monitoring and maintain secure sensor authentication,Valid ESP32 HMAC Reading,Valid ESP32 HMAC Reading,200
2026-08-14 11:52:17,Real ESP32 Room Sensor,temperature_humidity_sensor,Demo Room,30.2,47.0,Critical,0,Normal Pattern,100,High,Critical Cold-Storage Failure,Critical Cold-Storage Failure,,,
2026-08-14 11:52:19,ESP32_ROOM_1,ESP32,External,ESP32_ROOM_1,30.2,47.0,-,0,Security Event,0,Low,Continue monitoring and maintain secure sensor authentication,Valid ESP32 HMAC Reading,Valid ESP32 HMAC Reading,200
2026-08-14 11:52:20,Real ESP32 Room Sensor,temperature_humidity_sensor,Demo Room,30.2,47.0,Critical,0,Normal Pattern,100,High,Critical Cold-Storage Failure,Critical Cold-Storage Failure,,,
2026-08-14 11:52:22,ESP32_ROOM_1,ESP32,External,ESP32_ROOM_1,30.2,47.0,-,0,Security Event,0,Low,Continue monitoring and maintain secure sensor authentication,Valid ESP32 HMAC Reading,Valid ESP32 HMAC Reading,200
2026-08-14 11:52:22,Real ESP32 Room Sensor,temperature_humidity_sensor,Demo Room,30.2,47.0,Critical,0,Normal Pattern,100,High,Critical Cold-Storage Failure,Critical Cold-Storage Failure,,,
2026-08-14 11:52:24,ESP32_ROOM_1,ESP32,External,ESP32_ROOM_1,30.2,47.0,-,0,Security Event,0,Low,Continue monitoring and maintain secure sensor authentication,Valid ESP32 HMAC Reading,Valid ESP32 HMAC Reading,200
2026-08-14 11:52:24,Real ESP32 Room Sensor,temperature_humidity_sensor,Demo Room,30.2,47.0,Critical,0,Normal Pattern,100,High,Critical Cold-Storage Failure,Critical Cold-Storage Failure,,,
2026-08-14 11:52:26,ESP32_ROOM_1,ESP32,External,ESP32_ROOM_1,30.2,47.0,-,0,Security Event,0,Low,Continue monitoring and maintain secure sensor authentication,Valid ESP32 HMAC Reading,Valid ESP32 HMAC Reading,200
2026-08-14 11:52:26,Real ESP32 Room Sensor,temperature_humidity_sensor,Demo Room,30.2,47.0,Critical,0,Normal Pattern,100,High,Critical Cold-Storage Failure,Critical Cold-Storage Failure,,,
2026-08-14 11:52:29,ESP32_ROOM_1,ESP32,External,ESP32_ROOM_1,30.2,47.0,-,0,Security Event,0,Low,Continue monitoring and maintain secure sensor authentication,Valid ESP32 HMAC Reading,Valid ESP32 HMAC Reading,200
2026-08-14 11:52:29,Real ESP32 Room Sensor,temperature_humidity_sensor,Demo Room,30.2,47.0,Critical,0,Normal Pattern,100,High,Critical Cold-Storage Failure,Critical Cold-Storage Failure
2026-08-14 11:52:31,ESP32_ROOM_1,ESP32,External,ESP32_ROOM_1,30.2,47.0,-,0,Security Event,0,Low,Continue monitoring and maintain secure sensor authentication,Valid ESP32 HMAC Reading,Valid ESP32 HMAC Reading,200
2026-08-14 11:52:31,Real ESP32 Room Sensor,temperature_humidity_sensor,Demo Room,30.2,47.0,Critical,0,Normal Pattern,100,High,Critical Cold-Storage Failure,Critical Cold-Storage Failure
2026-08-14 11:52:33,ESP32_ROOM_1,ESP32,External,ESP32_ROOM_1,30.2,47.0,-,0,Security Event,0,Low,Continue monitoring and maintain secure sensor authentication,Valid ESP32 HMAC Reading,Valid ESP32 HMAC Reading,200
2026-08-14 11:52:33,Real ESP32 Room Sensor,temperature_humidity_sensor,Demo Room,30.2,47.0,Critical,0,Normal Pattern,100,High,Critical Cold-Storage Failure,Critical Cold-Storage Failure
2026-08-14 11:52:36,ESP32_ROOM_1,ESP32,External,ESP32_ROOM_1,30.2,47.0,-,0,Security Event,0,Low,Continue monitoring and maintain secure sensor authentication,Valid ESP32 HMAC Reading,Valid ESP32 HMAC Reading,200
2026-08-14 11:52:36,Real ESP32 Room Sensor,temperature_humidity_sensor,Demo Room,30.2,47.0,Critical,0,Normal Pattern,100,High,Critical Cold-Storage Failure,Critical Cold-Storage Failure
2026-08-14 11:52:38,ESP32_ROOM_1,ESP32,External,ESP32_ROOM_1,30.2,47.0,-,0,Security Event,0,Low,Continue monitoring and maintain secure sensor authentication,Valid ESP32 HMAC Reading,Valid ESP32 HMAC Reading,200
2026-08-14 11:52:38,Real ESP32 Room Sensor,temperature_humidity_sensor,Demo Room,30.2,47.0,Critical,0,Normal Pattern,100,High,Critical Cold-Storage Failure,Critical Cold-Storage Failure
2026-08-14 11:52:40,ESP32_ROOM_1,ESP32,External,ESP32_ROOM_1,22.5,46.0,-,0,Security Event,0,Low,Continue monitoring and maintain secure sensor authentication,Valid ESP32 HMAC Reading,Valid ESP32 HMAC Reading,200
2026-08-14 11:52:40,Real ESP32 Room Sensor,temperature_humidity_sensor,Demo Room,22.5,46.0,Critical,0,Normal Pattern,100,High,Critical Cold-Storage Failure,Critical Cold-Storage Failure
2026-08-14 11:52:40,ESP32_ROOM_1,ESP32,External,ESP32_ROOM_1,22.5,46.0,-,0,Security Event,31,Medium,SOC Investigation Required,Invalid HMAC Signature,Invalid HMAC Signature,401
2026-08-14 11:52:40,ESP32_ROOM_1,ESP32,External,ESP32_ROOM_1,30.2,47.0,-,0,Security Event,0,Low,Continue monitoring and maintain secure sensor authentication,Valid ESP32 HMAC Reading,Valid ESP32 HMAC Reading,200
2026-08-14 11:52:40,Real ESP32 Room Sensor,temperature_humidity_sensor,Demo Room,30.2,47.0,Critical,0,Normal Pattern,100,High,Critical Cold-Storage Failure,Critical Cold-Storage Failure
2026-08-14 11:52:43,ESP32_ROOM_1,ESP32,External,ESP32_ROOM_1,30.2,47.0,-,0,Security Event,0,Low,Continue monitoring and maintain secure sensor authentication,Valid ESP32 HMAC Reading,Valid ESP32 HMAC Reading,200
2026-08-14 11:52:43,Real ESP32 Room Sensor,temperature_humidity_sensor,Demo Room,30.2,47.0,Critical,0,Normal Pattern,100,High,Critical Cold-Storage Failure,Critical Cold-Storage Failure
2026-08-14 11:52:45,ESP32_ROOM_1,ESP32,External,ESP32_ROOM_1,30.2,47.0,-,0,Security Event,0,Low,Continue monitoring and maintain secure sensor authentication,Valid ESP32 HMAC Reading,Valid ESP32 HMAC Reading,200
2026-08-14 11:52:45,Real ESP32 Room Sensor,temperature_humidity_sensor,Demo Room,30.2,47.0,Critical,0,Normal Pattern,100,High,Critical Cold-Storage Failure,Critical Cold-Storage Failure
2026-08-14 11:52:47,ESP32_ROOM_1,ESP32,External,ESP32_ROOM_1,30.2,47.0,-,0,Security Event,0,Low,Continue monitoring and maintain secure sensor authentication,Valid ESP32 HMAC Reading,Valid ESP32 HMAC Reading,200
2026-08-14 11:52:47,Real ESP32 Room Sensor,temperature_humidity_sensor,Demo Room,30.2,47.0,Critical,0,Normal Pattern,100,High,Critical Cold-Storage Failure,Critical Cold-Storage Failure
2026-08-14 11:52:50,ESP32_ROOM_1,ESP32,External,ESP32_ROOM_1,30.2,47.0,-,0,Security Event,0,Low,Continue monitoring and maintain secure sensor authentication,Valid ESP32 HMAC Reading,Valid ESP32 HMAC Reading,200
2026-08-14 11:52:50,Real ESP32 Room Sensor,temperature_humidity_sensor,Demo Room,30.2,47.0,Critical,0,Normal Pattern,100,High,Critical Cold-Storage Failure,Critical Cold-Storage Failure
2026-08-14 11:52:52,ESP32_ROOM_1,ESP32,External,ESP32_ROOM_1,30.2,47.0,-,0,Security Event,0,Low,Continue monitoring and maintain secure sensor authentication,Valid ESP32 HMAC Reading,Valid ESP32 HMAC Reading,200
2026-08-14 11:52:52,Real ESP32 Room Sensor,temperature_humidity_sensor,Demo Room,30.2,47.0,Critical,0,Normal Pattern,100,High,Critical Cold-Storage Failure,Critical Cold-Storage Failure
2026-08-14 11:52:54,ESP32_ROOM_1,ESP32,External,ESP32_ROOM_1,30.2,47.0,-,0,Security Event,0,Low,Continue monitoring and maintain secure sensor authentication,Valid ESP32 HMAC Reading,Valid ESP32 HMAC Reading,200
2026-08-14 11:52:54,Real ESP32 Room Sensor,temperature_humidity_sensor,Demo Room,30.2,47.0,Critical,0,Normal Pattern,100,High,Critical Cold-Storage Failure,Critical Cold-Storage Failure
2026-08-14 11:52:56,ESP32_ROOM_1,ESP32,External,ESP32_ROOM_1,30.2,47.0,-,0,Security Event,0,Low,Continue monitoring and maintain secure sensor authentication,Valid ESP32 HMAC Reading,Valid ESP32 HMAC Reading,200
2026-08-14 11:52:56,Real ESP32 Room Sensor,temperature_humidity_sensor,Demo Room,30.2,47.0,Critical,0,Normal Pattern,100,High,Critical Cold-Storage Failure,Critical Cold-Storage Failure
2026-08-14 11:52:59,ESP32_ROOM_1,ESP32,External,ESP32_ROOM_1,30.2,47.0,-,0,Security Event,0,Low,Continue monitoring and maintain secure sensor authentication,Valid ESP32 HMAC Reading,Valid ESP32 HMAC Reading,200
2026-08-14 11:52:59,Real ESP32 Room Sensor,temperature_humidity_sensor,Demo Room,30.2,47.0,Critical,0,Normal Pattern,100,High,Critical Cold-Storage Failure,Critical Cold-Storage Failure
2026-08-14 11:53:01,ESP32_ROOM_1,ESP32,External,ESP32_ROOM_1,30.2,47.0,-,0,Security Event,0,Low,Continue monitoring and maintain secure sensor authentication,Valid ESP32 HMAC Reading,Valid ESP32 HMAC Reading,200
2026-08-14 11:53:01,Real ESP32 Room Sensor,temperature_humidity_sensor,Demo Room,30.2,47.0,Critical,0,Normal Pattern,100,High,Critical Cold-Storage Failure,Critical Cold-Storage Failure
2026-08-14 11:53:03,ESP32_ROOM_1,ESP32,External,ESP32_ROOM_1,30.2,47.0,-,0,Security Event,0,Low,Continue monitoring and maintain secure sensor authentication,Valid ESP32 HMAC Reading,Valid ESP32 HMAC Reading,200
2026-08-14 11:53:03,Real ESP32 Room Sensor,temperature_humidity_sensor,Demo Room,30.2,47.0,Critical,0,Normal Pattern,100,High,Critical Cold-Storage Failure,Critical Cold-Storage Failure
2026-08-14 11:53:06,ESP32_ROOM_1,ESP32,External,ESP32_ROOM_1,30.2,47.0,-,0,Security Event,0,Low,Continue monitoring and maintain secure sensor authentication,Valid ESP32 HMAC Reading,Valid ESP32 HMAC Reading,200
2026-08-14 11:53:06,Real ESP32 Room Sensor,temperature_humidity_sensor,Demo Room,30.2,47.0,Critical,0,Normal Pattern,100,High,Critical Cold-Storage Failure,Critical Cold-Storage Failure
2026-08-14 11:53:08,ESP32_ROOM_1,ESP32,External,ESP32_ROOM_1,30.2,47.0,-,0,Security Event,0,Low,Continue monitoring and maintain secure sensor authentication,Valid ESP32 HMAC Reading,Valid ESP32 HMAC Reading,200
2026-08-14 11:53:08,Real ESP32 Room Sensor,temperature_humidity_sensor,Demo Room,30.2,47.0,Critical,0,Normal Pattern,100,High,Critical Cold-Storage Failure,Critical Cold-Storage Failure
2026-08-14 11:53:10,ESP32_ROOM_1,ESP32,External,ESP32_ROOM_1,30.2,47.0,-,0,Security Event,0,Low,Continue monitoring and maintain secure sensor authentication,Valid ESP32 HMAC Reading,Valid ESP32 HMAC Reading,200
2026-08-14 11:53:10,Real ESP32 Room Sensor,temperature_humidity_sensor,Demo Room,30.2,47.0,Critical,0,Normal Pattern,100,High,Critical Cold-Storage Failure,Critical Cold-Storage Failure
2026-08-14 11:53:13,ESP32_ROOM_1,ESP32,External,ESP32_ROOM_1,30.2,47.0,-,0,Security Event,0,Low,Continue monitoring and maintain secure sensor authentication,Valid ESP32 HMAC Reading,Valid ESP32 HMAC Reading,200
2026-08-14 11:53:13,Real ESP32 Room Sensor,temperature_humidity_sensor,Demo Room,30.2,47.0,Critical,0,Normal Pattern,100,High,Critical Cold-Storage Failure,Critical Cold-Storage Failure
2026-08-14 11:53:15,ESP32_ROOM_1,ESP32,External,ESP32_ROOM_1,30.2,47.0,-,0,Security Event,0,Low,Continue monitoring and maintain secure sensor authentication,Valid ESP32 HMAC Reading,Valid ESP32 HMAC Reading,200
2026-08-14 11:53:15,Real ESP32 Room Sensor,temperature_humidity_sensor,Demo Room,30.2,47.0,Critical,0,Normal Pattern,100,High,Critical Cold-Storage Failure,Critical Cold-Storage Failure
2026-08-14 11:53:17,ESP32_ROOM_1,ESP32,External,ESP32_ROOM_1,30.2,47.0,-,0,Security Event,0,Low,Continue monitoring and maintain secure sensor authentication,Valid ESP32 HMAC Reading,Valid ESP32 HMAC Reading,200
2026-08-14 11:53:17,Real ESP32 Room Sensor,temperature_humidity_sensor,Demo Room,30.2,47.0,Critical,0,Normal Pattern,100,High,Critical Cold-Storage Failure,Critical Cold-Storage Failure
2026-08-14 11:53:20,ESP32_ROOM_1,ESP32,External,ESP32_ROOM_1,30.2,47.0,-,0,Security Event,0,Low,Continue monitoring and maintain secure sensor authentication,Valid ESP32 HMAC Reading,Valid ESP32 HMAC Reading,200
2026-08-14 11:53:20,Real ESP32 Room Sensor,temperature_humidity_sensor,Demo Room,30.2,47.0,Critical,0,Normal Pattern,100,High,Critical Cold-Storage Failure,Critical Cold-Storage Failure
2026-08-14 11:53:22,ESP32_ROOM_1,ESP32,External,ESP32_ROOM_1,30.2,47.0,-,0,Security Event,0,Low,Continue monitoring and maintain secure sensor authentication,Valid ESP32 HMAC Reading,Valid ESP32 HMAC Reading,200
2026-08-14 11:53:22,Real ESP32 Room Sensor,temperature_humidity_sensor,Demo Room,30.2,47.0,Critical,0,Normal Pattern,100,High,Critical Cold-Storage Failure,Critical Cold-Storage Failure
2026-08-14 11:53:24,ESP32_ROOM_1,ESP32,External,ESP32_ROOM_1,30.2,47.0,-,0,Security Event,0,Low,Continue monitoring and maintain secure sensor authentication,Valid ESP32 HMAC Reading,Valid ESP32 HMAC Reading,200
2026-08-14 11:53:24,Real ESP32 Room Sensor,temperature_humidity_sensor,Demo Room,30.2,47.0,Critical,0,Normal Pattern,100,High,Critical Cold-Storage Failure,Critical Cold-Storage Failure
2026-08-14 11:53:27,ESP32_ROOM_1,ESP32,External,ESP32_ROOM_1,30.2,47.0,-,0,Security Event,0,Low,Continue monitoring and maintain secure sensor authentication,Valid ESP32 HMAC Reading,Valid ESP32 HMAC Reading,200
2026-08-14 11:53:27,Real ESP32 Room Sensor,temperature_humidity_sensor,Demo Room,30.2,47.0,Critical,0,Normal Pattern,100,High,Critical Cold-Storage Failure,Critical Cold-Storage Failure
2026-08-14 11:53:29,ESP32_ROOM_1,ESP32,External,ESP32_ROOM_1,30.2,47.0,-,0,Security Event,0,Low,Continue monitoring and maintain secure sensor authentication,Valid ESP32 HMAC Reading,Valid ESP32 HMAC Reading,200
2026-08-14 11:53:29,Real ESP32 Room Sensor,temperature_humidity_sensor,Demo Room,30.2,47.0,Critical,0,Normal Pattern,100,High,Critical Cold-Storage Failure,Critical Cold-Storage Failure
2026-08-14 11:53:31,ESP32_ROOM_1,ESP32,External,ESP32_ROOM_1,30.2,47.0,-,0,Security Event,0,Low,Continue monitoring and maintain secure sensor authentication,Valid ESP32 HMAC Reading,Valid ESP32 HMAC Reading,200
2026-08-14 11:53:31,Real ESP32 Room Sensor,temperature_humidity_sensor,Demo Room,30.2,47.0,Critical,0,Normal Pattern,100,High,Critical Cold-Storage Failure,Critical Cold-Storage Failure
2026-08-14 11:53:34,ESP32_ROOM_1,ESP32,External,ESP32_ROOM_1,30.2,47.0,-,0,Security Event,0,Low,Continue monitoring and maintain secure sensor authentication,Valid ESP32 HMAC Reading,Valid ESP32 HMAC Reading,200
2026-08-14 11:53:34,Real ESP32 Room Sensor,temperature_humidity_sensor,Demo Room,30.2,47.0,Critical,0,Normal Pattern,100,High,Critical Cold-Storage Failure,Critical Cold-Storage Failure
2026-08-14 11:53:36,ESP32_ROOM_1,ESP32,External,ESP32_ROOM_1,30.2,47.0,-,0,Security Event,0,Low,Continue monitoring and maintain secure sensor authentication,Valid ESP32 HMAC Reading,Valid ESP32 HMAC Reading,200
2026-08-14 11:53:36,Real ESP32 Room Sensor,temperature_humidity_sensor,Demo Room,30.2,47.0,Critical,0,Normal Pattern,100,High,Critical Cold-Storage Failure,Critical Cold-Storage Failure
2026-08-14 11:53:38,ESP32_ROOM_1,ESP32,External,ESP32_ROOM_1,30.2,47.0,-,0,Security Event,0,Low,Continue monitoring and maintain secure sensor authentication,Valid ESP32 HMAC Reading,Valid ESP32 HMAC Reading,200
2026-08-14 11:53:38,Real ESP32 Room Sensor,temperature_humidity_sensor,Demo Room,30.2,47.0,Critical,0,Normal Pattern,100,High,Critical Cold-Storage Failure,Critical Cold-Storage Failure
2026-08-14 11:53:41,ESP32_ROOM_1,ESP32,External,ESP32_ROOM_1,30.2,47.0,-,0,Security Event,0,Low,Continue monitoring and maintain secure sensor authentication,Valid ESP32 HMAC Reading,Valid ESP32 HMAC Reading,200
2026-08-14 11:53:41,Real ESP32 Room Sensor,temperature_humidity_sensor,Demo Room,30.2,47.0,Critical,0,Normal Pattern,100,High,Critical Cold-Storage Failure,Critical Cold-Storage Failure
2026-08-14 11:53:43,ESP32_ROOM_1,ESP32,External,ESP32_ROOM_1,30.2,47.0,-,0,Security Event,0,Low,Continue monitoring and maintain secure sensor authentication,Valid ESP32 HMAC Reading,Valid ESP32 HMAC Reading,200
2026-08-14 11:53:43,Real ESP32 Room Sensor,temperature_humidity_sensor,Demo Room,30.2,47.0,Critical,0,Normal Pattern,100,High,Critical Cold-Storage Failure,Critical Cold-Storage Failure
2026-08-14 11:53:45,ESP32_ROOM_1,ESP32,External,ESP32_ROOM_1,30.2,47.0,-,0,Security Event,0,Low,Continue monitoring and maintain secure sensor authentication,Valid ESP32 HMAC Reading,Valid ESP32 HMAC Reading,200
2026-08-14 11:53:45,Real ESP32 Room Sensor,temperature_humidity_sensor,Demo Room,30.2,47.0,Critical,0,Normal Pattern,100,High,Critical Cold-Storage Failure,Critical Cold-Storage Failure
2026-08-14 11:53:47,ESP32_ROOM_1,ESP32,External,ESP32_ROOM_1,30.2,47.0,-,0,Security Event,0,Low,Continue monitoring and maintain secure sensor authentication,Valid ESP32 HMAC Reading,Valid ESP32 HMAC Reading,200
2026-08-14 11:53:47,Real ESP32 Room Sensor,temperature_humidity_sensor,Demo Room,30.2,47.0,Critical,0,Normal Pattern,100,High,Critical Cold-Storage Failure,Critical Cold-Storage Failure
2026-08-14 11:53:50,ESP32_ROOM_1,ESP32,External,ESP32_ROOM_1,30.2,47.0,-,0,Security Event,0,Low,Continue monitoring and maintain secure sensor authentication,Valid ESP32 HMAC Reading,Valid ESP32 HMAC Reading,200
2026-08-14 11:53:50,Real ESP32 Room Sensor,temperature_humidity_sensor,Demo Room,30.2,47.0,Critical,0,Normal Pattern,100,High,Critical Cold-Storage Failure,Critical Cold-Storage Failure
2026-08-14 11:53:52,ESP32_ROOM_1,ESP32,External,ESP32_ROOM_1,30.2,47.0,-,0,Security Event,0,Low,Continue monitoring and maintain secure sensor authentication,Valid ESP32 HMAC Reading,Valid ESP32 HMAC Reading,200
2026-08-14 11:53:52,Real ESP32 Room Sensor,temperature_humidity_sensor,Demo Room,30.2,47.0,Critical,0,Normal Pattern,100,High,Critical Cold-Storage Failure,Critical Cold-Storage Failure
2026-08-14 11:53:55,ESP32_ROOM_1,ESP32,External,ESP32_ROOM_1,30.2,47.0,-,0,Security Event,0,Low,Continue monitoring and maintain secure sensor authentication,Valid ESP32 HMAC Reading,Valid ESP32 HMAC Reading,200
2026-08-14 11:53:55,Real ESP32 Room Sensor,temperature_humidity_sensor,Demo Room,30.2,47.0,Critical,0,Normal Pattern,100,High,Critical Cold-Storage Failure,Critical Cold-Storage Failure
2026-08-14 11:53:57,ESP32_ROOM_1,ESP32,External,ESP32_ROOM_1,30.2,47.0,-,0,Security Event,0,Low,Continue monitoring and maintain secure sensor authentication,Valid ESP32 HMAC Reading,Valid ESP32 HMAC Reading,200
2026-08-14 11:53:57,Real ESP32 Room Sensor,temperature_humidity_sensor,Demo Room,30.2,47.0,Critical,0,Normal Pattern,100,High,Critical Cold-Storage Failure,Critical Cold-Storage Failure
2026-08-14 11:53:59,ESP32_ROOM_1,ESP32,External,ESP32_ROOM_1,30.2,47.0,-,0,Security Event,0,Low,Continue monitoring and maintain secure sensor authentication,Valid ESP32 HMAC Reading,Valid ESP32 HMAC Reading,200
2026-08-14 11:53:59,Real ESP32 Room Sensor,temperature_humidity_sensor,Demo Room,30.2,47.0,Critical,0,Normal Pattern,100,High,Critical Cold-Storage Failure,Critical Cold-Storage Failure
2026-08-14 11:54:02,ESP32_ROOM_1,ESP32,External,ESP32_ROOM_1,30.2,47.0,-,0,Security Event,0,Low,Continue monitoring and maintain secure sensor authentication,Valid ESP32 HMAC Reading,Valid ESP32 HMAC Reading,200
2026-08-14 11:54:02,Real ESP32 Room Sensor,temperature_humidity_sensor,Demo Room,30.2,47.0,Critical,0,Normal Pattern,100,High,Critical Cold-Storage Failure,Critical Cold-Storage Failure
2026-08-14 11:54:04,ESP32_ROOM_1,ESP32,External,ESP32_ROOM_1,30.2,47.0,-,0,Security Event,0,Low,Continue monitoring and maintain secure sensor authentication,Valid ESP32 HMAC Reading,Valid ESP32 HMAC Reading,200
2026-08-14 11:54:04,Real ESP32 Room Sensor,temperature_humidity_sensor,Demo Room,30.2,47.0,Critical,0,Normal Pattern,100,High,Critical Cold-Storage Failure,Critical Cold-Storage Failure
2026-08-14 11:54:06,ESP32_ROOM_1,ESP32,External,ESP32_ROOM_1,30.2,47.0,-,0,Security Event,0,Low,Continue monitoring and maintain secure sensor authentication,Valid ESP32 HMAC Reading,Valid ESP32 HMAC Reading,200
2026-08-14 11:54:06,Real ESP32 Room Sensor,temperature_humidity_sensor,Demo Room,30.2,47.0,Critical,0,Normal Pattern,100,High,Critical Cold-Storage Failure,Critical Cold-Storage Failure
2026-08-14 11:54:09,ESP32_ROOM_1,ESP32,External,ESP32_ROOM_1,30.2,47.0,-,0,Security Event,0,Low,Continue monitoring and maintain secure sensor authentication,Valid ESP32 HMAC Reading,Valid ESP32 HMAC Reading,200
2026-08-14 11:54:09,Real ESP32 Room Sensor,temperature_humidity_sensor,Demo Room,30.2,47.0,Critical,0,Normal Pattern,100,High,Critical Cold-Storage Failure,Critical Cold-Storage Failure
2026-08-14 11:54:11,ESP32_ROOM_1,ESP32,External,ESP32_ROOM_1,30.2,47.0,-,0,Security Event,0,Low,Continue monitoring and maintain secure sensor authentication,Valid ESP32 HMAC Reading,Valid ESP32 HMAC Reading,200
2026-08-14 11:54:11,Real ESP32 Room Sensor,temperature_humidity_sensor,Demo Room,30.2,47.0,Critical,0,Normal Pattern,100,High,Critical Cold-Storage Failure,Critical Cold-Storage Failure
2026-08-14 11:54:13,ESP32_ROOM_1,ESP32,External,ESP32_ROOM_1,30.2,47.0,-,0,Security Event,0,Low,Continue monitoring and maintain secure sensor authentication,Valid ESP32 HMAC Reading,Valid ESP32 HMAC Reading,200
2026-08-14 11:54:13,Real ESP32 Room Sensor,temperature_humidity_sensor,Demo Room,30.2,47.0,Critical,0,Normal Pattern,100,High,Critical Cold-Storage Failure,Critical Cold-Storage Failure
2026-08-14 11:54:16,ESP32_ROOM_1,ESP32,External,ESP32_ROOM_1,30.2,47.0,-,0,Security Event,0,Low,Continue monitoring and maintain secure sensor authentication,Valid ESP32 HMAC Reading,Valid ESP32 HMAC Reading,200
2026-08-14 11:54:16,Real ESP32 Room Sensor,temperature_humidity_sensor,Demo Room,30.2,47.0,Critical,0,Normal Pattern,100,High,Critical Cold-Storage Failure,Critical Cold-Storage Failure
2026-08-14 11:54:18,ESP32_ROOM_1,ESP32,External,ESP32_ROOM_1,30.2,47.0,-,0,Security Event,0,Low,Continue monitoring and maintain secure sensor authentication,Valid ESP32 HMAC Reading,Valid ESP32 HMAC Reading,200
2026-08-14 11:54:18,Real ESP32 Room Sensor,temperature_humidity_sensor,Demo Room,30.2,47.0,Critical,0,Normal Pattern,100,High,Critical Cold-Storage Failure,Critical Cold-Storage Failure
2026-08-14 11:54:20,ESP32_ROOM_1,ESP32,External,ESP32_ROOM_1,30.2,47.0,-,0,Security Event,0,Low,Continue monitoring and maintain secure sensor authentication,Valid ESP32 HMAC Reading,Valid ESP32 HMAC Reading,200
2026-08-14 11:54:20,Real ESP32 Room Sensor,temperature_humidity_sensor,Demo Room,30.2,47.0,Critical,0,Normal Pattern,100,High,Critical Cold-Storage Failure,Critical Cold-Storage Failure
2026-08-14 11:54:23,ESP32_ROOM_1,ESP32,External,ESP32_ROOM_1,30.2,47.0,-,0,Security Event,0,Low,Continue monitoring and maintain secure sensor authentication,Valid ESP32 HMAC Reading,Valid ESP32 HMAC Reading,200
2026-08-14 11:54:23,Real ESP32 Room Sensor,temperature_humidity_sensor,Demo Room,30.2,47.0,Critical,0,Normal Pattern,100,High,Critical Cold-Storage Failure,Critical Cold-Storage Failure
2026-08-14 11:54:25,ESP32_ROOM_1,ESP32,External,ESP32_ROOM_1,30.2,47.0,-,0,Security Event,0,Low,Continue monitoring and maintain secure sensor authentication,Valid ESP32 HMAC Reading,Valid ESP32 HMAC Reading,200
2026-08-14 11:54:25,Real ESP32 Room Sensor,temperature_humidity_sensor,Demo Room,30.2,47.0,Critical,0,Normal Pattern,100,High,Critical Cold-Storage Failure,Critical Cold-Storage Failure
2026-08-14 11:54:27,ESP32_ROOM_1,ESP32,External,ESP32_ROOM_1,30.2,47.0,-,0,Security Event,0,Low,Continue monitoring and maintain secure sensor authentication,Valid ESP32 HMAC Reading,Valid ESP32 HMAC Reading,200
2026-08-14 11:54:27,Real ESP32 Room Sensor,temperature_humidity_sensor,Demo Room,30.2,47.0,Critical,0,Normal Pattern,100,High,Critical Cold-Storage Failure,Critical Cold-Storage Failure
2026-08-14 11:54:30,ESP32_ROOM_1,ESP32,External,ESP32_ROOM_1,30.2,47.0,-,0,Security Event,0,Low,Continue monitoring and maintain secure sensor authentication,Valid ESP32 HMAC Reading,Valid ESP32 HMAC Reading,200
2026-08-14 11:54:30,Real ESP32 Room Sensor,temperature_humidity_sensor,Demo Room,30.2,47.0,Critical,0,Normal Pattern,100,High,Critical Cold-Storage Failure,Critical Cold-Storage Failure
2026-08-14 11:54:32,ESP32_ROOM_1,ESP32,External,ESP32_ROOM_1,30.2,47.0,-,0,Security Event,0,Low,Continue monitoring and maintain secure sensor authentication,Valid ESP32 HMAC Reading,Valid ESP32 HMAC Reading,200
2026-08-14 11:54:32,Real ESP32 Room Sensor,temperature_humidity_sensor,Demo Room,30.2,47.0,Critical,0,Normal Pattern,100,High,Critical Cold-Storage Failure,Critical Cold-Storage Failure
2026-08-14 11:54:34,ESP32_ROOM_1,ESP32,External,ESP32_ROOM_1,30.2,47.0,-,0,Security Event,0,Low,Continue monitoring and maintain secure sensor authentication,Valid ESP32 HMAC Reading,Valid ESP32 HMAC Reading,200
2026-08-14 11:54:34,Real ESP32 Room Sensor,temperature_humidity_sensor,Demo Room,30.2,47.0,Critical,0,Normal Pattern,100,High,Critical Cold-Storage Failure,Critical Cold-Storage Failure
2026-08-14 11:54:37,ESP32_ROOM_1,ESP32,External,ESP32_ROOM_1,30.2,47.0,-,0,Security Event,0,Low,Continue monitoring and maintain secure sensor authentication,Valid ESP32 HMAC Reading,Valid ESP32 HMAC Reading,200
2026-08-14 11:54:37,Real ESP32 Room Sensor,temperature_humidity_sensor,Demo Room,30.2,47.0,Critical,0,Normal Pattern,100,High,Critical Cold-Storage Failure,Critical Cold-Storage Failure
2026-08-14 11:54:39,ESP32_ROOM_1,ESP32,External,ESP32_ROOM_1,30.2,47.0,-,0,Security Event,0,Low,Continue monitoring and maintain secure sensor authentication,Valid ESP32 HMAC Reading,Valid ESP32 HMAC Reading,200
2026-08-14 11:54:39,Real ESP32 Room Sensor,temperature_humidity_sensor,Demo Room,30.2,47.0,Critical,0,Normal Pattern,100,High,Critical Cold-Storage Failure,Critical Cold-Storage Failure
2026-08-14 11:54:41,ESP32_ROOM_1,ESP32,External,ESP32_ROOM_1,30.2,47.0,-,0,Security Event,0,Low,Continue monitoring and maintain secure sensor authentication,Valid ESP32 HMAC Reading,Valid ESP32 HMAC Reading,200
2026-08-14 11:54:41,Real ESP32 Room Sensor,temperature_humidity_sensor,Demo Room,30.2,47.0,Critical,0,Normal Pattern,100,High,Critical Cold-Storage Failure,Critical Cold-Storage Failure
2026-08-14 11:54:44,ESP32_ROOM_1,ESP32,External,ESP32_ROOM_1,30.2,47.0,-,0,Security Event,0,Low,Continue monitoring and maintain secure sensor authentication,Valid ESP32 HMAC Reading,Valid ESP32 HMAC Reading,200
2026-08-14 11:54:44,Real ESP32 Room Sensor,temperature_humidity_sensor,Demo Room,30.2,47.0,Critical,0,Normal Pattern,100,High,Critical Cold-Storage Failure,Critical Cold-Storage Failure
2026-08-14 11:54:46,ESP32_ROOM_1,ESP32,External,ESP32_ROOM_1,30.2,47.0,-,0,Security Event,0,Low,Continue monitoring and maintain secure sensor authentication,Valid ESP32 HMAC Reading,Valid ESP32 HMAC Reading,200
2026-08-14 11:54:46,Real ESP32 Room Sensor,temperature_humidity_sensor,Demo Room,30.2,47.0,Critical,0,Normal Pattern,100,High,Critical Cold-Storage Failure,Critical Cold-Storage Failure
2026-08-14 11:54:48,ESP32_ROOM_1,ESP32,External,ESP32_ROOM_1,30.2,47.0,-,0,Security Event,0,Low,Continue monitoring and maintain secure sensor authentication,Valid ESP32 HMAC Reading,Valid ESP32 HMAC Reading,200
2026-08-14 11:54:48,Real ESP32 Room Sensor,temperature_humidity_sensor,Demo Room,30.2,47.0,Critical,0,Normal Pattern,100,High,Critical Cold-Storage Failure,Critical Cold-Storage Failure
2026-08-14 11:54:51,ESP32_ROOM_1,ESP32,External,ESP32_ROOM_1,30.2,47.0,-,0,Security Event,0,Low,Continue monitoring and maintain secure sensor authentication,Valid ESP32 HMAC Reading,Valid ESP32 HMAC Reading,200
2026-08-14 11:54:51,Real ESP32 Room Sensor,temperature_humidity_sensor,Demo Room,30.2,47.0,Critical,0,Normal Pattern,100,High,Critical Cold-Storage Failure,Critical Cold-Storage Failure
2026-08-14 11:54:53,ESP32_ROOM_1,ESP32,External,ESP32_ROOM_1,30.2,47.0,-,0,Security Event,0,Low,Continue monitoring and maintain secure sensor authentication,Valid ESP32 HMAC Reading,Valid ESP32 HMAC Reading,200
2026-08-14 11:54:53,Real ESP32 Room Sensor,temperature_humidity_sensor,Demo Room,30.2,47.0,Critical,0,Normal Pattern,100,High,Critical Cold-Storage Failure,Critical Cold-Storage Failure
2026-08-14 11:54:55,ESP32_ROOM_1,ESP32,External,ESP32_ROOM_1,30.2,47.0,-,0,Security Event,0,Low,Continue monitoring and maintain secure sensor authentication,Valid ESP32 HMAC Reading,Valid ESP32 HMAC Reading,200
2026-08-14 11:54:55,Real ESP32 Room Sensor,temperature_humidity_sensor,Demo Room,30.2,47.0,Critical,0,Normal Pattern,100,High,Critical Cold-Storage Failure,Critical Cold-Storage Failure
2026-08-14 11:54:58,ESP32_ROOM_1,ESP32,External,ESP32_ROOM_1,30.2,47.0,-,0,Security Event,0,Low,Continue monitoring and maintain secure sensor authentication,Valid ESP32 HMAC Reading,Valid ESP32 HMAC Reading,200
2026-08-14 11:54:58,Real ESP32 Room Sensor,temperature_humidity_sensor,Demo Room,30.2,47.0,Critical,0,Normal Pattern,100,High,Critical Cold-Storage Failure,Critical Cold-Storage Failure
2026-08-14 11:55:00,ESP32_ROOM_1,ESP32,External,ESP32_ROOM_1,30.2,47.0,-,0,Security Event,0,Low,Continue monitoring and maintain secure sensor authentication,Valid ESP32 HMAC Reading,Valid ESP32 HMAC Reading,200
2026-08-14 11:55:00,Real ESP32 Room Sensor,temperature_humidity_sensor,Demo Room,30.2,47.0,Critical,0,Normal Pattern,100,High,Critical Cold-Storage Failure,Critical Cold-Storage Failure
2026-08-14 11:55:02,ESP32_ROOM_1,ESP32,External,ESP32_ROOM_1,30.2,47.0,-,0,Security Event,0,Low,Continue monitoring and maintain secure sensor authentication,Valid ESP32 HMAC Reading,Valid ESP32 HMAC Reading,200
2026-08-14 11:55:02,Real ESP32 Room Sensor,temperature_humidity_sensor,Demo Room,30.2,47.0,Critical,0,Normal Pattern,100,High,Critical Cold-Storage Failure,Critical Cold-Storage Failure
2026-08-14 11:55:05,ESP32_ROOM_1,ESP32,External,ESP32_ROOM_1,30.2,47.0,-,0,Security Event,0,Low,Continue monitoring and maintain secure sensor authentication,Valid ESP32 HMAC Reading,Valid ESP32 HMAC Reading,200
2026-08-14 11:55:05,Real ESP32 Room Sensor,temperature_humidity_sensor,Demo Room,30.2,47.0,Critical,0,Normal Pattern,100,High,Critical Cold-Storage Failure,Critical Cold-Storage Failure
2026-08-14 11:55:07,ESP32_ROOM_1,ESP32,External,ESP32_ROOM_1,30.2,47.0,-,0,Security Event,0,Low,Continue monitoring and maintain secure sensor authentication,Valid ESP32 HMAC Reading,Valid ESP32 HMAC Reading,200
2026-08-14 11:55:07,Real ESP32 Room Sensor,temperature_humidity_sensor,Demo Room,30.2,47.0,Critical,0,Normal Pattern,100,High,Critical Cold-Storage Failure,Critical Cold-Storage Failure
2026-08-14 11:55:09,ESP32_ROOM_1,ESP32,External,ESP32_ROOM_1,30.2,47.0,-,0,Security Event,0,Low,Continue monitoring and maintain secure sensor authentication,Valid ESP32 HMAC Reading,Valid ESP32 HMAC Reading,200
2026-08-14 11:55:09,Real ESP32 Room Sensor,temperature_humidity_sensor,Demo Room,30.2,47.0,Critical,0,Normal Pattern,100,High,Critical Cold-Storage Failure,Critical Cold-Storage Failure
2026-08-14 11:55:12,ESP32_ROOM_1,ESP32,External,ESP32_ROOM_1,30.2,47.0,-,0,Security Event,0,Low,Continue monitoring and maintain secure sensor authentication,Valid ESP32 HMAC Reading,Valid ESP32 HMAC Reading,200
2026-08-14 11:55:12,Real ESP32 Room Sensor,temperature_humidity_sensor,Demo Room,30.2,47.0,Critical,0,Normal Pattern,100,High,Critical Cold-Storage Failure,Critical Cold-Storage Failure
2026-08-14 11:55:14,ESP32_ROOM_1,ESP32,External,ESP32_ROOM_1,30.2,47.0,-,0,Security Event,0,Low,Continue monitoring and maintain secure sensor authentication,Valid ESP32 HMAC Reading,Valid ESP32 HMAC Reading,200
2026-08-14 11:55:14,Real ESP32 Room Sensor,temperature_humidity_sensor,Demo Room,30.2,47.0,Critical,0,Normal Pattern,100,High,Critical Cold-Storage Failure,Critical Cold-Storage Failure
2026-08-14 11:55:16,ESP32_ROOM_1,ESP32,External,ESP32_ROOM_1,30.2,47.0,-,0,Security Event,0,Low,Continue monitoring and maintain secure sensor authentication,Valid ESP32 HMAC Reading,Valid ESP32 HMAC Reading,200
2026-08-14 11:55:16,Real ESP32 Room Sensor,temperature_humidity_sensor,Demo Room,30.2,47.0,Critical,0,Normal Pattern,100,High,Critical Cold-Storage Failure,Critical Cold-Storage Failure
2026-08-14 11:55:18,ESP32_ROOM_1,ESP32,External,ESP32_ROOM_1,30.2,47.0,-,0,Security Event,0,Low,Continue monitoring and maintain secure sensor authentication,Valid ESP32 HMAC Reading,Valid ESP32 HMAC Reading,200
2026-08-14 11:55:18,Real ESP32 Room Sensor,temperature_humidity_sensor,Demo Room,30.2,47.0,Critical,0,Normal Pattern,100,High,Critical Cold-Storage Failure,Critical Cold-Storage Failure
2026-08-14 11:55:21,ESP32_ROOM_1,ESP32,External,ESP32_ROOM_1,30.2,47.0,-,0,Security Event,0,Low,Continue monitoring and maintain secure sensor authentication,Valid ESP32 HMAC Reading,Valid ESP32 HMAC Reading,200
2026-08-14 11:55:21,Real ESP32 Room Sensor,temperature_humidity_sensor,Demo Room,30.2,47.0,Critical,0,Normal Pattern,100,High,Critical Cold-Storage Failure,Critical Cold-Storage Failure
2026-08-14 11:55:23,ESP32_ROOM_1,ESP32,External,ESP32_ROOM_1,30.2,47.0,-,0,Security Event,0,Low,Continue monitoring and maintain secure sensor authentication,Valid ESP32 HMAC Reading,Valid ESP32 HMAC Reading,200
2026-08-14 11:55:23,Real ESP32 Room Sensor,temperature_humidity_sensor,Demo Room,30.2,47.0,Critical,0,Normal Pattern,100,High,Critical Cold-Storage Failure,Critical Cold-Storage Failure
2026-08-14 11:55:26,ESP32_ROOM_1,ESP32,External,ESP32_ROOM_1,30.2,47.0,-,0,Security Event,0,Low,Continue monitoring and maintain secure sensor authentication,Valid ESP32 HMAC Reading,Valid ESP32 HMAC Reading,200
2026-08-14 11:55:26,Real ESP32 Room Sensor,temperature_humidity_sensor,Demo Room,30.2,47.0,Critical,0,Normal Pattern,100,High,Critical Cold-Storage Failure,Critical Cold-Storage Failure
2026-08-14 11:55:28,ESP32_ROOM_1,ESP32,External,ESP32_ROOM_1,30.2,47.0,-,0,Security Event,0,Low,Continue monitoring and maintain secure sensor authentication,Valid ESP32 HMAC Reading,Valid ESP32 HMAC Reading,200
2026-08-14 11:55:28,Real ESP32 Room Sensor,temperature_humidity_sensor,Demo Room,30.2,47.0,Critical,0,Normal Pattern,100,High,Critical Cold-Storage Failure,Critical Cold-Storage Failure
2026-08-14 11:55:30,ESP32_ROOM_1,ESP32,External,ESP32_ROOM_1,30.2,47.0,-,0,Security Event,0,Low,Continue monitoring and maintain secure sensor authentication,Valid ESP32 HMAC Reading,Valid ESP32 HMAC Reading,200
2026-08-14 11:55:30,Real ESP32 Room Sensor,temperature_humidity_sensor,Demo Room,30.2,47.0,Critical,0,Normal Pattern,100,High,Critical Cold-Storage Failure,Critical Cold-Storage Failure
2026-08-14 11:55:33,ESP32_ROOM_1,ESP32,External,ESP32_ROOM_1,30.2,47.0,-,0,Security Event,0,Low,Continue monitoring and maintain secure sensor authentication,Valid ESP32 HMAC Reading,Valid ESP32 HMAC Reading,200
2026-08-14 11:55:33,Real ESP32 Room Sensor,temperature_humidity_sensor,Demo Room,30.2,47.0,Critical,0,Normal Pattern,100,High,Critical Cold-Storage Failure,Critical Cold-Storage Failure
2026-08-14 11:55:35,ESP32_ROOM_1,ESP32,External,ESP32_ROOM_1,30.2,47.0,-,0,Security Event,0,Low,Continue monitoring and maintain secure sensor authentication,Valid ESP32 HMAC Reading,Valid ESP32 HMAC Reading,200
2026-08-14 11:55:35,Real ESP32 Room Sensor,temperature_humidity_sensor,Demo Room,30.2,47.0,Critical,0,Normal Pattern,100,High,Critical Cold-Storage Failure,Critical Cold-Storage Failure
2026-08-14 11:55:38,ESP32_ROOM_1,ESP32,External,ESP32_ROOM_1,30.2,47.0,-,0,Security Event,0,Low,Continue monitoring and maintain secure sensor authentication,Valid ESP32 HMAC Reading,Valid ESP32 HMAC Reading,200
2026-08-14 11:55:38,Real ESP32 Room Sensor,temperature_humidity_sensor,Demo Room,30.2,47.0,Critical,0,Normal Pattern,100,High,Critical Cold-Storage Failure,Critical Cold-Storage Failure
2026-08-14 11:55:40,ESP32_ROOM_1,ESP32,External,ESP32_ROOM_1,30.2,47.0,-,0,Security Event,0,Low,Continue monitoring and maintain secure sensor authentication,Valid ESP32 HMAC Reading,Valid ESP32 HMAC Reading,200
2026-08-14 11:55:40,Real ESP32 Room Sensor,temperature_humidity_sensor,Demo Room,30.2,47.0,Critical,0,Normal Pattern,100,High,Critical Cold-Storage Failure,Critical Cold-Storage Failure
2026-08-14 11:55:42,ESP32_ROOM_1,ESP32,External,ESP32_ROOM_1,30.2,47.0,-,0,Security Event,0,Low,Continue monitoring and maintain secure sensor authentication,Valid ESP32 HMAC Reading,Valid ESP32 HMAC Reading,200
2026-08-14 11:55:42,Real ESP32 Room Sensor,temperature_humidity_sensor,Demo Room,30.2,47.0,Critical,0,Normal Pattern,100,High,Critical Cold-Storage Failure,Critical Cold-Storage Failure
2026-08-14 11:55:45,ESP32_ROOM_1,ESP32,External,ESP32_ROOM_1,30.2,47.0,-,0,Security Event,0,Low,Continue monitoring and maintain secure sensor authentication,Valid ESP32 HMAC Reading,Valid ESP32 HMAC Reading,200
2026-08-14 11:55:45,Real ESP32 Room Sensor,temperature_humidity_sensor,Demo Room,30.2,47.0,Critical,0,Normal Pattern,100,High,Critical Cold-Storage Failure,Critical Cold-Storage Failure
2026-08-14 11:55:47,ESP32_ROOM_1,ESP32,External,ESP32_ROOM_1,30.2,47.0,-,0,Security Event,0,Low,Continue monitoring and maintain secure sensor authentication,Valid ESP32 HMAC Reading,Valid ESP32 HMAC Reading,200
2026-08-14 11:55:47,Real ESP32 Room Sensor,temperature_humidity_sensor,Demo Room,30.2,47.0,Critical,0,Normal Pattern,100,High,Critical Cold-Storage Failure,Critical Cold-Storage Failure
2026-08-14 11:55:49,ESP32_ROOM_1,ESP32,External,ESP32_ROOM_1,30.2,47.0,-,0,Security Event,0,Low,Continue monitoring and maintain secure sensor authentication,Valid ESP32 HMAC Reading,Valid ESP32 HMAC Reading,200
2026-08-14 11:55:49,Real ESP32 Room Sensor,temperature_humidity_sensor,Demo Room,30.2,47.0,Critical,0,Normal Pattern,100,High,Critical Cold-Storage Failure,Critical Cold-Storage Failure
2026-08-14 11:55:52,ESP32_ROOM_1,ESP32,External,ESP32_ROOM_1,30.2,47.0,-,0,Security Event,0,Low,Continue monitoring and maintain secure sensor authentication,Valid ESP32 HMAC Reading,Valid ESP32 HMAC Reading,200
2026-08-14 11:55:52,Real ESP32 Room Sensor,temperature_humidity_sensor,Demo Room,30.2,47.0,Critical,0,Normal Pattern,100,High,Critical Cold-Storage Failure,Critical Cold-Storage Failure
2026-08-14 11:55:54,ESP32_ROOM_1,ESP32,External,ESP32_ROOM_1,30.2,47.0,-,0,Security Event,0,Low,Continue monitoring and maintain secure sensor authentication,Valid ESP32 HMAC Reading,Valid ESP32 HMAC Reading,200
2026-08-14 11:55:54,Real ESP32 Room Sensor,temperature_humidity_sensor,Demo Room,30.2,47.0,Critical,0,Normal Pattern,100,High,Critical Cold-Storage Failure,Critical Cold-Storage Failure
2026-08-14 11:55:56,ESP32_ROOM_1,ESP32,External,ESP32_ROOM_1,30.2,47.0,-,0,Security Event,0,Low,Continue monitoring and maintain secure sensor authentication,Valid ESP32 HMAC Reading,Valid ESP32 HMAC Reading,200
2026-08-14 11:55:56,Real ESP32 Room Sensor,temperature_humidity_sensor,Demo Room,30.2,47.0,Critical,0,Normal Pattern,100,High,Critical Cold-Storage Failure,Critical Cold-Storage Failure
2026-08-14 11:55:59,ESP32_ROOM_1,ESP32,External,ESP32_ROOM_1,30.2,47.0,-,0,Security Event,0,Low,Continue monitoring and maintain secure sensor authentication,Valid ESP32 HMAC Reading,Valid ESP32 HMAC Reading,200
2026-08-14 11:55:59,Real ESP32 Room Sensor,temperature_humidity_sensor,Demo Room,30.2,47.0,Critical,0,Normal Pattern,100,High,Critical Cold-Storage Failure,Critical Cold-Storage Failure
2026-08-14 11:56:01,ESP32_ROOM_1,ESP32,External,ESP32_ROOM_1,30.2,47.0,-,0,Security Event,0,Low,Continue monitoring and maintain secure sensor authentication,Valid ESP32 HMAC Reading,Valid ESP32 HMAC Reading,200
2026-08-14 11:56:01,Real ESP32 Room Sensor,temperature_humidity_sensor,Demo Room,30.2,47.0,Critical,0,Normal Pattern,100,High,Critical Cold-Storage Failure,Critical Cold-Storage Failure
2026-08-14 11:56:02,ESP32_ROOM_1,ESP32,External,ESP32_ROOM_1,22.5,46.0,-,0,Security Event,0,Low,Continue monitoring and maintain secure sensor authentication,Valid ESP32 HMAC Reading,Valid ESP32 HMAC Reading,200
2026-08-14 11:56:02,Real ESP32 Room Sensor,temperature_humidity_sensor,Demo Room,22.5,46.0,Critical,0,Normal Pattern,100,High,Critical Cold-Storage Failure,Critical Cold-Storage Failure
2026-08-14 11:56:02,ESP32_ROOM_1,ESP32,External,ESP32_ROOM_1,22.5,46.0,-,0,Security Event,31,Medium,SOC Investigation Required,Invalid HMAC Signature,Invalid HMAC Signature,401
2026-08-14 11:56:03,ESP32_ROOM_1,ESP32,External,ESP32_ROOM_1,30.2,47.0,-,0,Security Event,0,Low,Continue monitoring and maintain secure sensor authentication,Valid ESP32 HMAC Reading,Valid ESP32 HMAC Reading,200
2026-08-14 11:56:03,Real ESP32 Room Sensor,temperature_humidity_sensor,Demo Room,30.2,47.0,Critical,0,Normal Pattern,100,High,Critical Cold-Storage Failure,Critical Cold-Storage Failure
2026-08-14 11:56:06,ESP32_ROOM_1,ESP32,External,ESP32_ROOM_1,30.2,47.0,-,0,Security Event,0,Low,Continue monitoring and maintain secure sensor authentication,Valid ESP32 HMAC Reading,Valid ESP32 HMAC Reading,200
2026-08-14 11:56:06,Real ESP32 Room Sensor,temperature_humidity_sensor,Demo Room,30.2,47.0,Critical,0,Normal Pattern,100,High,Critical Cold-Storage Failure,Critical Cold-Storage Failure
2026-08-14 11:56:08,ESP32_ROOM_1,ESP32,External,ESP32_ROOM_1,30.2,47.0,-,0,Security Event,0,Low,Continue monitoring and maintain secure sensor authentication,Valid ESP32 HMAC Reading,Valid ESP32 HMAC Reading,200
2026-08-14 11:56:08,Real ESP32 Room Sensor,temperature_humidity_sensor,Demo Room,30.2,47.0,Critical,0,Normal Pattern,100,High,Critical Cold-Storage Failure,Critical Cold-Storage Failure
2026-08-14 11:56:10,ESP32_ROOM_1,ESP32,External,ESP32_ROOM_1,30.2,47.0,-,0,Security Event,0,Low,Continue monitoring and maintain secure sensor authentication,Valid ESP32 HMAC Reading,Valid ESP32 HMAC Reading,200
2026-08-14 11:56:10,Real ESP32 Room Sensor,temperature_humidity_sensor,Demo Room,30.2,47.0,Critical,0,Normal Pattern,100,High,Critical Cold-Storage Failure,Critical Cold-Storage Failure
2026-08-14 11:56:13,ESP32_ROOM_1,ESP32,External,ESP32_ROOM_1,30.2,47.0,-,0,Security Event,0,Low,Continue monitoring and maintain secure sensor authentication,Valid ESP32 HMAC Reading,Valid ESP32 HMAC Reading,200
2026-08-14 11:56:13,Real ESP32 Room Sensor,temperature_humidity_sensor,Demo Room,30.2,47.0,Critical,0,Normal Pattern,100,High,Critical Cold-Storage Failure,Critical Cold-Storage Failure
2026-08-14 11:56:15,ESP32_ROOM_1,ESP32,External,ESP32_ROOM_1,30.2,47.0,-,0,Security Event,0,Low,Continue monitoring and maintain secure sensor authentication,Valid ESP32 HMAC Reading,Valid ESP32 HMAC Reading,200
2026-08-14 11:56:15,Real ESP32 Room Sensor,temperature_humidity_sensor,Demo Room,30.2,47.0,Critical,0,Normal Pattern,100,High,Critical Cold-Storage Failure,Critical Cold-Storage Failure
2026-08-14 11:56:17,ESP32_ROOM_1,ESP32,External,ESP32_ROOM_1,30.2,47.0,-,0,Security Event,0,Low,Continue monitoring and maintain secure sensor authentication,Valid ESP32 HMAC Reading,Valid ESP32 HMAC Reading,200
2026-08-14 11:56:17,Real ESP32 Room Sensor,temperature_humidity_sensor,Demo Room,30.2,47.0,Critical,0,Normal Pattern,100,High,Critical Cold-Storage Failure,Critical Cold-Storage Failure
2026-08-14 11:56:20,ESP32_ROOM_1,ESP32,External,ESP32_ROOM_1,30.2,47.0,-,0,Security Event,0,Low,Continue monitoring and maintain secure sensor authentication,Valid ESP32 HMAC Reading,Valid ESP32 HMAC Reading,200
2026-08-14 11:56:20,Real ESP32 Room Sensor,temperature_humidity_sensor,Demo Room,30.2,47.0,Critical,0,Normal Pattern,100,High,Critical Cold-Storage Failure,Critical Cold-Storage Failure
2026-08-14 11:56:22,ESP32_ROOM_1,ESP32,External,ESP32_ROOM_1,30.2,47.0,-,0,Security Event,0,Low,Continue monitoring and maintain secure sensor authentication,Valid ESP32 HMAC Reading,Valid ESP32 HMAC Reading,200
2026-08-14 11:56:22,Real ESP32 Room Sensor,temperature_humidity_sensor,Demo Room,30.2,47.0,Critical,0,Normal Pattern,100,High,Critical Cold-Storage Failure,Critical Cold-Storage Failure
2026-08-14 11:56:24,ESP32_ROOM_1,ESP32,External,ESP32_ROOM_1,30.2,47.0,-,0,Security Event,0,Low,Continue monitoring and maintain secure sensor authentication,Valid ESP32 HMAC Reading,Valid ESP32 HMAC Reading,200
2026-08-14 11:56:24,Real ESP32 Room Sensor,temperature_humidity_sensor,Demo Room,30.2,47.0,Critical,0,Normal Pattern,100,High,Critical Cold-Storage Failure,Critical Cold-Storage Failure
2026-08-14 11:56:27,ESP32_ROOM_1,ESP32,External,ESP32_ROOM_1,30.2,47.0,-,0,Security Event,0,Low,Continue monitoring and maintain secure sensor authentication,Valid ESP32 HMAC Reading,Valid ESP32 HMAC Reading,200
2026-08-14 11:56:27,Real ESP32 Room Sensor,temperature_humidity_sensor,Demo Room,30.2,47.0,Critical,0,Normal Pattern,100,High,Critical Cold-Storage Failure,Critical Cold-Storage Failure
2026-08-14 11:56:29,ESP32_ROOM_1,ESP32,External,ESP32_ROOM_1,30.2,47.0,-,0,Security Event,0,Low,Continue monitoring and maintain secure sensor authentication,Valid ESP32 HMAC Reading,Valid ESP32 HMAC Reading,200
2026-08-14 11:56:29,Real ESP32 Room Sensor,temperature_humidity_sensor,Demo Room,30.2,47.0,Critical,0,Normal Pattern,100,High,Critical Cold-Storage Failure,Critical Cold-Storage Failure
2026-08-14 11:56:31,ESP32_ROOM_1,ESP32,External,ESP32_ROOM_1,30.2,47.0,-,0,Security Event,0,Low,Continue monitoring and maintain secure sensor authentication,Valid ESP32 HMAC Reading,Valid ESP32 HMAC Reading,200
2026-08-14 11:56:31,Real ESP32 Room Sensor,temperature_humidity_sensor,Demo Room,30.2,47.0,Critical,0,Normal Pattern,100,High,Critical Cold-Storage Failure,Critical Cold-Storage Failure
2026-08-14 11:56:33,ESP32_ROOM_1,ESP32,External,ESP32_ROOM_1,30.2,47.0,-,0,Security Event,0,Low,Continue monitoring and maintain secure sensor authentication,Valid ESP32 HMAC Reading,Valid ESP32 HMAC Reading,200
2026-08-14 11:56:34,Real ESP32 Room Sensor,temperature_humidity_sensor,Demo Room,30.2,47.0,Critical,0,Normal Pattern,100,High,Critical Cold-Storage Failure,Critical Cold-Storage Failure
2026-08-14 11:56:36,ESP32_ROOM_1,ESP32,External,ESP32_ROOM_1,30.2,47.0,-,0,Security Event,0,Low,Continue monitoring and maintain secure sensor authentication,Valid ESP32 HMAC Reading,Valid ESP32 HMAC Reading,200
2026-08-14 11:56:36,Real ESP32 Room Sensor,temperature_humidity_sensor,Demo Room,30.2,47.0,Critical,0,Normal Pattern,100,High,Critical Cold-Storage Failure,Critical Cold-Storage Failure
2026-08-14 11:56:38,ESP32_ROOM_1,ESP32,External,ESP32_ROOM_1,30.2,47.0,-,0,Security Event,0,Low,Continue monitoring and maintain secure sensor authentication,Valid ESP32 HMAC Reading,Valid ESP32 HMAC Reading,200
2026-08-14 11:56:38,Real ESP32 Room Sensor,temperature_humidity_sensor,Demo Room,30.2,47.0,Critical,0,Normal Pattern,100,High,Critical Cold-Storage Failure,Critical Cold-Storage Failure
2026-08-14 11:56:41,ESP32_ROOM_1,ESP32,External,ESP32_ROOM_1,30.2,47.0,-,0,Security Event,0,Low,Continue monitoring and maintain secure sensor authentication,Valid ESP32 HMAC Reading,Valid ESP32 HMAC Reading,200
2026-08-14 11:56:41,Real ESP32 Room Sensor,temperature_humidity_sensor,Demo Room,30.2,47.0,Critical,0,Normal Pattern,100,High,Critical Cold-Storage Failure,Critical Cold-Storage Failure
2026-08-14 11:56:43,ESP32_ROOM_1,ESP32,External,ESP32_ROOM_1,30.2,47.0,-,0,Security Event,0,Low,Continue monitoring and maintain secure sensor authentication,Valid ESP32 HMAC Reading,Valid ESP32 HMAC Reading,200
2026-08-14 11:56:43,Real ESP32 Room Sensor,temperature_humidity_sensor,Demo Room,30.2,47.0,Critical,0,Normal Pattern,100,High,Critical Cold-Storage Failure,Critical Cold-Storage Failure
2026-08-14 11:56:45,ESP32_ROOM_1,ESP32,External,ESP32_ROOM_1,30.2,47.0,-,0,Security Event,0,Low,Continue monitoring and maintain secure sensor authentication,Valid ESP32 HMAC Reading,Valid ESP32 HMAC Reading,200
2026-08-14 11:56:45,Real ESP32 Room Sensor,temperature_humidity_sensor,Demo Room,30.2,47.0,Critical,0,Normal Pattern,100,High,Critical Cold-Storage Failure,Critical Cold-Storage Failure
2026-08-14 11:56:47,ESP32_ROOM_1,ESP32,External,ESP32_ROOM_1,30.2,47.0,-,0,Security Event,0,Low,Continue monitoring and maintain secure sensor authentication,Valid ESP32 HMAC Reading,Valid ESP32 HMAC Reading,200
2026-08-14 11:56:47,Real ESP32 Room Sensor,temperature_humidity_sensor,Demo Room,30.2,47.0,Critical,0,Normal Pattern,100,High,Critical Cold-Storage Failure,Critical Cold-Storage Failure
2026-08-14 11:56:50,ESP32_ROOM_1,ESP32,External,ESP32_ROOM_1,30.2,47.0,-,0,Security Event,0,Low,Continue monitoring and maintain secure sensor authentication,Valid ESP32 HMAC Reading,Valid ESP32 HMAC Reading,200
2026-08-14 11:56:50,Real ESP32 Room Sensor,temperature_humidity_sensor,Demo Room,30.2,47.0,Critical,0,Normal Pattern,100,High,Critical Cold-Storage Failure,Critical Cold-Storage Failure
2026-08-14 11:56:52,ESP32_ROOM_1,ESP32,External,ESP32_ROOM_1,30.2,47.0,-,0,Security Event,0,Low,Continue monitoring and maintain secure sensor authentication,Valid ESP32 HMAC Reading,Valid ESP32 HMAC Reading,200
2026-08-14 11:56:52,Real ESP32 Room Sensor,temperature_humidity_sensor,Demo Room,30.2,47.0,Critical,0,Normal Pattern,100,High,Critical Cold-Storage Failure,Critical Cold-Storage Failure
2026-08-14 11:56:54,ESP32_ROOM_1,ESP32,External,ESP32_ROOM_1,22.5,46.0,-,0,Security Event,0,Low,Continue monitoring and maintain secure sensor authentication,Valid ESP32 HMAC Reading,Valid ESP32 HMAC Reading,200
2026-08-14 11:56:54,Real ESP32 Room Sensor,temperature_humidity_sensor,Demo Room,22.5,46.0,Critical,0,Normal Pattern,100,High,Critical Cold-Storage Failure,Critical Cold-Storage Failure
2026-08-14 11:56:54,ESP32_ROOM_1,ESP32,External,ESP32_ROOM_1,22.5,46.0,-,0,Security Event,31,Medium,SOC Investigation Required,Invalid HMAC Signature,Invalid HMAC Signature,401
2026-08-14 11:56:54,ESP32_ROOM_1,ESP32,External,ESP32_ROOM_1,30.2,47.0,-,0,Security Event,0,Low,Continue monitoring and maintain secure sensor authentication,Valid ESP32 HMAC Reading,Valid ESP32 HMAC Reading,200
2026-08-14 11:56:54,Real ESP32 Room Sensor,temperature_humidity_sensor,Demo Room,30.2,47.0,Critical,0,Normal Pattern,100,High,Critical Cold-Storage Failure,Critical Cold-Storage Failure
2026-08-14 11:56:57,ESP32_ROOM_1,ESP32,External,ESP32_ROOM_1,30.2,47.0,-,0,Security Event,0,Low,Continue monitoring and maintain secure sensor authentication,Valid ESP32 HMAC Reading,Valid ESP32 HMAC Reading,200
2026-08-14 11:56:57,Real ESP32 Room Sensor,temperature_humidity_sensor,Demo Room,30.2,47.0,Critical,0,Normal Pattern,100,High,Critical Cold-Storage Failure,Critical Cold-Storage Failure
2026-08-14 11:56:59,ESP32_ROOM_1,ESP32,External,ESP32_ROOM_1,30.2,47.0,-,0,Security Event,0,Low,Continue monitoring and maintain secure sensor authentication,Valid ESP32 HMAC Reading,Valid ESP32 HMAC Reading,200
2026-08-14 11:56:59,Real ESP32 Room Sensor,temperature_humidity_sensor,Demo Room,30.2,47.0,Critical,0,Normal Pattern,100,High,Critical Cold-Storage Failure,Critical Cold-Storage Failure
2026-08-14 11:57:01,ESP32_ROOM_1,ESP32,External,ESP32_ROOM_1,30.2,47.0,-,0,Security Event,0,Low,Continue monitoring and maintain secure sensor authentication,Valid ESP32 HMAC Reading,Valid ESP32 HMAC Reading,200
2026-08-14 11:57:01,Real ESP32 Room Sensor,temperature_humidity_sensor,Demo Room,30.2,47.0,Critical,0,Normal Pattern,100,High,Critical Cold-Storage Failure,Critical Cold-Storage Failure
2026-08-14 11:57:04,ESP32_ROOM_1,ESP32,External,ESP32_ROOM_1,30.2,47.0,-,0,Security Event,0,Low,Continue monitoring and maintain secure sensor authentication,Valid ESP32 HMAC Reading,Valid ESP32 HMAC Reading,200
2026-08-14 11:57:04,Real ESP32 Room Sensor,temperature_humidity_sensor,Demo Room,30.2,47.0,Critical,0,Normal Pattern,100,High,Critical Cold-Storage Failure,Critical Cold-Storage Failure
2026-08-14 11:57:06,ESP32_ROOM_1,ESP32,External,ESP32_ROOM_1,30.2,47.0,-,0,Security Event,0,Low,Continue monitoring and maintain secure sensor authentication,Valid ESP32 HMAC Reading,Valid ESP32 HMAC Reading,200
2026-08-14 11:57:06,Real ESP32 Room Sensor,temperature_humidity_sensor,Demo Room,30.2,47.0,Critical,0,Normal Pattern,100,High,Critical Cold-Storage Failure,Critical Cold-Storage Failure
2026-08-14 11:57:08,ESP32_ROOM_1,ESP32,External,ESP32_ROOM_1,30.2,47.0,-,0,Security Event,0,Low,Continue monitoring and maintain secure sensor authentication,Valid ESP32 HMAC Reading,Valid ESP32 HMAC Reading,200
2026-08-14 11:57:09,Real ESP32 Room Sensor,temperature_humidity_sensor,Demo Room,30.2,47.0,Critical,0,Normal Pattern,100,High,Critical Cold-Storage Failure,Critical Cold-Storage Failure
2026-08-14 11:57:11,ESP32_ROOM_1,ESP32,External,ESP32_ROOM_1,30.2,47.0,-,0,Security Event,0,Low,Continue monitoring and maintain secure sensor authentication,Valid ESP32 HMAC Reading,Valid ESP32 HMAC Reading,200
2026-08-14 11:57:11,Real ESP32 Room Sensor,temperature_humidity_sensor,Demo Room,30.2,47.0,Critical,0,Normal Pattern,100,High,Critical Cold-Storage Failure,Critical Cold-Storage Failure
2026-08-14 11:57:13,ESP32_ROOM_1,ESP32,External,ESP32_ROOM_1,30.2,47.0,-,0,Security Event,0,Low,Continue monitoring and maintain secure sensor authentication,Valid ESP32 HMAC Reading,Valid ESP32 HMAC Reading,200
2026-08-14 11:57:13,Real ESP32 Room Sensor,temperature_humidity_sensor,Demo Room,30.2,47.0,Critical,0,Normal Pattern,100,High,Critical Cold-Storage Failure,Critical Cold-Storage Failure
2026-08-14 11:57:15,ESP32_ROOM_1,ESP32,External,ESP32_ROOM_1,30.2,47.0,-,0,Security Event,0,Low,Continue monitoring and maintain secure sensor authentication,Valid ESP32 HMAC Reading,Valid ESP32 HMAC Reading,200
2026-08-14 11:57:15,Real ESP32 Room Sensor,temperature_humidity_sensor,Demo Room,30.2,47.0,Critical,0,Normal Pattern,100,High,Critical Cold-Storage Failure,Critical Cold-Storage Failure
2026-08-14 11:57:18,ESP32_ROOM_1,ESP32,External,ESP32_ROOM_1,30.2,47.0,-,0,Security Event,0,Low,Continue monitoring and maintain secure sensor authentication,Valid ESP32 HMAC Reading,Valid ESP32 HMAC Reading,200
2026-08-14 11:57:18,Real ESP32 Room Sensor,temperature_humidity_sensor,Demo Room,30.2,47.0,Critical,0,Normal Pattern,100,High,Critical Cold-Storage Failure,Critical Cold-Storage Failure
2026-08-14 11:57:20,ESP32_ROOM_1,ESP32,External,ESP32_ROOM_1,30.2,47.0,-,0,Security Event,0,Low,Continue monitoring and maintain secure sensor authentication,Valid ESP32 HMAC Reading,Valid ESP32 HMAC Reading,200
2026-08-14 11:57:20,Real ESP32 Room Sensor,temperature_humidity_sensor,Demo Room,30.2,47.0,Critical,0,Normal Pattern,100,High,Critical Cold-Storage Failure,Critical Cold-Storage Failure
2026-08-14 11:57:22,ESP32_ROOM_1,ESP32,External,ESP32_ROOM_1,30.2,47.0,-,0,Security Event,0,Low,Continue monitoring and maintain secure sensor authentication,Valid ESP32 HMAC Reading,Valid ESP32 HMAC Reading,200
2026-08-14 11:57:22,Real ESP32 Room Sensor,temperature_humidity_sensor,Demo Room,30.2,47.0,Critical,0,Normal Pattern,100,High,Critical Cold-Storage Failure,Critical Cold-Storage Failure
2026-08-14 11:57:25,ESP32_ROOM_1,ESP32,External,ESP32_ROOM_1,30.2,47.0,-,0,Security Event,0,Low,Continue monitoring and maintain secure sensor authentication,Valid ESP32 HMAC Reading,Valid ESP32 HMAC Reading,200
2026-08-14 11:57:25,Real ESP32 Room Sensor,temperature_humidity_sensor,Demo Room,30.2,47.0,Critical,0,Normal Pattern,100,High,Critical Cold-Storage Failure,Critical Cold-Storage Failure
2026-08-14 11:57:27,ESP32_ROOM_1,ESP32,External,ESP32_ROOM_1,30.2,47.0,-,0,Security Event,0,Low,Continue monitoring and maintain secure sensor authentication,Valid ESP32 HMAC Reading,Valid ESP32 HMAC Reading,200
2026-08-14 11:57:27,Real ESP32 Room Sensor,temperature_humidity_sensor,Demo Room,30.2,47.0,Critical,0,Normal Pattern,100,High,Critical Cold-Storage Failure,Critical Cold-Storage Failure
2026-08-14 11:57:29,ESP32_ROOM_1,ESP32,External,ESP32_ROOM_1,30.2,47.0,-,0,Security Event,0,Low,Continue monitoring and maintain secure sensor authentication,Valid ESP32 HMAC Reading,Valid ESP32 HMAC Reading,200
2026-08-14 11:57:29,Real ESP32 Room Sensor,temperature_humidity_sensor,Demo Room,30.2,47.0,Critical,0,Normal Pattern,100,High,Critical Cold-Storage Failure,Critical Cold-Storage Failure
2026-08-14 11:57:32,ESP32_ROOM_1,ESP32,External,ESP32_ROOM_1,30.2,47.0,-,0,Security Event,0,Low,Continue monitoring and maintain secure sensor authentication,Valid ESP32 HMAC Reading,Valid ESP32 HMAC Reading,200
2026-08-14 11:57:32,Real ESP32 Room Sensor,temperature_humidity_sensor,Demo Room,30.2,47.0,Critical,0,Normal Pattern,100,High,Critical Cold-Storage Failure,Critical Cold-Storage Failure
2026-08-14 11:57:34,ESP32_ROOM_1,ESP32,External,ESP32_ROOM_1,30.2,47.0,-,0,Security Event,0,Low,Continue monitoring and maintain secure sensor authentication,Valid ESP32 HMAC Reading,Valid ESP32 HMAC Reading,200
2026-08-14 11:57:34,Real ESP32 Room Sensor,temperature_humidity_sensor,Demo Room,30.2,47.0,Critical,0,Normal Pattern,100,High,Critical Cold-Storage Failure,Critical Cold-Storage Failure
2026-08-14 11:57:36,ESP32_ROOM_1,ESP32,External,ESP32_ROOM_1,30.2,47.0,-,0,Security Event,0,Low,Continue monitoring and maintain secure sensor authentication,Valid ESP32 HMAC Reading,Valid ESP32 HMAC Reading,200
2026-08-14 11:57:36,Real ESP32 Room Sensor,temperature_humidity_sensor,Demo Room,30.2,47.0,Critical,0,Normal Pattern,100,High,Critical Cold-Storage Failure,Critical Cold-Storage Failure
2026-08-14 11:57:38,ESP32_ROOM_1,ESP32,External,ESP32_ROOM_1,30.2,47.0,-,0,Security Event,0,Low,Continue monitoring and maintain secure sensor authentication,Valid ESP32 HMAC Reading,Valid ESP32 HMAC Reading,200
2026-08-14 11:57:38,Real ESP32 Room Sensor,temperature_humidity_sensor,Demo Room,30.2,47.0,Critical,0,Normal Pattern,100,High,Critical Cold-Storage Failure,Critical Cold-Storage Failure
2026-08-14 11:57:41,ESP32_ROOM_1,ESP32,External,ESP32_ROOM_1,30.2,47.0,-,0,Security Event,0,Low,Continue monitoring and maintain secure sensor authentication,Valid ESP32 HMAC Reading,Valid ESP32 HMAC Reading,200
2026-08-14 11:57:41,Real ESP32 Room Sensor,temperature_humidity_sensor,Demo Room,30.2,47.0,Critical,0,Normal Pattern,100,High,Critical Cold-Storage Failure,Critical Cold-Storage Failure
2026-08-14 11:57:43,ESP32_ROOM_1,ESP32,External,ESP32_ROOM_1,30.2,47.0,-,0,Security Event,0,Low,Continue monitoring and maintain secure sensor authentication,Valid ESP32 HMAC Reading,Valid ESP32 HMAC Reading,200
2026-08-14 11:57:43,Real ESP32 Room Sensor,temperature_humidity_sensor,Demo Room,30.2,47.0,Critical,0,Normal Pattern,100,High,Critical Cold-Storage Failure,Critical Cold-Storage Failure
2026-08-14 11:57:45,ESP32_ROOM_1,ESP32,External,ESP32_ROOM_1,30.2,47.0,-,0,Security Event,0,Low,Continue monitoring and maintain secure sensor authentication,Valid ESP32 HMAC Reading,Valid ESP32 HMAC Reading,200
2026-08-14 11:57:45,Real ESP32 Room Sensor,temperature_humidity_sensor,Demo Room,30.2,47.0,Critical,0,Normal Pattern,100,High,Critical Cold-Storage Failure,Critical Cold-Storage Failure
2026-08-14 11:57:48,ESP32_ROOM_1,ESP32,External,ESP32_ROOM_1,30.2,47.0,-,0,Security Event,0,Low,Continue monitoring and maintain secure sensor authentication,Valid ESP32 HMAC Reading,Valid ESP32 HMAC Reading,200
2026-08-14 11:57:48,Real ESP32 Room Sensor,temperature_humidity_sensor,Demo Room,30.2,47.0,Critical,0,Normal Pattern,100,High,Critical Cold-Storage Failure,Critical Cold-Storage Failure
2026-08-14 11:57:50,ESP32_ROOM_1,ESP32,External,ESP32_ROOM_1,30.2,47.0,-,0,Security Event,0,Low,Continue monitoring and maintain secure sensor authentication,Valid ESP32 HMAC Reading,Valid ESP32 HMAC Reading,200
2026-08-14 11:57:50,Real ESP32 Room Sensor,temperature_humidity_sensor,Demo Room,30.2,47.0,Critical,0,Normal Pattern,100,High,Critical Cold-Storage Failure,Critical Cold-Storage Failure
2026-08-14 11:57:52,ESP32_ROOM_1,ESP32,External,ESP32_ROOM_1,30.2,47.0,-,0,Security Event,0,Low,Continue monitoring and maintain secure sensor authentication,Valid ESP32 HMAC Reading,Valid ESP32 HMAC Reading,200
2026-08-14 11:57:52,Real ESP32 Room Sensor,temperature_humidity_sensor,Demo Room,30.2,47.0,Critical,0,Normal Pattern,100,High,Critical Cold-Storage Failure,Critical Cold-Storage Failure
2026-08-14 11:57:55,ESP32_ROOM_1,ESP32,External,ESP32_ROOM_1,30.2,47.0,-,0,Security Event,0,Low,Continue monitoring and maintain secure sensor authentication,Valid ESP32 HMAC Reading,Valid ESP32 HMAC Reading,200
2026-08-14 11:57:55,Real ESP32 Room Sensor,temperature_humidity_sensor,Demo Room,30.2,47.0,Critical,0,Normal Pattern,100,High,Critical Cold-Storage Failure,Critical Cold-Storage Failure
2026-08-14 11:57:57,ESP32_ROOM_1,ESP32,External,ESP32_ROOM_1,30.2,47.0,-,0,Security Event,0,Low,Continue monitoring and maintain secure sensor authentication,Valid ESP32 HMAC Reading,Valid ESP32 HMAC Reading,200
2026-08-14 11:57:57,Real ESP32 Room Sensor,temperature_humidity_sensor,Demo Room,30.2,47.0,Critical,0,Normal Pattern,100,High,Critical Cold-Storage Failure,Critical Cold-Storage Failure
2026-08-14 11:57:59,ESP32_ROOM_1,ESP32,External,ESP32_ROOM_1,30.2,47.0,-,0,Security Event,0,Low,Continue monitoring and maintain secure sensor authentication,Valid ESP32 HMAC Reading,Valid ESP32 HMAC Reading,200
2026-08-14 11:57:59,Real ESP32 Room Sensor,temperature_humidity_sensor,Demo Room,30.2,47.0,Critical,0,Normal Pattern,100,High,Critical Cold-Storage Failure,Critical Cold-Storage Failure
2026-08-14 11:58:02,ESP32_ROOM_1,ESP32,External,ESP32_ROOM_1,30.2,47.0,-,0,Security Event,0,Low,Continue monitoring and maintain secure sensor authentication,Valid ESP32 HMAC Reading,Valid ESP32 HMAC Reading,200
2026-08-14 11:58:02,Real ESP32 Room Sensor,temperature_humidity_sensor,Demo Room,30.2,47.0,Critical,0,Normal Pattern,100,High,Critical Cold-Storage Failure,Critical Cold-Storage Failure
2026-08-14 11:58:04,ESP32_ROOM_1,ESP32,External,ESP32_ROOM_1,30.2,47.0,-,0,Security Event,0,Low,Continue monitoring and maintain secure sensor authentication,Valid ESP32 HMAC Reading,Valid ESP32 HMAC Reading,200
2026-08-14 11:58:04,Real ESP32 Room Sensor,temperature_humidity_sensor,Demo Room,30.2,47.0,Critical,0,Normal Pattern,100,High,Critical Cold-Storage Failure,Critical Cold-Storage Failure
2026-08-14 11:58:06,ESP32_ROOM_1,ESP32,External,ESP32_ROOM_1,30.2,47.0,-,0,Security Event,0,Low,Continue monitoring and maintain secure sensor authentication,Valid ESP32 HMAC Reading,Valid ESP32 HMAC Reading,200
2026-08-14 11:58:06,Real ESP32 Room Sensor,temperature_humidity_sensor,Demo Room,30.2,47.0,Critical,0,Normal Pattern,100,High,Critical Cold-Storage Failure,Critical Cold-Storage Failure
2026-08-14 11:58:09,ESP32_ROOM_1,ESP32,External,ESP32_ROOM_1,30.2,47.0,-,0,Security Event,0,Low,Continue monitoring and maintain secure sensor authentication,Valid ESP32 HMAC Reading,Valid ESP32 HMAC Reading,200
2026-08-14 11:58:09,Real ESP32 Room Sensor,temperature_humidity_sensor,Demo Room,30.2,47.0,Critical,0,Normal Pattern,100,High,Critical Cold-Storage Failure,Critical Cold-Storage Failure
2026-08-14 11:58:11,ESP32_ROOM_1,ESP32,External,ESP32_ROOM_1,30.2,47.0,-,0,Security Event,0,Low,Continue monitoring and maintain secure sensor authentication,Valid ESP32 HMAC Reading,Valid ESP32 HMAC Reading,200
2026-08-14 11:58:11,Real ESP32 Room Sensor,temperature_humidity_sensor,Demo Room,30.2,47.0,Critical,0,Normal Pattern,100,High,Critical Cold-Storage Failure,Critical Cold-Storage Failure
2026-08-14 11:58:13,ESP32_ROOM_1,ESP32,External,ESP32_ROOM_1,30.2,47.0,-,0,Security Event,0,Low,Continue monitoring and maintain secure sensor authentication,Valid ESP32 HMAC Reading,Valid ESP32 HMAC Reading,200
2026-08-14 11:58:13,Real ESP32 Room Sensor,temperature_humidity_sensor,Demo Room,30.2,47.0,Critical,0,Normal Pattern,100,High,Critical Cold-Storage Failure,Critical Cold-Storage Failure
2026-08-14 11:58:16,ESP32_ROOM_1,ESP32,External,ESP32_ROOM_1,30.2,47.0,-,0,Security Event,0,Low,Continue monitoring and maintain secure sensor authentication,Valid ESP32 HMAC Reading,Valid ESP32 HMAC Reading,200
2026-08-14 11:58:16,Real ESP32 Room Sensor,temperature_humidity_sensor,Demo Room,30.2,47.0,Critical,0,Normal Pattern,100,High,Critical Cold-Storage Failure,Critical Cold-Storage Failure
2026-08-14 11:58:18,ESP32_ROOM_1,ESP32,External,ESP32_ROOM_1,30.2,47.0,-,0,Security Event,0,Low,Continue monitoring and maintain secure sensor authentication,Valid ESP32 HMAC Reading,Valid ESP32 HMAC Reading,200
2026-08-14 11:58:18,Real ESP32 Room Sensor,temperature_humidity_sensor,Demo Room,30.2,47.0,Critical,0,Normal Pattern,100,High,Critical Cold-Storage Failure,Critical Cold-Storage Failure
2026-08-14 11:58:20,ESP32_ROOM_1,ESP32,External,ESP32_ROOM_1,30.2,47.0,-,0,Security Event,0,Low,Continue monitoring and maintain secure sensor authentication,Valid ESP32 HMAC Reading,Valid ESP32 HMAC Reading,200
2026-08-14 11:58:20,Real ESP32 Room Sensor,temperature_humidity_sensor,Demo Room,30.2,47.0,Critical,0,Normal Pattern,100,High,Critical Cold-Storage Failure,Critical Cold-Storage Failure
2026-08-14 11:58:23,ESP32_ROOM_1,ESP32,External,ESP32_ROOM_1,30.2,47.0,-,0,Security Event,0,Low,Continue monitoring and maintain secure sensor authentication,Valid ESP32 HMAC Reading,Valid ESP32 HMAC Reading,200
2026-08-14 11:58:23,Real ESP32 Room Sensor,temperature_humidity_sensor,Demo Room,30.2,47.0,Critical,0,Normal Pattern,100,High,Critical Cold-Storage Failure,Critical Cold-Storage Failure
2026-08-14 11:58:25,ESP32_ROOM_1,ESP32,External,ESP32_ROOM_1,30.2,47.0,-,0,Security Event,0,Low,Continue monitoring and maintain secure sensor authentication,Valid ESP32 HMAC Reading,Valid ESP32 HMAC Reading,200
2026-08-14 11:58:25,Real ESP32 Room Sensor,temperature_humidity_sensor,Demo Room,30.2,47.0,Critical,0,Normal Pattern,100,High,Critical Cold-Storage Failure,Critical Cold-Storage Failure
2026-08-14 11:58:27,ESP32_ROOM_1,ESP32,External,ESP32_ROOM_1,30.2,47.0,-,0,Security Event,0,Low,Continue monitoring and maintain secure sensor authentication,Valid ESP32 HMAC Reading,Valid ESP32 HMAC Reading,200
2026-08-14 11:58:27,Real ESP32 Room Sensor,temperature_humidity_sensor,Demo Room,30.2,47.0,Critical,0,Normal Pattern,100,High,Critical Cold-Storage Failure,Critical Cold-Storage Failure
2026-08-14 11:58:30,ESP32_ROOM_1,ESP32,External,ESP32_ROOM_1,30.2,47.0,-,0,Security Event,0,Low,Continue monitoring and maintain secure sensor authentication,Valid ESP32 HMAC Reading,Valid ESP32 HMAC Reading,200
2026-08-14 11:58:30,Real ESP32 Room Sensor,temperature_humidity_sensor,Demo Room,30.2,47.0,Critical,0,Normal Pattern,100,High,Critical Cold-Storage Failure,Critical Cold-Storage Failure
2026-08-14 11:58:32,ESP32_ROOM_1,ESP32,External,ESP32_ROOM_1,30.2,47.0,-,0,Security Event,0,Low,Continue monitoring and maintain secure sensor authentication,Valid ESP32 HMAC Reading,Valid ESP32 HMAC Reading,200
2026-08-14 11:58:32,Real ESP32 Room Sensor,temperature_humidity_sensor,Demo Room,30.2,47.0,Critical,0,Normal Pattern,100,High,Critical Cold-Storage Failure,Critical Cold-Storage Failure
2026-08-14 11:58:34,ESP32_ROOM_1,ESP32,External,ESP32_ROOM_1,30.2,47.0,-,0,Security Event,0,Low,Continue monitoring and maintain secure sensor authentication,Valid ESP32 HMAC Reading,Valid ESP32 HMAC Reading,200
2026-08-14 11:58:34,Real ESP32 Room Sensor,temperature_humidity_sensor,Demo Room,30.2,47.0,Critical,0,Normal Pattern,100,High,Critical Cold-Storage Failure,Critical Cold-Storage Failure
2026-08-14 11:58:37,ESP32_ROOM_1,ESP32,External,ESP32_ROOM_1,30.2,47.0,-,0,Security Event,0,Low,Continue monitoring and maintain secure sensor authentication,Valid ESP32 HMAC Reading,Valid ESP32 HMAC Reading,200
2026-08-14 11:58:37,Real ESP32 Room Sensor,temperature_humidity_sensor,Demo Room,30.2,47.0,Critical,0,Normal Pattern,100,High,Critical Cold-Storage Failure,Critical Cold-Storage Failure
2026-08-14 11:58:39,ESP32_ROOM_1,ESP32,External,ESP32_ROOM_1,30.2,47.0,-,0,Security Event,0,Low,Continue monitoring and maintain secure sensor authentication,Valid ESP32 HMAC Reading,Valid ESP32 HMAC Reading,200
2026-08-14 11:58:39,Real ESP32 Room Sensor,temperature_humidity_sensor,Demo Room,30.2,47.0,Critical,0,Normal Pattern,100,High,Critical Cold-Storage Failure,Critical Cold-Storage Failure
2026-08-14 11:58:41,ESP32_ROOM_1,ESP32,External,ESP32_ROOM_1,30.2,47.0,-,0,Security Event,0,Low,Continue monitoring and maintain secure sensor authentication,Valid ESP32 HMAC Reading,Valid ESP32 HMAC Reading,200
2026-08-14 11:58:41,Real ESP32 Room Sensor,temperature_humidity_sensor,Demo Room,30.2,47.0,Critical,0,Normal Pattern,100,High,Critical Cold-Storage Failure,Critical Cold-Storage Failure
2026-08-14 11:58:44,ESP32_ROOM_1,ESP32,External,ESP32_ROOM_1,30.2,47.0,-,0,Security Event,0,Low,Continue monitoring and maintain secure sensor authentication,Valid ESP32 HMAC Reading,Valid ESP32 HMAC Reading,200
2026-08-14 11:58:44,Real ESP32 Room Sensor,temperature_humidity_sensor,Demo Room,30.2,47.0,Critical,0,Normal Pattern,100,High,Critical Cold-Storage Failure,Critical Cold-Storage Failure
2026-08-14 11:58:46,ESP32_ROOM_1,ESP32,External,ESP32_ROOM_1,30.2,47.0,-,0,Security Event,0,Low,Continue monitoring and maintain secure sensor authentication,Valid ESP32 HMAC Reading,Valid ESP32 HMAC Reading,200
2026-08-14 11:58:46,Real ESP32 Room Sensor,temperature_humidity_sensor,Demo Room,30.2,47.0,Critical,0,Normal Pattern,100,High,Critical Cold-Storage Failure,Critical Cold-Storage Failure
2026-08-14 11:58:48,ESP32_ROOM_1,ESP32,External,ESP32_ROOM_1,30.2,47.0,-,0,Security Event,0,Low,Continue monitoring and maintain secure sensor authentication,Valid ESP32 HMAC Reading,Valid ESP32 HMAC Reading,200
2026-08-14 11:58:48,Real ESP32 Room Sensor,temperature_humidity_sensor,Demo Room,30.2,47.0,Critical,0,Normal Pattern,100,High,Critical Cold-Storage Failure,Critical Cold-Storage Failure
2026-08-14 11:58:51,ESP32_ROOM_1,ESP32,External,ESP32_ROOM_1,30.2,47.0,-,0,Security Event,0,Low,Continue monitoring and maintain secure sensor authentication,Valid ESP32 HMAC Reading,Valid ESP32 HMAC Reading,200
2026-08-14 11:58:51,Real ESP32 Room Sensor,temperature_humidity_sensor,Demo Room,30.2,47.0,Critical,0,Normal Pattern,100,High,Critical Cold-Storage Failure,Critical Cold-Storage Failure
2026-08-14 11:58:53,ESP32_ROOM_1,ESP32,External,ESP32_ROOM_1,30.2,47.0,-,0,Security Event,0,Low,Continue monitoring and maintain secure sensor authentication,Valid ESP32 HMAC Reading,Valid ESP32 HMAC Reading,200
2026-08-14 11:58:53,Real ESP32 Room Sensor,temperature_humidity_sensor,Demo Room,30.2,47.0,Critical,0,Normal Pattern,100,High,Critical Cold-Storage Failure,Critical Cold-Storage Failure
2026-08-14 11:58:56,ESP32_ROOM_1,ESP32,External,ESP32_ROOM_1,30.2,47.0,-,0,Security Event,0,Low,Continue monitoring and maintain secure sensor authentication,Valid ESP32 HMAC Reading,Valid ESP32 HMAC Reading,200
2026-08-14 11:58:56,Real ESP32 Room Sensor,temperature_humidity_sensor,Demo Room,30.2,47.0,Critical,0,Normal Pattern,100,High,Critical Cold-Storage Failure,Critical Cold-Storage Failure
2026-08-14 11:58:58,ESP32_ROOM_1,ESP32,External,ESP32_ROOM_1,30.2,47.0,-,0,Security Event,0,Low,Continue monitoring and maintain secure sensor authentication,Valid ESP32 HMAC Reading,Valid ESP32 HMAC Reading,200
2026-08-14 11:58:58,Real ESP32 Room Sensor,temperature_humidity_sensor,Demo Room,30.2,47.0,Critical,0,Normal Pattern,100,High,Critical Cold-Storage Failure,Critical Cold-Storage Failure
2026-08-14 11:59:00,ESP32_ROOM_1,ESP32,External,ESP32_ROOM_1,30.2,47.0,-,0,Security Event,0,Low,Continue monitoring and maintain secure sensor authentication,Valid ESP32 HMAC Reading,Valid ESP32 HMAC Reading,200
2026-08-14 11:59:00,Real ESP32 Room Sensor,temperature_humidity_sensor,Demo Room,30.2,47.0,Critical,0,Normal Pattern,100,High,Critical Cold-Storage Failure,Critical Cold-Storage Failure
2026-08-14 11:59:03,ESP32_ROOM_1,ESP32,External,ESP32_ROOM_1,30.2,47.0,-,0,Security Event,0,Low,Continue monitoring and maintain secure sensor authentication,Valid ESP32 HMAC Reading,Valid ESP32 HMAC Reading,200
2026-08-14 11:59:03,Real ESP32 Room Sensor,temperature_humidity_sensor,Demo Room,30.2,47.0,Critical,0,Normal Pattern,100,High,Critical Cold-Storage Failure,Critical Cold-Storage Failure
2026-08-14 11:59:05,ESP32_ROOM_1,ESP32,External,ESP32_ROOM_1,30.2,47.0,-,0,Security Event,0,Low,Continue monitoring and maintain secure sensor authentication,Valid ESP32 HMAC Reading,Valid ESP32 HMAC Reading,200
2026-08-14 11:59:05,Real ESP32 Room Sensor,temperature_humidity_sensor,Demo Room,30.2,47.0,Critical,0,Normal Pattern,100,High,Critical Cold-Storage Failure,Critical Cold-Storage Failure
2026-08-14 11:59:07,ESP32_ROOM_1,ESP32,External,ESP32_ROOM_1,30.2,47.0,-,0,Security Event,0,Low,Continue monitoring and maintain secure sensor authentication,Valid ESP32 HMAC Reading,Valid ESP32 HMAC Reading,200
2026-08-14 11:59:07,Real ESP32 Room Sensor,temperature_humidity_sensor,Demo Room,30.2,47.0,Critical,0,Normal Pattern,100,High,Critical Cold-Storage Failure,Critical Cold-Storage Failure
2026-08-14 11:59:10,ESP32_ROOM_1,ESP32,External,ESP32_ROOM_1,30.2,47.0,-,0,Security Event,0,Low,Continue monitoring and maintain secure sensor authentication,Valid ESP32 HMAC Reading,Valid ESP32 HMAC Reading,200
2026-08-14 11:59:10,Real ESP32 Room Sensor,temperature_humidity_sensor,Demo Room,30.2,47.0,Critical,0,Normal Pattern,100,High,Critical Cold-Storage Failure,Critical Cold-Storage Failure
2026-08-14 11:59:12,ESP32_ROOM_1,ESP32,External,ESP32_ROOM_1,30.2,47.0,-,0,Security Event,0,Low,Continue monitoring and maintain secure sensor authentication,Valid ESP32 HMAC Reading,Valid ESP32 HMAC Reading,200
2026-08-14 11:59:12,Real ESP32 Room Sensor,temperature_humidity_sensor,Demo Room,30.2,47.0,Critical,0,Normal Pattern,100,High,Critical Cold-Storage Failure,Critical Cold-Storage Failure
2026-08-14 11:59:14,ESP32_ROOM_1,ESP32,External,ESP32_ROOM_1,30.2,47.0,-,0,Security Event,0,Low,Continue monitoring and maintain secure sensor authentication,Valid ESP32 HMAC Reading,Valid ESP32 HMAC Reading,200
2026-08-14 11:59:14,Real ESP32 Room Sensor,temperature_humidity_sensor,Demo Room,30.2,47.0,Critical,0,Normal Pattern,100,High,Critical Cold-Storage Failure,Critical Cold-Storage Failure
2026-08-14 11:59:17,ESP32_ROOM_1,ESP32,External,ESP32_ROOM_1,30.2,47.0,-,0,Security Event,0,Low,Continue monitoring and maintain secure sensor authentication,Valid ESP32 HMAC Reading,Valid ESP32 HMAC Reading,200
2026-08-14 11:59:17,Real ESP32 Room Sensor,temperature_humidity_sensor,Demo Room,30.2,47.0,Critical,0,Normal Pattern,100,High,Critical Cold-Storage Failure,Critical Cold-Storage Failure
2026-08-14 11:59:19,ESP32_ROOM_1,ESP32,External,ESP32_ROOM_1,30.2,47.0,-,0,Security Event,0,Low,Continue monitoring and maintain secure sensor authentication,Valid ESP32 HMAC Reading,Valid ESP32 HMAC Reading,200
2026-08-14 11:59:19,Real ESP32 Room Sensor,temperature_humidity_sensor,Demo Room,30.2,47.0,Critical,0,Normal Pattern,100,High,Critical Cold-Storage Failure,Critical Cold-Storage Failure
2026-08-14 11:59:21,ESP32_ROOM_1,ESP32,External,ESP32_ROOM_1,30.2,47.0,-,0,Security Event,0,Low,Continue monitoring and maintain secure sensor authentication,Valid ESP32 HMAC Reading,Valid ESP32 HMAC Reading,200
2026-08-14 11:59:21,Real ESP32 Room Sensor,temperature_humidity_sensor,Demo Room,30.2,47.0,Critical,0,Normal Pattern,100,High,Critical Cold-Storage Failure,Critical Cold-Storage Failure
2026-08-14 11:59:23,ESP32_ROOM_1,ESP32,External,ESP32_ROOM_1,30.2,47.0,-,0,Security Event,0,Low,Continue monitoring and maintain secure sensor authentication,Valid ESP32 HMAC Reading,Valid ESP32 HMAC Reading,200
2026-08-14 11:59:23,Real ESP32 Room Sensor,temperature_humidity_sensor,Demo Room,30.2,47.0,Critical,0,Normal Pattern,100,High,Critical Cold-Storage Failure,Critical Cold-Storage Failure
2026-08-14 11:59:26,ESP32_ROOM_1,ESP32,External,ESP32_ROOM_1,30.2,47.0,-,0,Security Event,0,Low,Continue monitoring and maintain secure sensor authentication,Valid ESP32 HMAC Reading,Valid ESP32 HMAC Reading,200
2026-08-14 11:59:26,Real ESP32 Room Sensor,temperature_humidity_sensor,Demo Room,30.2,47.0,Critical,0,Normal Pattern,100,High,Critical Cold-Storage Failure,Critical Cold-Storage Failure
2026-08-14 11:59:28,ESP32_ROOM_1,ESP32,External,ESP32_ROOM_1,30.2,47.0,-,0,Security Event,0,Low,Continue monitoring and maintain secure sensor authentication,Valid ESP32 HMAC Reading,Valid ESP32 HMAC Reading,200
2026-08-14 11:59:28,Real ESP32 Room Sensor,temperature_humidity_sensor,Demo Room,30.2,47.0,Critical,0,Normal Pattern,100,High,Critical Cold-Storage Failure,Critical Cold-Storage Failure
2026-08-14 11:59:30,ESP32_ROOM_1,ESP32,External,ESP32_ROOM_1,30.2,47.0,-,0,Security Event,0,Low,Continue monitoring and maintain secure sensor authentication,Valid ESP32 HMAC Reading,Valid ESP32 HMAC Reading,200
2026-08-14 11:59:30,Real ESP32 Room Sensor,temperature_humidity_sensor,Demo Room,30.2,47.0,Critical,0,Normal Pattern,100,High,Critical Cold-Storage Failure,Critical Cold-Storage Failure
2026-08-14 11:59:33,ESP32_ROOM_1,ESP32,External,ESP32_ROOM_1,30.2,47.0,-,0,Security Event,0,Low,Continue monitoring and maintain secure sensor authentication,Valid ESP32 HMAC Reading,Valid ESP32 HMAC Reading,200
2026-08-14 11:59:33,Real ESP32 Room Sensor,temperature_humidity_sensor,Demo Room,30.2,47.0,Critical,0,Normal Pattern,100,High,Critical Cold-Storage Failure,Critical Cold-Storage Failure
2026-08-14 11:59:35,ESP32_ROOM_1,ESP32,External,ESP32_ROOM_1,30.2,47.0,-,0,Security Event,0,Low,Continue monitoring and maintain secure sensor authentication,Valid ESP32 HMAC Reading,Valid ESP32 HMAC Reading,200
2026-08-14 11:59:35,Real ESP32 Room Sensor,temperature_humidity_sensor,Demo Room,30.2,47.0,Critical,0,Normal Pattern,100,High,Critical Cold-Storage Failure,Critical Cold-Storage Failure
2026-08-14 11:59:37,ESP32_ROOM_1,ESP32,External,ESP32_ROOM_1,30.2,47.0,-,0,Security Event,0,Low,Continue monitoring and maintain secure sensor authentication,Valid ESP32 HMAC Reading,Valid ESP32 HMAC Reading,200
2026-08-14 11:59:37,Real ESP32 Room Sensor,temperature_humidity_sensor,Demo Room,30.2,47.0,Critical,0,Normal Pattern,100,High,Critical Cold-Storage Failure,Critical Cold-Storage Failure
2026-08-14 11:59:40,ESP32_ROOM_1,ESP32,External,ESP32_ROOM_1,30.2,47.0,-,0,Security Event,0,Low,Continue monitoring and maintain secure sensor authentication,Valid ESP32 HMAC Reading,Valid ESP32 HMAC Reading,200
2026-08-14 11:59:40,Real ESP32 Room Sensor,temperature_humidity_sensor,Demo Room,30.2,47.0,Critical,0,Normal Pattern,100,High,Critical Cold-Storage Failure,Critical Cold-Storage Failure
2026-08-14 11:59:42,ESP32_ROOM_1,ESP32,External,ESP32_ROOM_1,30.2,47.0,-,0,Security Event,0,Low,Continue monitoring and maintain secure sensor authentication,Valid ESP32 HMAC Reading,Valid ESP32 HMAC Reading,200
2026-08-14 11:59:42,Real ESP32 Room Sensor,temperature_humidity_sensor,Demo Room,30.2,47.0,Critical,0,Normal Pattern,100,High,Critical Cold-Storage Failure,Critical Cold-Storage Failure
2026-08-14 11:59:44,ESP32_ROOM_1,ESP32,External,ESP32_ROOM_1,30.2,47.0,-,0,Security Event,0,Low,Continue monitoring and maintain secure sensor authentication,Valid ESP32 HMAC Reading,Valid ESP32 HMAC Reading,200
2026-08-14 11:59:44,Real ESP32 Room Sensor,temperature_humidity_sensor,Demo Room,30.2,47.0,Critical,0,Normal Pattern,100,High,Critical Cold-Storage Failure,Critical Cold-Storage Failure
2026-08-14 11:59:47,ESP32_ROOM_1,ESP32,External,ESP32_ROOM_1,30.2,47.0,-,0,Security Event,0,Low,Continue monitoring and maintain secure sensor authentication,Valid ESP32 HMAC Reading,Valid ESP32 HMAC Reading,200
2026-08-14 11:59:47,Real ESP32 Room Sensor,temperature_humidity_sensor,Demo Room,30.2,47.0,Critical,0,Normal Pattern,100,High,Critical Cold-Storage Failure,Critical Cold-Storage Failure
2026-08-14 11:59:49,ESP32_ROOM_1,ESP32,External,ESP32_ROOM_1,30.2,47.0,-,0,Security Event,0,Low,Continue monitoring and maintain secure sensor authentication,Valid ESP32 HMAC Reading,Valid ESP32 HMAC Reading,200
2026-08-14 11:59:49,Real ESP32 Room Sensor,temperature_humidity_sensor,Demo Room,30.2,47.0,Critical,0,Normal Pattern,100,High,Critical Cold-Storage Failure,Critical Cold-Storage Failure
2026-08-14 11:59:51,ESP32_ROOM_1,ESP32,External,ESP32_ROOM_1,30.2,47.0,-,0,Security Event,0,Low,Continue monitoring and maintain secure sensor authentication,Valid ESP32 HMAC Reading,Valid ESP32 HMAC Reading,200
2026-08-14 11:59:51,Real ESP32 Room Sensor,temperature_humidity_sensor,Demo Room,30.2,47.0,Critical,0,Normal Pattern,100,High,Critical Cold-Storage Failure,Critical Cold-Storage Failure
2026-08-14 11:59:54,ESP32_ROOM_1,ESP32,External,ESP32_ROOM_1,30.2,47.0,-,0,Security Event,0,Low,Continue monitoring and maintain secure sensor authentication,Valid ESP32 HMAC Reading,Valid ESP32 HMAC Reading,200
2026-08-14 11:59:54,Real ESP32 Room Sensor,temperature_humidity_sensor,Demo Room,30.2,47.0,Critical,0,Normal Pattern,100,High,Critical Cold-Storage Failure,Critical Cold-Storage Failure
2026-08-14 11:59:56,ESP32_ROOM_1,ESP32,External,ESP32_ROOM_1,30.2,47.0,-,0,Security Event,0,Low,Continue monitoring and maintain secure sensor authentication,Valid ESP32 HMAC Reading,Valid ESP32 HMAC Reading,200
2026-08-14 11:59:56,Real ESP32 Room Sensor,temperature_humidity_sensor,Demo Room,30.2,47.0,Critical,0,Normal Pattern,100,High,Critical Cold-Storage Failure,Critical Cold-Storage Failure
2026-08-14 11:59:59,ESP32_ROOM_1,ESP32,External,ESP32_ROOM_1,30.2,47.0,-,0,Security Event,0,Low,Continue monitoring and maintain secure sensor authentication,Valid ESP32 HMAC Reading,Valid ESP32 HMAC Reading,200
2026-08-14 11:59:59,Real ESP32 Room Sensor,temperature_humidity_sensor,Demo Room,30.2,47.0,Critical,0,Normal Pattern,100,High,Critical Cold-Storage Failure,Critical Cold-Storage Failure
2026-08-14 12:00:01,ESP32_ROOM_1,ESP32,External,ESP32_ROOM_1,30.2,47.0,-,0,Security Event,0,Low,Continue monitoring and maintain secure sensor authentication,Valid ESP32 HMAC Reading,Valid ESP32 HMAC Reading,200
2026-08-14 12:00:01,Real ESP32 Room Sensor,temperature_humidity_sensor,Demo Room,30.2,47.0,Critical,0,Normal Pattern,100,High,Critical Cold-Storage Failure,Critical Cold-Storage Failure
2026-08-14 12:00:03,ESP32_ROOM_1,ESP32,External,ESP32_ROOM_1,30.2,47.0,-,0,Security Event,0,Low,Continue monitoring and maintain secure sensor authentication,Valid ESP32 HMAC Reading,Valid ESP32 HMAC Reading,200
2026-08-14 12:00:04,Real ESP32 Room Sensor,temperature_humidity_sensor,Demo Room,30.2,47.0,Critical,0,Normal Pattern,100,High,Critical Cold-Storage Failure,Critical Cold-Storage Failure
2026-08-14 12:00:06,ESP32_ROOM_1,ESP32,External,ESP32_ROOM_1,30.2,47.0,-,0,Security Event,0,Low,Continue monitoring and maintain secure sensor authentication,Valid ESP32 HMAC Reading,Valid ESP32 HMAC Reading,200
2026-08-14 12:00:06,Real ESP32 Room Sensor,temperature_humidity_sensor,Demo Room,30.2,47.0,Critical,0,Normal Pattern,100,High,Critical Cold-Storage Failure,Critical Cold-Storage Failure
2026-08-14 12:00:08,ESP32_ROOM_1,ESP32,External,ESP32_ROOM_1,30.2,47.0,-,0,Security Event,0,Low,Continue monitoring and maintain secure sensor authentication,Valid ESP32 HMAC Reading,Valid ESP32 HMAC Reading,200
2026-08-14 12:00:08,Real ESP32 Room Sensor,temperature_humidity_sensor,Demo Room,30.2,47.0,Critical,0,Normal Pattern,100,High,Critical Cold-Storage Failure,Critical Cold-Storage Failure
2026-08-14 12:00:10,ESP32_ROOM_1,ESP32,External,ESP32_ROOM_1,30.2,47.0,-,0,Security Event,0,Low,Continue monitoring and maintain secure sensor authentication,Valid ESP32 HMAC Reading,Valid ESP32 HMAC Reading,200
2026-08-14 12:00:10,Real ESP32 Room Sensor,temperature_humidity_sensor,Demo Room,30.2,47.0,Critical,0,Normal Pattern,100,High,Critical Cold-Storage Failure,Critical Cold-Storage Failure
2026-08-14 12:00:13,ESP32_ROOM_1,ESP32,External,ESP32_ROOM_1,30.2,47.0,-,0,Security Event,0,Low,Continue monitoring and maintain secure sensor authentication,Valid ESP32 HMAC Reading,Valid ESP32 HMAC Reading,200
2026-08-14 12:00:13,Real ESP32 Room Sensor,temperature_humidity_sensor,Demo Room,30.2,47.0,Critical,0,Normal Pattern,100,High,Critical Cold-Storage Failure,Critical Cold-Storage Failure
2026-08-14 12:00:15,ESP32_ROOM_1,ESP32,External,ESP32_ROOM_1,30.2,47.0,-,0,Security Event,0,Low,Continue monitoring and maintain secure sensor authentication,Valid ESP32 HMAC Reading,Valid ESP32 HMAC Reading,200
2026-08-14 12:00:15,Real ESP32 Room Sensor,temperature_humidity_sensor,Demo Room,30.2,47.0,Critical,0,Normal Pattern,100,High,Critical Cold-Storage Failure,Critical Cold-Storage Failure
2026-08-14 12:00:18,ESP32_ROOM_1,ESP32,External,ESP32_ROOM_1,30.2,47.0,-,0,Security Event,0,Low,Continue monitoring and maintain secure sensor authentication,Valid ESP32 HMAC Reading,Valid ESP32 HMAC Reading,200
2026-08-14 12:00:18,Real ESP32 Room Sensor,temperature_humidity_sensor,Demo Room,30.2,47.0,Critical,0,Normal Pattern,100,High,Critical Cold-Storage Failure,Critical Cold-Storage Failure
2026-08-14 12:00:20,ESP32_ROOM_1,ESP32,External,ESP32_ROOM_1,30.2,47.0,-,0,Security Event,0,Low,Continue monitoring and maintain secure sensor authentication,Valid ESP32 HMAC Reading,Valid ESP32 HMAC Reading,200
2026-08-14 12:00:20,Real ESP32 Room Sensor,temperature_humidity_sensor,Demo Room,30.2,47.0,Critical,0,Normal Pattern,100,High,Critical Cold-Storage Failure,Critical Cold-Storage Failure
2026-08-14 12:00:22,ESP32_ROOM_1,ESP32,External,ESP32_ROOM_1,30.2,47.0,-,0,Security Event,0,Low,Continue monitoring and maintain secure sensor authentication,Valid ESP32 HMAC Reading,Valid ESP32 HMAC Reading,200
2026-08-14 12:00:22,Real ESP32 Room Sensor,temperature_humidity_sensor,Demo Room,30.2,47.0,Critical,0,Normal Pattern,100,High,Critical Cold-Storage Failure,Critical Cold-Storage Failure
2026-08-14 12:00:24,ESP32_ROOM_1,ESP32,External,ESP32_ROOM_1,30.2,47.0,-,0,Security Event,0,Low,Continue monitoring and maintain secure sensor authentication,Valid ESP32 HMAC Reading,Valid ESP32 HMAC Reading,200
2026-08-14 12:00:24,Real ESP32 Room Sensor,temperature_humidity_sensor,Demo Room,30.2,47.0,Critical,0,Normal Pattern,100,High,Critical Cold-Storage Failure,Critical Cold-Storage Failure
2026-08-14 12:00:27,ESP32_ROOM_1,ESP32,External,ESP32_ROOM_1,30.2,47.0,-,0,Security Event,0,Low,Continue monitoring and maintain secure sensor authentication,Valid ESP32 HMAC Reading,Valid ESP32 HMAC Reading,200
2026-08-14 12:00:27,Real ESP32 Room Sensor,temperature_humidity_sensor,Demo Room,30.2,47.0,Critical,0,Normal Pattern,100,High,Critical Cold-Storage Failure,Critical Cold-Storage Failure
2026-08-14 12:00:29,ESP32_ROOM_1,ESP32,External,ESP32_ROOM_1,30.2,47.0,-,0,Security Event,0,Low,Continue monitoring and maintain secure sensor authentication,Valid ESP32 HMAC Reading,Valid ESP32 HMAC Reading,200
2026-08-14 12:00:29,Real ESP32 Room Sensor,temperature_humidity_sensor,Demo Room,30.2,47.0,Critical,0,Normal Pattern,100,High,Critical Cold-Storage Failure,Critical Cold-Storage Failure
2026-08-14 12:00:31,ESP32_ROOM_1,ESP32,External,ESP32_ROOM_1,30.2,47.0,-,0,Security Event,0,Low,Continue monitoring and maintain secure sensor authentication,Valid ESP32 HMAC Reading,Valid ESP32 HMAC Reading,200
2026-08-14 12:00:31,Real ESP32 Room Sensor,temperature_humidity_sensor,Demo Room,30.2,47.0,Critical,0,Normal Pattern,100,High,Critical Cold-Storage Failure,Critical Cold-Storage Failure
2026-08-14 12:00:34,ESP32_ROOM_1,ESP32,External,ESP32_ROOM_1,30.2,47.0,-,0,Security Event,0,Low,Continue monitoring and maintain secure sensor authentication,Valid ESP32 HMAC Reading,Valid ESP32 HMAC Reading,200
2026-08-14 12:00:34,Real ESP32 Room Sensor,temperature_humidity_sensor,Demo Room,30.2,47.0,Critical,0,Normal Pattern,100,High,Critical Cold-Storage Failure,Critical Cold-Storage Failure
2026-08-14 12:00:37,ESP32_ROOM_1,ESP32,External,ESP32_ROOM_1,30.2,47.0,-,0,Security Event,0,Low,Continue monitoring and maintain secure sensor authentication,Valid ESP32 HMAC Reading,Valid ESP32 HMAC Reading,200
2026-08-14 12:00:37,Real ESP32 Room Sensor,temperature_humidity_sensor,Demo Room,30.2,47.0,Critical,0,Normal Pattern,100,High,Critical Cold-Storage Failure,Critical Cold-Storage Failure
2026-08-14 12:00:39,ESP32_ROOM_1,ESP32,External,ESP32_ROOM_1,30.2,47.0,-,0,Security Event,0,Low,Continue monitoring and maintain secure sensor authentication,Valid ESP32 HMAC Reading,Valid ESP32 HMAC Reading,200
2026-08-14 12:00:39,Real ESP32 Room Sensor,temperature_humidity_sensor,Demo Room,30.2,47.0,Critical,0,Normal Pattern,100,High,Critical Cold-Storage Failure,Critical Cold-Storage Failure
2026-08-14 12:00:41,ESP32_ROOM_1,ESP32,External,ESP32_ROOM_1,30.2,47.0,-,0,Security Event,0,Low,Continue monitoring and maintain secure sensor authentication,Valid ESP32 HMAC Reading,Valid ESP32 HMAC Reading,200
2026-08-14 12:00:41,Real ESP32 Room Sensor,temperature_humidity_sensor,Demo Room,30.2,47.0,Critical,0,Normal Pattern,100,High,Critical Cold-Storage Failure,Critical Cold-Storage Failure
2026-08-14 12:00:44,ESP32_ROOM_1,ESP32,External,ESP32_ROOM_1,30.2,47.0,-,0,Security Event,0,Low,Continue monitoring and maintain secure sensor authentication,Valid ESP32 HMAC Reading,Valid ESP32 HMAC Reading,200
2026-08-14 12:00:44,Real ESP32 Room Sensor,temperature_humidity_sensor,Demo Room,30.2,47.0,Critical,0,Normal Pattern,100,High,Critical Cold-Storage Failure,Critical Cold-Storage Failure
2026-08-14 12:00:46,ESP32_ROOM_1,ESP32,External,ESP32_ROOM_1,30.2,47.0,-,0,Security Event,0,Low,Continue monitoring and maintain secure sensor authentication,Valid ESP32 HMAC Reading,Valid ESP32 HMAC Reading,200
2026-08-14 12:00:46,Real ESP32 Room Sensor,temperature_humidity_sensor,Demo Room,30.2,47.0,Critical,0,Normal Pattern,100,High,Critical Cold-Storage Failure,Critical Cold-Storage Failure
2026-08-14 12:00:48,ESP32_ROOM_1,ESP32,External,ESP32_ROOM_1,30.2,47.0,-,0,Security Event,0,Low,Continue monitoring and maintain secure sensor authentication,Valid ESP32 HMAC Reading,Valid ESP32 HMAC Reading,200
2026-08-14 12:00:48,Real ESP32 Room Sensor,temperature_humidity_sensor,Demo Room,30.2,47.0,Critical,0,Normal Pattern,100,High,Critical Cold-Storage Failure,Critical Cold-Storage Failure
2026-08-14 12:00:50,ESP32_ROOM_1,ESP32,External,ESP32_ROOM_1,30.2,47.0,-,0,Security Event,0,Low,Continue monitoring and maintain secure sensor authentication,Valid ESP32 HMAC Reading,Valid ESP32 HMAC Reading,200
2026-08-14 12:00:51,Real ESP32 Room Sensor,temperature_humidity_sensor,Demo Room,30.2,47.0,Critical,0,Normal Pattern,100,High,Critical Cold-Storage Failure,Critical Cold-Storage Failure
2026-08-14 12:00:53,ESP32_ROOM_1,ESP32,External,ESP32_ROOM_1,30.2,47.0,-,0,Security Event,0,Low,Continue monitoring and maintain secure sensor authentication,Valid ESP32 HMAC Reading,Valid ESP32 HMAC Reading,200
2026-08-14 12:00:53,Real ESP32 Room Sensor,temperature_humidity_sensor,Demo Room,30.2,47.0,Critical,0,Normal Pattern,100,High,Critical Cold-Storage Failure,Critical Cold-Storage Failure
2026-08-14 12:00:55,ESP32_ROOM_1,ESP32,External,ESP32_ROOM_1,30.2,47.0,-,0,Security Event,0,Low,Continue monitoring and maintain secure sensor authentication,Valid ESP32 HMAC Reading,Valid ESP32 HMAC Reading,200
2026-08-14 12:00:55,Real ESP32 Room Sensor,temperature_humidity_sensor,Demo Room,30.2,47.0,Critical,0,Normal Pattern,100,High,Critical Cold-Storage Failure,Critical Cold-Storage Failure
2026-08-14 12:00:57,ESP32_ROOM_1,ESP32,External,ESP32_ROOM_1,30.2,47.0,-,0,Security Event,0,Low,Continue monitoring and maintain secure sensor authentication,Valid ESP32 HMAC Reading,Valid ESP32 HMAC Reading,200
2026-08-14 12:00:57,Real ESP32 Room Sensor,temperature_humidity_sensor,Demo Room,30.2,47.0,Critical,0,Normal Pattern,100,High,Critical Cold-Storage Failure,Critical Cold-Storage Failure
2026-08-14 12:01:00,ESP32_ROOM_1,ESP32,External,ESP32_ROOM_1,30.2,47.0,-,0,Security Event,0,Low,Continue monitoring and maintain secure sensor authentication,Valid ESP32 HMAC Reading,Valid ESP32 HMAC Reading,200
2026-08-14 12:01:00,Real ESP32 Room Sensor,temperature_humidity_sensor,Demo Room,30.2,47.0,Critical,0,Normal Pattern,100,High,Critical Cold-Storage Failure,Critical Cold-Storage Failure
2026-08-14 12:01:02,ESP32_ROOM_1,ESP32,External,ESP32_ROOM_1,30.2,47.0,-,0,Security Event,0,Low,Continue monitoring and maintain secure sensor authentication,Valid ESP32 HMAC Reading,Valid ESP32 HMAC Reading,200
2026-08-14 12:01:02,Real ESP32 Room Sensor,temperature_humidity_sensor,Demo Room,30.2,47.0,Critical,0,Normal Pattern,100,High,Critical Cold-Storage Failure,Critical Cold-Storage Failure
2026-08-14 12:01:04,ESP32_ROOM_1,ESP32,External,ESP32_ROOM_1,30.2,47.0,-,0,Security Event,0,Low,Continue monitoring and maintain secure sensor authentication,Valid ESP32 HMAC Reading,Valid ESP32 HMAC Reading,200
2026-08-14 12:01:04,Real ESP32 Room Sensor,temperature_humidity_sensor,Demo Room,30.2,47.0,Critical,0,Normal Pattern,100,High,Critical Cold-Storage Failure,Critical Cold-Storage Failure
2026-08-14 12:01:06,ESP32_ROOM_1,ESP32,External,ESP32_ROOM_1,30.2,47.0,-,0,Security Event,0,Low,Continue monitoring and maintain secure sensor authentication,Valid ESP32 HMAC Reading,Valid ESP32 HMAC Reading,200
2026-08-14 12:01:06,Real ESP32 Room Sensor,temperature_humidity_sensor,Demo Room,30.2,47.0,Critical,0,Normal Pattern,100,High,Critical Cold-Storage Failure,Critical Cold-Storage Failure
2026-08-14 12:01:09,ESP32_ROOM_1,ESP32,External,ESP32_ROOM_1,30.2,47.0,-,0,Security Event,0,Low,Continue monitoring and maintain secure sensor authentication,Valid ESP32 HMAC Reading,Valid ESP32 HMAC Reading,200
2026-08-14 12:01:09,Real ESP32 Room Sensor,temperature_humidity_sensor,Demo Room,30.2,47.0,Critical,0,Normal Pattern,100,High,Critical Cold-Storage Failure,Critical Cold-Storage Failure
2026-08-14 12:01:11,ESP32_ROOM_1,ESP32,External,ESP32_ROOM_1,30.2,47.0,-,0,Security Event,0,Low,Continue monitoring and maintain secure sensor authentication,Valid ESP32 HMAC Reading,Valid ESP32 HMAC Reading,200
2026-08-14 12:01:11,Real ESP32 Room Sensor,temperature_humidity_sensor,Demo Room,30.2,47.0,Critical,0,Normal Pattern,100,High,Critical Cold-Storage Failure,Critical Cold-Storage Failure
2026-08-14 12:01:13,ESP32_ROOM_1,ESP32,External,ESP32_ROOM_1,30.2,47.0,-,0,Security Event,0,Low,Continue monitoring and maintain secure sensor authentication,Valid ESP32 HMAC Reading,Valid ESP32 HMAC Reading,200
2026-08-14 12:01:13,Real ESP32 Room Sensor,temperature_humidity_sensor,Demo Room,30.2,47.0,Critical,0,Normal Pattern,100,High,Critical Cold-Storage Failure,Critical Cold-Storage Failure
2026-08-14 12:01:16,ESP32_ROOM_1,ESP32,External,ESP32_ROOM_1,30.2,47.0,-,0,Security Event,0,Low,Continue monitoring and maintain secure sensor authentication,Valid ESP32 HMAC Reading,Valid ESP32 HMAC Reading,200
2026-08-14 12:01:16,Real ESP32 Room Sensor,temperature_humidity_sensor,Demo Room,30.2,47.0,Critical,0,Normal Pattern,100,High,Critical Cold-Storage Failure,Critical Cold-Storage Failure
2026-08-14 12:01:18,ESP32_ROOM_1,ESP32,External,ESP32_ROOM_1,30.2,47.0,-,0,Security Event,0,Low,Continue monitoring and maintain secure sensor authentication,Valid ESP32 HMAC Reading,Valid ESP32 HMAC Reading,200
2026-08-14 12:01:18,Real ESP32 Room Sensor,temperature_humidity_sensor,Demo Room,30.2,47.0,Critical,0,Normal Pattern,100,High,Critical Cold-Storage Failure,Critical Cold-Storage Failure
2026-08-14 12:01:20,ESP32_ROOM_1,ESP32,External,ESP32_ROOM_1,30.2,47.0,-,0,Security Event,0,Low,Continue monitoring and maintain secure sensor authentication,Valid ESP32 HMAC Reading,Valid ESP32 HMAC Reading,200
2026-08-14 12:01:20,Real ESP32 Room Sensor,temperature_humidity_sensor,Demo Room,30.2,47.0,Critical,0,Normal Pattern,100,High,Critical Cold-Storage Failure,Critical Cold-Storage Failure
2026-08-14 12:01:23,ESP32_ROOM_1,ESP32,External,ESP32_ROOM_1,30.2,47.0,-,0,Security Event,0,Low,Continue monitoring and maintain secure sensor authentication,Valid ESP32 HMAC Reading,Valid ESP32 HMAC Reading,200
2026-08-14 12:01:23,Real ESP32 Room Sensor,temperature_humidity_sensor,Demo Room,30.2,47.0,Critical,0,Normal Pattern,100,High,Critical Cold-Storage Failure,Critical Cold-Storage Failure
2026-08-14 12:01:25,ESP32_ROOM_1,ESP32,External,ESP32_ROOM_1,30.2,47.0,-,0,Security Event,0,Low,Continue monitoring and maintain secure sensor authentication,Valid ESP32 HMAC Reading,Valid ESP32 HMAC Reading,200
2026-08-14 12:01:25,Real ESP32 Room Sensor,temperature_humidity_sensor,Demo Room,30.2,47.0,Critical,0,Normal Pattern,100,High,Critical Cold-Storage Failure,Critical Cold-Storage Failure
2026-08-14 12:01:27,ESP32_ROOM_1,ESP32,External,ESP32_ROOM_1,30.2,47.0,-,0,Security Event,0,Low,Continue monitoring and maintain secure sensor authentication,Valid ESP32 HMAC Reading,Valid ESP32 HMAC Reading,200
2026-08-14 12:01:27,Real ESP32 Room Sensor,temperature_humidity_sensor,Demo Room,30.2,47.0,Critical,0,Normal Pattern,100,High,Critical Cold-Storage Failure,Critical Cold-Storage Failure
2026-08-14 12:01:30,ESP32_ROOM_1,ESP32,External,ESP32_ROOM_1,30.2,47.0,-,0,Security Event,0,Low,Continue monitoring and maintain secure sensor authentication,Valid ESP32 HMAC Reading,Valid ESP32 HMAC Reading,200
2026-08-14 12:01:30,Real ESP32 Room Sensor,temperature_humidity_sensor,Demo Room,30.2,47.0,Critical,0,Normal Pattern,100,High,Critical Cold-Storage Failure,Critical Cold-Storage Failure
2026-08-14 12:01:32,ESP32_ROOM_1,ESP32,External,ESP32_ROOM_1,30.2,47.0,-,0,Security Event,0,Low,Continue monitoring and maintain secure sensor authentication,Valid ESP32 HMAC Reading,Valid ESP32 HMAC Reading,200
2026-08-14 12:01:32,Real ESP32 Room Sensor,temperature_humidity_sensor,Demo Room,30.2,47.0,Critical,0,Normal Pattern,100,High,Critical Cold-Storage Failure,Critical Cold-Storage Failure
2026-08-14 12:01:34,ESP32_ROOM_1,ESP32,External,ESP32_ROOM_1,30.2,47.0,-,0,Security Event,0,Low,Continue monitoring and maintain secure sensor authentication,Valid ESP32 HMAC Reading,Valid ESP32 HMAC Reading,200
2026-08-14 12:01:34,Real ESP32 Room Sensor,temperature_humidity_sensor,Demo Room,30.2,47.0,Critical,0,Normal Pattern,100,High,Critical Cold-Storage Failure,Critical Cold-Storage Failure
2026-08-14 12:01:37,ESP32_ROOM_1,ESP32,External,ESP32_ROOM_1,30.2,47.0,-,0,Security Event,0,Low,Continue monitoring and maintain secure sensor authentication,Valid ESP32 HMAC Reading,Valid ESP32 HMAC Reading,200
2026-08-14 12:01:37,Real ESP32 Room Sensor,temperature_humidity_sensor,Demo Room,30.2,47.0,Critical,0,Normal Pattern,100,High,Critical Cold-Storage Failure,Critical Cold-Storage Failure
2026-08-14 12:01:39,ESP32_ROOM_1,ESP32,External,ESP32_ROOM_1,30.2,47.0,-,0,Security Event,0,Low,Continue monitoring and maintain secure sensor authentication,Valid ESP32 HMAC Reading,Valid ESP32 HMAC Reading,200
2026-08-14 12:01:39,Real ESP32 Room Sensor,temperature_humidity_sensor,Demo Room,30.2,47.0,Critical,0,Normal Pattern,100,High,Critical Cold-Storage Failure,Critical Cold-Storage Failure
2026-08-14 12:01:41,ESP32_ROOM_1,ESP32,External,ESP32_ROOM_1,30.2,47.0,-,0,Security Event,0,Low,Continue monitoring and maintain secure sensor authentication,Valid ESP32 HMAC Reading,Valid ESP32 HMAC Reading,200
2026-08-14 12:01:41,Real ESP32 Room Sensor,temperature_humidity_sensor,Demo Room,30.2,47.0,Critical,0,Normal Pattern,100,High,Critical Cold-Storage Failure,Critical Cold-Storage Failure
2026-08-14 12:01:44,ESP32_ROOM_1,ESP32,External,ESP32_ROOM_1,30.2,47.0,-,0,Security Event,0,Low,Continue monitoring and maintain secure sensor authentication,Valid ESP32 HMAC Reading,Valid ESP32 HMAC Reading,200
2026-08-14 12:01:44,Real ESP32 Room Sensor,temperature_humidity_sensor,Demo Room,30.2,47.0,Critical,0,Normal Pattern,100,High,Critical Cold-Storage Failure,Critical Cold-Storage Failure
2026-08-14 12:01:46,ESP32_ROOM_1,ESP32,External,ESP32_ROOM_1,30.2,47.0,-,0,Security Event,0,Low,Continue monitoring and maintain secure sensor authentication,Valid ESP32 HMAC Reading,Valid ESP32 HMAC Reading,200
2026-08-14 12:01:46,Real ESP32 Room Sensor,temperature_humidity_sensor,Demo Room,30.2,47.0,Critical,0,Normal Pattern,100,High,Critical Cold-Storage Failure,Critical Cold-Storage Failure
2026-08-14 12:01:48,ESP32_ROOM_1,ESP32,External,ESP32_ROOM_1,30.2,47.0,-,0,Security Event,0,Low,Continue monitoring and maintain secure sensor authentication,Valid ESP32 HMAC Reading,Valid ESP32 HMAC Reading,200
2026-08-14 12:01:48,Real ESP32 Room Sensor,temperature_humidity_sensor,Demo Room,30.2,47.0,Critical,0,Normal Pattern,100,High,Critical Cold-Storage Failure,Critical Cold-Storage Failure
2026-08-14 12:01:50,ESP32_ROOM_1,ESP32,External,ESP32_ROOM_1,30.2,47.0,-,0,Security Event,0,Low,Continue monitoring and maintain secure sensor authentication,Valid ESP32 HMAC Reading,Valid ESP32 HMAC Reading,200
2026-08-14 12:01:51,Real ESP32 Room Sensor,temperature_humidity_sensor,Demo Room,30.2,47.0,Critical,0,Normal Pattern,100,High,Critical Cold-Storage Failure,Critical Cold-Storage Failure
2026-08-14 12:01:53,ESP32_ROOM_1,ESP32,External,ESP32_ROOM_1,30.2,47.0,-,0,Security Event,0,Low,Continue monitoring and maintain secure sensor authentication,Valid ESP32 HMAC Reading,Valid ESP32 HMAC Reading,200
2026-08-14 12:01:53,Real ESP32 Room Sensor,temperature_humidity_sensor,Demo Room,30.2,47.0,Critical,0,Normal Pattern,100,High,Critical Cold-Storage Failure,Critical Cold-Storage Failure
2026-08-14 12:01:55,ESP32_ROOM_1,ESP32,External,ESP32_ROOM_1,30.2,47.0,-,0,Security Event,0,Low,Continue monitoring and maintain secure sensor authentication,Valid ESP32 HMAC Reading,Valid ESP32 HMAC Reading,200
2026-08-14 12:01:55,Real ESP32 Room Sensor,temperature_humidity_sensor,Demo Room,30.2,47.0,Critical,0,Normal Pattern,100,High,Critical Cold-Storage Failure,Critical Cold-Storage Failure
2026-08-14 12:01:57,ESP32_ROOM_1,ESP32,External,ESP32_ROOM_1,30.2,47.0,-,0,Security Event,0,Low,Continue monitoring and maintain secure sensor authentication,Valid ESP32 HMAC Reading,Valid ESP32 HMAC Reading,200
2026-08-14 12:01:57,Real ESP32 Room Sensor,temperature_humidity_sensor,Demo Room,30.2,47.0,Critical,0,Normal Pattern,100,High,Critical Cold-Storage Failure,Critical Cold-Storage Failure
2026-08-14 12:02:00,ESP32_ROOM_1,ESP32,External,ESP32_ROOM_1,30.2,47.0,-,0,Security Event,0,Low,Continue monitoring and maintain secure sensor authentication,Valid ESP32 HMAC Reading,Valid ESP32 HMAC Reading,200
2026-08-14 12:02:00,Real ESP32 Room Sensor,temperature_humidity_sensor,Demo Room,30.2,47.0,Critical,0,Normal Pattern,100,High,Critical Cold-Storage Failure,Critical Cold-Storage Failure
2026-08-14 12:02:02,ESP32_ROOM_1,ESP32,External,ESP32_ROOM_1,30.2,47.0,-,0,Security Event,0,Low,Continue monitoring and maintain secure sensor authentication,Valid ESP32 HMAC Reading,Valid ESP32 HMAC Reading,200
2026-08-14 12:02:02,Real ESP32 Room Sensor,temperature_humidity_sensor,Demo Room,30.2,47.0,Critical,0,Normal Pattern,100,High,Critical Cold-Storage Failure,Critical Cold-Storage Failure
2026-08-14 12:02:04,ESP32_ROOM_1,ESP32,External,ESP32_ROOM_1,30.2,47.0,-,0,Security Event,0,Low,Continue monitoring and maintain secure sensor authentication,Valid ESP32 HMAC Reading,Valid ESP32 HMAC Reading,200
2026-08-14 12:02:04,Real ESP32 Room Sensor,temperature_humidity_sensor,Demo Room,30.2,47.0,Critical,0,Normal Pattern,100,High,Critical Cold-Storage Failure,Critical Cold-Storage Failure
2026-08-14 12:02:07,ESP32_ROOM_1,ESP32,External,ESP32_ROOM_1,30.2,47.0,-,0,Security Event,0,Low,Continue monitoring and maintain secure sensor authentication,Valid ESP32 HMAC Reading,Valid ESP32 HMAC Reading,200
2026-08-14 12:02:07,Real ESP32 Room Sensor,temperature_humidity_sensor,Demo Room,30.2,47.0,Critical,0,Normal Pattern,100,High,Critical Cold-Storage Failure,Critical Cold-Storage Failure
2026-08-14 12:02:09,ESP32_ROOM_1,ESP32,External,ESP32_ROOM_1,30.2,47.0,-,0,Security Event,0,Low,Continue monitoring and maintain secure sensor authentication,Valid ESP32 HMAC Reading,Valid ESP32 HMAC Reading,200
2026-08-14 12:02:09,Real ESP32 Room Sensor,temperature_humidity_sensor,Demo Room,30.2,47.0,Critical,0,Normal Pattern,100,High,Critical Cold-Storage Failure,Critical Cold-Storage Failure
2026-08-14 12:02:11,ESP32_ROOM_1,ESP32,External,ESP32_ROOM_1,30.2,47.0,-,0,Security Event,0,Low,Continue monitoring and maintain secure sensor authentication,Valid ESP32 HMAC Reading,Valid ESP32 HMAC Reading,200
2026-08-14 12:02:12,Real ESP32 Room Sensor,temperature_humidity_sensor,Demo Room,30.2,47.0,Critical,0,Normal Pattern,100,High,Critical Cold-Storage Failure,Critical Cold-Storage Failure
2026-08-14 12:02:14,ESP32_ROOM_1,ESP32,External,ESP32_ROOM_1,30.2,47.0,-,0,Security Event,0,Low,Continue monitoring and maintain secure sensor authentication,Valid ESP32 HMAC Reading,Valid ESP32 HMAC Reading,200
2026-08-14 12:02:14,Real ESP32 Room Sensor,temperature_humidity_sensor,Demo Room,30.2,47.0,Critical,0,Normal Pattern,100,High,Critical Cold-Storage Failure,Critical Cold-Storage Failure
2026-08-14 12:02:16,ESP32_ROOM_1,ESP32,External,ESP32_ROOM_1,30.2,47.0,-,0,Security Event,0,Low,Continue monitoring and maintain secure sensor authentication,Valid ESP32 HMAC Reading,Valid ESP32 HMAC Reading,200
2026-08-14 12:02:16,Real ESP32 Room Sensor,temperature_humidity_sensor,Demo Room,30.2,47.0,Critical,0,Normal Pattern,100,High,Critical Cold-Storage Failure,Critical Cold-Storage Failure
2026-08-14 12:02:19,ESP32_ROOM_1,ESP32,External,ESP32_ROOM_1,30.2,47.0,-,0,Security Event,0,Low,Continue monitoring and maintain secure sensor authentication,Valid ESP32 HMAC Reading,Valid ESP32 HMAC Reading,200
2026-08-14 12:02:19,Real ESP32 Room Sensor,temperature_humidity_sensor,Demo Room,30.2,47.0,Critical,0,Normal Pattern,100,High,Critical Cold-Storage Failure,Critical Cold-Storage Failure
2026-08-14 12:02:21,ESP32_ROOM_1,ESP32,External,ESP32_ROOM_1,30.2,47.0,-,0,Security Event,0,Low,Continue monitoring and maintain secure sensor authentication,Valid ESP32 HMAC Reading,Valid ESP32 HMAC Reading,200
2026-08-14 12:02:21,Real ESP32 Room Sensor,temperature_humidity_sensor,Demo Room,30.2,47.0,Critical,0,Normal Pattern,100,High,Critical Cold-Storage Failure,Critical Cold-Storage Failure
2026-08-14 12:02:24,ESP32_ROOM_1,ESP32,External,ESP32_ROOM_1,30.2,47.0,-,0,Security Event,0,Low,Continue monitoring and maintain secure sensor authentication,Valid ESP32 HMAC Reading,Valid ESP32 HMAC Reading,200
2026-08-14 12:02:24,Real ESP32 Room Sensor,temperature_humidity_sensor,Demo Room,30.2,47.0,Critical,0,Normal Pattern,100,High,Critical Cold-Storage Failure,Critical Cold-Storage Failure
2026-08-14 12:02:26,ESP32_ROOM_1,ESP32,External,ESP32_ROOM_1,30.2,47.0,-,0,Security Event,0,Low,Continue monitoring and maintain secure sensor authentication,Valid ESP32 HMAC Reading,Valid ESP32 HMAC Reading,200
2026-08-14 12:02:26,Real ESP32 Room Sensor,temperature_humidity_sensor,Demo Room,30.2,47.0,Critical,0,Normal Pattern,100,High,Critical Cold-Storage Failure,Critical Cold-Storage Failure
2026-08-14 12:02:28,ESP32_ROOM_1,ESP32,External,ESP32_ROOM_1,30.2,47.0,-,0,Security Event,0,Low,Continue monitoring and maintain secure sensor authentication,Valid ESP32 HMAC Reading,Valid ESP32 HMAC Reading,200
2026-08-14 12:02:28,Real ESP32 Room Sensor,temperature_humidity_sensor,Demo Room,30.2,47.0,Critical,0,Normal Pattern,100,High,Critical Cold-Storage Failure,Critical Cold-Storage Failure
2026-08-14 12:02:30,ESP32_ROOM_1,ESP32,External,ESP32_ROOM_1,30.2,47.0,-,0,Security Event,0,Low,Continue monitoring and maintain secure sensor authentication,Valid ESP32 HMAC Reading,Valid ESP32 HMAC Reading,200
2026-08-14 12:02:31,Real ESP32 Room Sensor,temperature_humidity_sensor,Demo Room,30.2,47.0,Critical,0,Normal Pattern,100,High,Critical Cold-Storage Failure,Critical Cold-Storage Failure
2026-08-14 12:02:33,ESP32_ROOM_1,ESP32,External,ESP32_ROOM_1,30.2,47.0,-,0,Security Event,0,Low,Continue monitoring and maintain secure sensor authentication,Valid ESP32 HMAC Reading,Valid ESP32 HMAC Reading,200
2026-08-14 12:02:33,Real ESP32 Room Sensor,temperature_humidity_sensor,Demo Room,30.2,47.0,Critical,0,Normal Pattern,100,High,Critical Cold-Storage Failure,Critical Cold-Storage Failure
2026-08-14 12:02:35,ESP32_ROOM_1,ESP32,External,ESP32_ROOM_1,30.2,47.0,-,0,Security Event,0,Low,Continue monitoring and maintain secure sensor authentication,Valid ESP32 HMAC Reading,Valid ESP32 HMAC Reading,200
2026-08-14 12:02:35,Real ESP32 Room Sensor,temperature_humidity_sensor,Demo Room,30.2,47.0,Critical,0,Normal Pattern,100,High,Critical Cold-Storage Failure,Critical Cold-Storage Failure
2026-08-14 12:02:38,ESP32_ROOM_1,ESP32,External,ESP32_ROOM_1,30.2,47.0,-,0,Security Event,0,Low,Continue monitoring and maintain secure sensor authentication,Valid ESP32 HMAC Reading,Valid ESP32 HMAC Reading,200
2026-08-14 12:02:38,Real ESP32 Room Sensor,temperature_humidity_sensor,Demo Room,30.2,47.0,Critical,0,Normal Pattern,100,High,Critical Cold-Storage Failure,Critical Cold-Storage Failure
2026-08-14 12:02:40,ESP32_ROOM_1,ESP32,External,ESP32_ROOM_1,30.2,47.0,-,0,Security Event,0,Low,Continue monitoring and maintain secure sensor authentication,Valid ESP32 HMAC Reading,Valid ESP32 HMAC Reading,200
2026-08-14 12:02:40,Real ESP32 Room Sensor,temperature_humidity_sensor,Demo Room,30.2,47.0,Critical,0,Normal Pattern,100,High,Critical Cold-Storage Failure,Critical Cold-Storage Failure
2026-08-14 12:02:42,ESP32_ROOM_1,ESP32,External,ESP32_ROOM_1,30.2,47.0,-,0,Security Event,0,Low,Continue monitoring and maintain secure sensor authentication,Valid ESP32 HMAC Reading,Valid ESP32 HMAC Reading,200
2026-08-14 12:02:42,Real ESP32 Room Sensor,temperature_humidity_sensor,Demo Room,30.2,47.0,Critical,0,Normal Pattern,100,High,Critical Cold-Storage Failure,Critical Cold-Storage Failure
2026-08-14 12:02:45,ESP32_ROOM_1,ESP32,External,ESP32_ROOM_1,30.2,47.0,-,0,Security Event,0,Low,Continue monitoring and maintain secure sensor authentication,Valid ESP32 HMAC Reading,Valid ESP32 HMAC Reading,200
2026-08-14 12:02:45,Real ESP32 Room Sensor,temperature_humidity_sensor,Demo Room,30.2,47.0,Critical,0,Normal Pattern,100,High,Critical Cold-Storage Failure,Critical Cold-Storage Failure
2026-08-14 12:02:47,ESP32_ROOM_1,ESP32,External,ESP32_ROOM_1,30.2,47.0,-,0,Security Event,0,Low,Continue monitoring and maintain secure sensor authentication,Valid ESP32 HMAC Reading,Valid ESP32 HMAC Reading,200
2026-08-14 12:02:47,Real ESP32 Room Sensor,temperature_humidity_sensor,Demo Room,30.2,47.0,Critical,0,Normal Pattern,100,High,Critical Cold-Storage Failure,Critical Cold-Storage Failure
2026-08-14 12:02:49,ESP32_ROOM_1,ESP32,External,ESP32_ROOM_1,30.2,47.0,-,0,Security Event,0,Low,Continue monitoring and maintain secure sensor authentication,Valid ESP32 HMAC Reading,Valid ESP32 HMAC Reading,200
2026-08-14 12:02:49,Real ESP32 Room Sensor,temperature_humidity_sensor,Demo Room,30.2,47.0,Critical,0,Normal Pattern,100,High,Critical Cold-Storage Failure,Critical Cold-Storage Failure
2026-08-14 12:02:52,ESP32_ROOM_1,ESP32,External,ESP32_ROOM_1,30.2,47.0,-,0,Security Event,0,Low,Continue monitoring and maintain secure sensor authentication,Valid ESP32 HMAC Reading,Valid ESP32 HMAC Reading,200
2026-08-14 12:02:52,Real ESP32 Room Sensor,temperature_humidity_sensor,Demo Room,30.2,47.0,Critical,0,Normal Pattern,100,High,Critical Cold-Storage Failure,Critical Cold-Storage Failure
2026-08-14 12:02:54,ESP32_ROOM_1,ESP32,External,ESP32_ROOM_1,30.2,47.0,-,0,Security Event,0,Low,Continue monitoring and maintain secure sensor authentication,Valid ESP32 HMAC Reading,Valid ESP32 HMAC Reading,200
2026-08-14 12:02:54,Real ESP32 Room Sensor,temperature_humidity_sensor,Demo Room,30.2,47.0,Critical,0,Normal Pattern,100,High,Critical Cold-Storage Failure,Critical Cold-Storage Failure
2026-08-14 12:02:56,ESP32_ROOM_1,ESP32,External,ESP32_ROOM_1,30.2,47.0,-,0,Security Event,0,Low,Continue monitoring and maintain secure sensor authentication,Valid ESP32 HMAC Reading,Valid ESP32 HMAC Reading,200
2026-08-14 12:02:56,Real ESP32 Room Sensor,temperature_humidity_sensor,Demo Room,30.2,47.0,Critical,0,Normal Pattern,100,High,Critical Cold-Storage Failure,Critical Cold-Storage Failure
2026-08-14 12:02:58,ESP32_ROOM_1,ESP32,External,ESP32_ROOM_1,30.2,46.0,-,0,Security Event,0,Low,Continue monitoring and maintain secure sensor authentication,Valid ESP32 HMAC Reading,Valid ESP32 HMAC Reading,200
2026-08-14 12:02:59,Real ESP32 Room Sensor,temperature_humidity_sensor,Demo Room,30.2,46.0,Critical,0,Normal Pattern,100,High,Critical Cold-Storage Failure,Critical Cold-Storage Failure
2026-08-14 12:03:01,ESP32_ROOM_1,ESP32,External,ESP32_ROOM_1,30.2,47.0,-,0,Security Event,0,Low,Continue monitoring and maintain secure sensor authentication,Valid ESP32 HMAC Reading,Valid ESP32 HMAC Reading,200
2026-08-14 12:03:01,Real ESP32 Room Sensor,temperature_humidity_sensor,Demo Room,30.2,47.0,Critical,0,Normal Pattern,100,High,Critical Cold-Storage Failure,Critical Cold-Storage Failure
2026-08-14 12:03:03,ESP32_ROOM_1,ESP32,External,ESP32_ROOM_1,30.2,47.0,-,0,Security Event,0,Low,Continue monitoring and maintain secure sensor authentication,Valid ESP32 HMAC Reading,Valid ESP32 HMAC Reading,200
2026-08-14 12:03:03,Real ESP32 Room Sensor,temperature_humidity_sensor,Demo Room,30.2,47.0,Critical,0,Normal Pattern,100,High,Critical Cold-Storage Failure,Critical Cold-Storage Failure
2026-08-14 12:03:05,ESP32_ROOM_1,ESP32,External,ESP32_ROOM_1,30.2,47.0,-,0,Security Event,0,Low,Continue monitoring and maintain secure sensor authentication,Valid ESP32 HMAC Reading,Valid ESP32 HMAC Reading,200
2026-08-14 12:03:05,Real ESP32 Room Sensor,temperature_humidity_sensor,Demo Room,30.2,47.0,Critical,0,Normal Pattern,100,High,Critical Cold-Storage Failure,Critical Cold-Storage Failure
2026-08-14 12:03:08,ESP32_ROOM_1,ESP32,External,ESP32_ROOM_1,30.2,47.0,-,0,Security Event,0,Low,Continue monitoring and maintain secure sensor authentication,Valid ESP32 HMAC Reading,Valid ESP32 HMAC Reading,200
2026-08-14 12:03:08,Real ESP32 Room Sensor,temperature_humidity_sensor,Demo Room,30.2,47.0,Critical,0,Normal Pattern,100,High,Critical Cold-Storage Failure,Critical Cold-Storage Failure
2026-08-14 12:03:10,ESP32_ROOM_1,ESP32,External,ESP32_ROOM_1,30.2,47.0,-,0,Security Event,0,Low,Continue monitoring and maintain secure sensor authentication,Valid ESP32 HMAC Reading,Valid ESP32 HMAC Reading,200
2026-08-14 12:03:10,Real ESP32 Room Sensor,temperature_humidity_sensor,Demo Room,30.2,47.0,Critical,0,Normal Pattern,100,High,Critical Cold-Storage Failure,Critical Cold-Storage Failure
2026-08-14 12:03:12,ESP32_ROOM_1,ESP32,External,ESP32_ROOM_1,30.2,47.0,-,0,Security Event,0,Low,Continue monitoring and maintain secure sensor authentication,Valid ESP32 HMAC Reading,Valid ESP32 HMAC Reading,200
2026-08-14 12:03:12,Real ESP32 Room Sensor,temperature_humidity_sensor,Demo Room,30.2,47.0,Critical,0,Normal Pattern,100,High,Critical Cold-Storage Failure,Critical Cold-Storage Failure
2026-08-14 12:03:15,ESP32_ROOM_1,ESP32,External,ESP32_ROOM_1,30.2,47.0,-,0,Security Event,0,Low,Continue monitoring and maintain secure sensor authentication,Valid ESP32 HMAC Reading,Valid ESP32 HMAC Reading,200
2026-08-14 12:03:15,Real ESP32 Room Sensor,temperature_humidity_sensor,Demo Room,30.2,47.0,Critical,0,Normal Pattern,100,High,Critical Cold-Storage Failure,Critical Cold-Storage Failure
2026-08-14 12:03:17,ESP32_ROOM_1,ESP32,External,ESP32_ROOM_1,30.2,47.0,-,0,Security Event,0,Low,Continue monitoring and maintain secure sensor authentication,Valid ESP32 HMAC Reading,Valid ESP32 HMAC Reading,200
2026-08-14 12:03:17,Real ESP32 Room Sensor,temperature_humidity_sensor,Demo Room,30.2,47.0,Critical,0,Normal Pattern,100,High,Critical Cold-Storage Failure,Critical Cold-Storage Failure
2026-08-14 12:03:19,ESP32_ROOM_1,ESP32,External,ESP32_ROOM_1,30.2,47.0,-,0,Security Event,0,Low,Continue monitoring and maintain secure sensor authentication,Valid ESP32 HMAC Reading,Valid ESP32 HMAC Reading,200
2026-08-14 12:03:20,Real ESP32 Room Sensor,temperature_humidity_sensor,Demo Room,30.2,47.0,Critical,0,Normal Pattern,100,High,Critical Cold-Storage Failure,Critical Cold-Storage Failure
2026-08-14 12:03:22,ESP32_ROOM_1,ESP32,External,ESP32_ROOM_1,30.2,47.0,-,0,Security Event,0,Low,Continue monitoring and maintain secure sensor authentication,Valid ESP32 HMAC Reading,Valid ESP32 HMAC Reading,200
2026-08-14 12:03:22,Real ESP32 Room Sensor,temperature_humidity_sensor,Demo Room,30.2,47.0,Critical,0,Normal Pattern,100,High,Critical Cold-Storage Failure,Critical Cold-Storage Failure
2026-08-14 12:03:24,ESP32_ROOM_1,ESP32,External,ESP32_ROOM_1,30.2,47.0,-,0,Security Event,0,Low,Continue monitoring and maintain secure sensor authentication,Valid ESP32 HMAC Reading,Valid ESP32 HMAC Reading,200
2026-08-14 12:03:24,Real ESP32 Room Sensor,temperature_humidity_sensor,Demo Room,30.2,47.0,Critical,0,Normal Pattern,100,High,Critical Cold-Storage Failure,Critical Cold-Storage Failure
2026-08-14 12:03:26,ESP32_ROOM_1,ESP32,External,ESP32_ROOM_1,30.2,47.0,-,0,Security Event,0,Low,Continue monitoring and maintain secure sensor authentication,Valid ESP32 HMAC Reading,Valid ESP32 HMAC Reading,200
2026-08-14 12:03:26,Real ESP32 Room Sensor,temperature_humidity_sensor,Demo Room,30.2,47.0,Critical,0,Normal Pattern,100,High,Critical Cold-Storage Failure,Critical Cold-Storage Failure
2026-08-14 12:03:29,ESP32_ROOM_1,ESP32,External,ESP32_ROOM_1,30.2,47.0,-,0,Security Event,0,Low,Continue monitoring and maintain secure sensor authentication,Valid ESP32 HMAC Reading,Valid ESP32 HMAC Reading,200
2026-08-14 12:03:29,Real ESP32 Room Sensor,temperature_humidity_sensor,Demo Room,30.2,47.0,Critical,0,Normal Pattern,100,High,Critical Cold-Storage Failure,Critical Cold-Storage Failure
2026-08-14 12:03:31,ESP32_ROOM_1,ESP32,External,ESP32_ROOM_1,30.2,47.0,-,0,Security Event,0,Low,Continue monitoring and maintain secure sensor authentication,Valid ESP32 HMAC Reading,Valid ESP32 HMAC Reading,200
2026-08-14 12:03:31,Real ESP32 Room Sensor,temperature_humidity_sensor,Demo Room,30.2,47.0,Critical,0,Normal Pattern,100,High,Critical Cold-Storage Failure,Critical Cold-Storage Failure
2026-08-14 12:03:34,ESP32_ROOM_1,ESP32,External,ESP32_ROOM_1,30.2,47.0,-,0,Security Event,0,Low,Continue monitoring and maintain secure sensor authentication,Valid ESP32 HMAC Reading,Valid ESP32 HMAC Reading,200
2026-08-14 12:03:34,Real ESP32 Room Sensor,temperature_humidity_sensor,Demo Room,30.2,47.0,Critical,0,Normal Pattern,100,High,Critical Cold-Storage Failure,Critical Cold-Storage Failure
2026-08-14 12:03:36,ESP32_ROOM_1,ESP32,External,ESP32_ROOM_1,30.2,47.0,-,0,Security Event,0,Low,Continue monitoring and maintain secure sensor authentication,Valid ESP32 HMAC Reading,Valid ESP32 HMAC Reading,200
2026-08-14 12:03:36,Real ESP32 Room Sensor,temperature_humidity_sensor,Demo Room,30.2,47.0,Critical,0,Normal Pattern,100,High,Critical Cold-Storage Failure,Critical Cold-Storage Failure
2026-08-14 12:03:38,ESP32_ROOM_1,ESP32,External,ESP32_ROOM_1,30.2,47.0,-,0,Security Event,0,Low,Continue monitoring and maintain secure sensor authentication,Valid ESP32 HMAC Reading,Valid ESP32 HMAC Reading,200
2026-08-14 12:03:38,Real ESP32 Room Sensor,temperature_humidity_sensor,Demo Room,30.2,47.0,Critical,0,Normal Pattern,100,High,Critical Cold-Storage Failure,Critical Cold-Storage Failure
2026-08-14 12:03:40,ESP32_ROOM_1,ESP32,External,ESP32_ROOM_1,30.2,47.0,-,0,Security Event,0,Low,Continue monitoring and maintain secure sensor authentication,Valid ESP32 HMAC Reading,Valid ESP32 HMAC Reading,200
2026-08-14 12:03:41,Real ESP32 Room Sensor,temperature_humidity_sensor,Demo Room,30.2,47.0,Critical,0,Normal Pattern,100,High,Critical Cold-Storage Failure,Critical Cold-Storage Failure
2026-08-14 12:03:43,ESP32_ROOM_1,ESP32,External,ESP32_ROOM_1,30.2,47.0,-,0,Security Event,0,Low,Continue monitoring and maintain secure sensor authentication,Valid ESP32 HMAC Reading,Valid ESP32 HMAC Reading,200
2026-08-14 12:03:43,Real ESP32 Room Sensor,temperature_humidity_sensor,Demo Room,30.2,47.0,Critical,0,Normal Pattern,100,High,Critical Cold-Storage Failure,Critical Cold-Storage Failure
2026-08-14 12:03:45,ESP32_ROOM_1,ESP32,External,ESP32_ROOM_1,30.2,47.0,-,0,Security Event,0,Low,Continue monitoring and maintain secure sensor authentication,Valid ESP32 HMAC Reading,Valid ESP32 HMAC Reading,200
2026-08-14 12:03:45,Real ESP32 Room Sensor,temperature_humidity_sensor,Demo Room,30.2,47.0,Critical,0,Normal Pattern,100,High,Critical Cold-Storage Failure,Critical Cold-Storage Failure
2026-08-14 12:03:48,ESP32_ROOM_1,ESP32,External,ESP32_ROOM_1,30.2,47.0,-,0,Security Event,0,Low,Continue monitoring and maintain secure sensor authentication,Valid ESP32 HMAC Reading,Valid ESP32 HMAC Reading,200
2026-08-14 12:03:48,Real ESP32 Room Sensor,temperature_humidity_sensor,Demo Room,30.2,47.0,Critical,0,Normal Pattern,100,High,Critical Cold-Storage Failure,Critical Cold-Storage Failure
2026-08-14 12:03:50,ESP32_ROOM_1,ESP32,External,ESP32_ROOM_1,30.2,47.0,-,0,Security Event,0,Low,Continue monitoring and maintain secure sensor authentication,Valid ESP32 HMAC Reading,Valid ESP32 HMAC Reading,200
2026-08-14 12:03:50,Real ESP32 Room Sensor,temperature_humidity_sensor,Demo Room,30.2,47.0,Critical,0,Normal Pattern,100,High,Critical Cold-Storage Failure,Critical Cold-Storage Failure
2026-08-14 12:03:52,ESP32_ROOM_1,ESP32,External,ESP32_ROOM_1,30.2,47.0,-,0,Security Event,0,Low,Continue monitoring and maintain secure sensor authentication,Valid ESP32 HMAC Reading,Valid ESP32 HMAC Reading,200
2026-08-14 12:03:52,Real ESP32 Room Sensor,temperature_humidity_sensor,Demo Room,30.2,47.0,Critical,0,Normal Pattern,100,High,Critical Cold-Storage Failure,Critical Cold-Storage Failure
2026-08-14 12:03:55,ESP32_ROOM_1,ESP32,External,ESP32_ROOM_1,30.2,47.0,-,0,Security Event,0,Low,Continue monitoring and maintain secure sensor authentication,Valid ESP32 HMAC Reading,Valid ESP32 HMAC Reading,200
2026-08-14 12:03:55,Real ESP32 Room Sensor,temperature_humidity_sensor,Demo Room,30.2,47.0,Critical,0,Normal Pattern,100,High,Critical Cold-Storage Failure,Critical Cold-Storage Failure
2026-08-14 12:03:57,ESP32_ROOM_1,ESP32,External,ESP32_ROOM_1,30.2,47.0,-,0,Security Event,0,Low,Continue monitoring and maintain secure sensor authentication,Valid ESP32 HMAC Reading,Valid ESP32 HMAC Reading,200
2026-08-14 12:03:57,Real ESP32 Room Sensor,temperature_humidity_sensor,Demo Room,30.2,47.0,Critical,0,Normal Pattern,100,High,Critical Cold-Storage Failure,Critical Cold-Storage Failure
2026-08-14 12:03:59,ESP32_ROOM_1,ESP32,External,ESP32_ROOM_1,30.2,47.0,-,0,Security Event,0,Low,Continue monitoring and maintain secure sensor authentication,Valid ESP32 HMAC Reading,Valid ESP32 HMAC Reading,200
2026-08-14 12:03:59,Real ESP32 Room Sensor,temperature_humidity_sensor,Demo Room,30.2,47.0,Critical,0,Normal Pattern,100,High,Critical Cold-Storage Failure,Critical Cold-Storage Failure
2026-08-14 12:04:02,ESP32_ROOM_1,ESP32,External,ESP32_ROOM_1,30.2,47.0,-,0,Security Event,0,Low,Continue monitoring and maintain secure sensor authentication,Valid ESP32 HMAC Reading,Valid ESP32 HMAC Reading,200
2026-08-14 12:04:02,Real ESP32 Room Sensor,temperature_humidity_sensor,Demo Room,30.2,47.0,Critical,0,Normal Pattern,100,High,Critical Cold-Storage Failure,Critical Cold-Storage Failure
2026-08-14 12:04:04,ESP32_ROOM_1,ESP32,External,ESP32_ROOM_1,30.2,47.0,-,0,Security Event,0,Low,Continue monitoring and maintain secure sensor authentication,Valid ESP32 HMAC Reading,Valid ESP32 HMAC Reading,200
2026-08-14 12:04:04,Real ESP32 Room Sensor,temperature_humidity_sensor,Demo Room,30.2,47.0,Critical,0,Normal Pattern,100,High,Critical Cold-Storage Failure,Critical Cold-Storage Failure
2026-08-14 12:04:06,ESP32_ROOM_1,ESP32,External,ESP32_ROOM_1,30.2,46.0,-,0,Security Event,0,Low,Continue monitoring and maintain secure sensor authentication,Valid ESP32 HMAC Reading,Valid ESP32 HMAC Reading,200
2026-08-14 12:04:06,Real ESP32 Room Sensor,temperature_humidity_sensor,Demo Room,30.2,46.0,Critical,0,Normal Pattern,100,High,Critical Cold-Storage Failure,Critical Cold-Storage Failure
2026-08-14 12:04:09,ESP32_ROOM_1,ESP32,External,ESP32_ROOM_1,30.2,47.0,-,0,Security Event,0,Low,Continue monitoring and maintain secure sensor authentication,Valid ESP32 HMAC Reading,Valid ESP32 HMAC Reading,200
2026-08-14 12:04:09,Real ESP32 Room Sensor,temperature_humidity_sensor,Demo Room,30.2,47.0,Critical,0,Normal Pattern,100,High,Critical Cold-Storage Failure,Critical Cold-Storage Failure
2026-08-14 12:04:11,ESP32_ROOM_1,ESP32,External,ESP32_ROOM_1,30.2,47.0,-,0,Security Event,0,Low,Continue monitoring and maintain secure sensor authentication,Valid ESP32 HMAC Reading,Valid ESP32 HMAC Reading,200
2026-08-14 12:04:11,Real ESP32 Room Sensor,temperature_humidity_sensor,Demo Room,30.2,47.0,Critical,0,Normal Pattern,100,High,Critical Cold-Storage Failure,Critical Cold-Storage Failure
2026-08-14 12:04:13,ESP32_ROOM_1,ESP32,External,ESP32_ROOM_1,30.2,47.0,-,0,Security Event,0,Low,Continue monitoring and maintain secure sensor authentication,Valid ESP32 HMAC Reading,Valid ESP32 HMAC Reading,200
2026-08-14 12:04:13,Real ESP32 Room Sensor,temperature_humidity_sensor,Demo Room,30.2,47.0,Critical,0,Normal Pattern,100,High,Critical Cold-Storage Failure,Critical Cold-Storage Failure
2026-08-14 12:04:16,ESP32_ROOM_1,ESP32,External,ESP32_ROOM_1,30.2,47.0,-,0,Security Event,0,Low,Continue monitoring and maintain secure sensor authentication,Valid ESP32 HMAC Reading,Valid ESP32 HMAC Reading,200
2026-08-14 12:04:16,Real ESP32 Room Sensor,temperature_humidity_sensor,Demo Room,30.2,47.0,Critical,0,Normal Pattern,100,High,Critical Cold-Storage Failure,Critical Cold-Storage Failure
2026-08-14 12:04:18,ESP32_ROOM_1,ESP32,External,ESP32_ROOM_1,30.2,47.0,-,0,Security Event,0,Low,Continue monitoring and maintain secure sensor authentication,Valid ESP32 HMAC Reading,Valid ESP32 HMAC Reading,200
2026-08-14 12:04:18,Real ESP32 Room Sensor,temperature_humidity_sensor,Demo Room,30.2,47.0,Critical,0,Normal Pattern,100,High,Critical Cold-Storage Failure,Critical Cold-Storage Failure
2026-08-14 12:04:20,ESP32_ROOM_1,ESP32,External,ESP32_ROOM_1,30.2,47.0,-,0,Security Event,0,Low,Continue monitoring and maintain secure sensor authentication,Valid ESP32 HMAC Reading,Valid ESP32 HMAC Reading,200
2026-08-14 12:04:20,Real ESP32 Room Sensor,temperature_humidity_sensor,Demo Room,30.2,47.0,Critical,0,Normal Pattern,100,High,Critical Cold-Storage Failure,Critical Cold-Storage Failure
2026-08-14 12:04:22,ESP32_ROOM_1,ESP32,External,ESP32_ROOM_1,30.2,47.0,-,0,Security Event,0,Low,Continue monitoring and maintain secure sensor authentication,Valid ESP32 HMAC Reading,Valid ESP32 HMAC Reading,200
2026-08-14 12:04:22,Real ESP32 Room Sensor,temperature_humidity_sensor,Demo Room,30.2,47.0,Critical,0,Normal Pattern,100,High,Critical Cold-Storage Failure,Critical Cold-Storage Failure
2026-08-14 12:04:25,ESP32_ROOM_1,ESP32,External,ESP32_ROOM_1,30.2,47.0,-,0,Security Event,0,Low,Continue monitoring and maintain secure sensor authentication,Valid ESP32 HMAC Reading,Valid ESP32 HMAC Reading,200
2026-08-14 12:04:25,Real ESP32 Room Sensor,temperature_humidity_sensor,Demo Room,30.2,47.0,Critical,0,Normal Pattern,100,High,Critical Cold-Storage Failure,Critical Cold-Storage Failure
2026-08-14 12:04:27,ESP32_ROOM_1,ESP32,External,ESP32_ROOM_1,30.2,47.0,-,0,Security Event,0,Low,Continue monitoring and maintain secure sensor authentication,Valid ESP32 HMAC Reading,Valid ESP32 HMAC Reading,200
2026-08-14 12:04:27,Real ESP32 Room Sensor,temperature_humidity_sensor,Demo Room,30.2,47.0,Critical,0,Normal Pattern,100,High,Critical Cold-Storage Failure,Critical Cold-Storage Failure
2026-08-14 12:04:29,ESP32_ROOM_1,ESP32,External,ESP32_ROOM_1,30.2,47.0,-,0,Security Event,0,Low,Continue monitoring and maintain secure sensor authentication,Valid ESP32 HMAC Reading,Valid ESP32 HMAC Reading,200
2026-08-14 12:04:29,Real ESP32 Room Sensor,temperature_humidity_sensor,Demo Room,30.2,47.0,Critical,0,Normal Pattern,100,High,Critical Cold-Storage Failure,Critical Cold-Storage Failure
2026-08-14 12:04:32,ESP32_ROOM_1,ESP32,External,ESP32_ROOM_1,30.2,47.0,-,0,Security Event,0,Low,Continue monitoring and maintain secure sensor authentication,Valid ESP32 HMAC Reading,Valid ESP32 HMAC Reading,200
2026-08-14 12:04:32,Real ESP32 Room Sensor,temperature_humidity_sensor,Demo Room,30.2,47.0,Critical,0,Normal Pattern,100,High,Critical Cold-Storage Failure,Critical Cold-Storage Failure
2026-08-14 12:04:34,ESP32_ROOM_1,ESP32,External,ESP32_ROOM_1,30.2,47.0,-,0,Security Event,0,Low,Continue monitoring and maintain secure sensor authentication,Valid ESP32 HMAC Reading,Valid ESP32 HMAC Reading,200
2026-08-14 12:04:34,Real ESP32 Room Sensor,temperature_humidity_sensor,Demo Room,30.2,47.0,Critical,0,Normal Pattern,100,High,Critical Cold-Storage Failure,Critical Cold-Storage Failure
2026-08-14 12:04:37,ESP32_ROOM_1,ESP32,External,ESP32_ROOM_1,30.2,47.0,-,0,Security Event,0,Low,Continue monitoring and maintain secure sensor authentication,Valid ESP32 HMAC Reading,Valid ESP32 HMAC Reading,200
2026-08-14 12:04:37,Real ESP32 Room Sensor,temperature_humidity_sensor,Demo Room,30.2,47.0,Critical,0,Normal Pattern,100,High,Critical Cold-Storage Failure,Critical Cold-Storage Failure
2026-08-14 12:04:39,ESP32_ROOM_1,ESP32,External,ESP32_ROOM_1,30.2,47.0,-,0,Security Event,0,Low,Continue monitoring and maintain secure sensor authentication,Valid ESP32 HMAC Reading,Valid ESP32 HMAC Reading,200
2026-08-14 12:04:39,Real ESP32 Room Sensor,temperature_humidity_sensor,Demo Room,30.2,47.0,Critical,0,Normal Pattern,100,High,Critical Cold-Storage Failure,Critical Cold-Storage Failure
2026-08-14 12:04:41,ESP32_ROOM_1,ESP32,External,ESP32_ROOM_1,30.2,47.0,-,0,Security Event,0,Low,Continue monitoring and maintain secure sensor authentication,Valid ESP32 HMAC Reading,Valid ESP32 HMAC Reading,200
2026-08-14 12:04:41,Real ESP32 Room Sensor,temperature_humidity_sensor,Demo Room,30.2,47.0,Critical,0,Normal Pattern,100,High,Critical Cold-Storage Failure,Critical Cold-Storage Failure
2026-08-14 12:04:44,ESP32_ROOM_1,ESP32,External,ESP32_ROOM_1,30.2,47.0,-,0,Security Event,0,Low,Continue monitoring and maintain secure sensor authentication,Valid ESP32 HMAC Reading,Valid ESP32 HMAC Reading,200
2026-08-14 12:04:44,Real ESP32 Room Sensor,temperature_humidity_sensor,Demo Room,30.2,47.0,Critical,0,Normal Pattern,100,High,Critical Cold-Storage Failure,Critical Cold-Storage Failure
2026-08-14 12:04:46,ESP32_ROOM_1,ESP32,External,ESP32_ROOM_1,30.2,46.0,-,0,Security Event,0,Low,Continue monitoring and maintain secure sensor authentication,Valid ESP32 HMAC Reading,Valid ESP32 HMAC Reading,200
2026-08-14 12:04:46,Real ESP32 Room Sensor,temperature_humidity_sensor,Demo Room,30.2,46.0,Critical,0,Normal Pattern,100,High,Critical Cold-Storage Failure,Critical Cold-Storage Failure
2026-08-14 12:04:48,ESP32_ROOM_1,ESP32,External,ESP32_ROOM_1,30.2,46.0,-,0,Security Event,0,Low,Continue monitoring and maintain secure sensor authentication,Valid ESP32 HMAC Reading,Valid ESP32 HMAC Reading,200
2026-08-14 12:04:48,Real ESP32 Room Sensor,temperature_humidity_sensor,Demo Room,30.2,46.0,Critical,0,Normal Pattern,100,High,Critical Cold-Storage Failure,Critical Cold-Storage Failure
2026-08-14 12:04:50,ESP32_ROOM_1,ESP32,External,ESP32_ROOM_1,30.2,46.0,-,0,Security Event,0,Low,Continue monitoring and maintain secure sensor authentication,Valid ESP32 HMAC Reading,Valid ESP32 HMAC Reading,200
2026-08-14 12:04:50,Real ESP32 Room Sensor,temperature_humidity_sensor,Demo Room,30.2,46.0,Critical,0,Normal Pattern,100,High,Critical Cold-Storage Failure,Critical Cold-Storage Failure
2026-08-14 12:04:53,ESP32_ROOM_1,ESP32,External,ESP32_ROOM_1,30.2,46.0,-,0,Security Event,0,Low,Continue monitoring and maintain secure sensor authentication,Valid ESP32 HMAC Reading,Valid ESP32 HMAC Reading,200
2026-08-14 12:04:53,Real ESP32 Room Sensor,temperature_humidity_sensor,Demo Room,30.2,46.0,Critical,0,Normal Pattern,100,High,Critical Cold-Storage Failure,Critical Cold-Storage Failure
2026-08-14 12:04:55,ESP32_ROOM_1,ESP32,External,ESP32_ROOM_1,30.2,46.0,-,0,Security Event,0,Low,Continue monitoring and maintain secure sensor authentication,Valid ESP32 HMAC Reading,Valid ESP32 HMAC Reading,200
2026-08-14 12:04:55,Real ESP32 Room Sensor,temperature_humidity_sensor,Demo Room,30.2,46.0,Critical,0,Normal Pattern,100,High,Critical Cold-Storage Failure,Critical Cold-Storage Failure
2026-08-14 12:04:58,ESP32_ROOM_1,ESP32,External,ESP32_ROOM_1,30.2,46.0,-,0,Security Event,0,Low,Continue monitoring and maintain secure sensor authentication,Valid ESP32 HMAC Reading,Valid ESP32 HMAC Reading,200
2026-08-14 12:04:58,Real ESP32 Room Sensor,temperature_humidity_sensor,Demo Room,30.2,46.0,Critical,0,Normal Pattern,100,High,Critical Cold-Storage Failure,Critical Cold-Storage Failure
2026-08-14 12:05:00,ESP32_ROOM_1,ESP32,External,ESP32_ROOM_1,30.2,46.0,-,0,Security Event,0,Low,Continue monitoring and maintain secure sensor authentication,Valid ESP32 HMAC Reading,Valid ESP32 HMAC Reading,200
2026-08-14 12:05:00,Real ESP32 Room Sensor,temperature_humidity_sensor,Demo Room,30.2,46.0,Critical,0,Normal Pattern,100,High,Critical Cold-Storage Failure,Critical Cold-Storage Failure
2026-08-14 12:05:02,ESP32_ROOM_1,ESP32,External,ESP32_ROOM_1,30.2,46.0,-,0,Security Event,0,Low,Continue monitoring and maintain secure sensor authentication,Valid ESP32 HMAC Reading,Valid ESP32 HMAC Reading,200
2026-08-14 12:05:02,Real ESP32 Room Sensor,temperature_humidity_sensor,Demo Room,30.2,46.0,Critical,0,Normal Pattern,100,High,Critical Cold-Storage Failure,Critical Cold-Storage Failure
2026-08-14 12:05:05,ESP32_ROOM_1,ESP32,External,ESP32_ROOM_1,30.2,46.0,-,0,Security Event,0,Low,Continue monitoring and maintain secure sensor authentication,Valid ESP32 HMAC Reading,Valid ESP32 HMAC Reading,200
2026-08-14 12:05:05,Real ESP32 Room Sensor,temperature_humidity_sensor,Demo Room,30.2,46.0,Critical,0,Normal Pattern,100,High,Critical Cold-Storage Failure,Critical Cold-Storage Failure
2026-08-14 12:05:07,ESP32_ROOM_1,ESP32,External,ESP32_ROOM_1,30.2,46.0,-,0,Security Event,0,Low,Continue monitoring and maintain secure sensor authentication,Valid ESP32 HMAC Reading,Valid ESP32 HMAC Reading,200
2026-08-14 12:05:07,Real ESP32 Room Sensor,temperature_humidity_sensor,Demo Room,30.2,46.0,Critical,0,Normal Pattern,100,High,Critical Cold-Storage Failure,Critical Cold-Storage Failure
2026-08-14 12:05:09,ESP32_ROOM_1,ESP32,External,ESP32_ROOM_1,30.2,46.0,-,0,Security Event,0,Low,Continue monitoring and maintain secure sensor authentication,Valid ESP32 HMAC Reading,Valid ESP32 HMAC Reading,200
2026-08-14 12:05:09,Real ESP32 Room Sensor,temperature_humidity_sensor,Demo Room,30.2,46.0,Critical,0,Normal Pattern,100,High,Critical Cold-Storage Failure,Critical Cold-Storage Failure
2026-08-14 12:05:11,ESP32_ROOM_1,ESP32,External,ESP32_ROOM_1,30.2,46.0,-,0,Security Event,0,Low,Continue monitoring and maintain secure sensor authentication,Valid ESP32 HMAC Reading,Valid ESP32 HMAC Reading,200
2026-08-14 12:05:11,Real ESP32 Room Sensor,temperature_humidity_sensor,Demo Room,30.2,46.0,Critical,0,Normal Pattern,100,High,Critical Cold-Storage Failure,Critical Cold-Storage Failure
2026-08-14 12:05:14,ESP32_ROOM_1,ESP32,External,ESP32_ROOM_1,30.2,46.0,-,0,Security Event,0,Low,Continue monitoring and maintain secure sensor authentication,Valid ESP32 HMAC Reading,Valid ESP32 HMAC Reading,200
2026-08-14 12:05:14,Real ESP32 Room Sensor,temperature_humidity_sensor,Demo Room,30.2,46.0,Critical,0,Normal Pattern,100,High,Critical Cold-Storage Failure,Critical Cold-Storage Failure
2026-08-14 12:05:16,ESP32_ROOM_1,ESP32,External,ESP32_ROOM_1,30.2,46.0,-,0,Security Event,0,Low,Continue monitoring and maintain secure sensor authentication,Valid ESP32 HMAC Reading,Valid ESP32 HMAC Reading,200
2026-08-14 12:05:16,Real ESP32 Room Sensor,temperature_humidity_sensor,Demo Room,30.2,46.0,Critical,0,Normal Pattern,100,High,Critical Cold-Storage Failure,Critical Cold-Storage Failure
2026-08-14 12:05:18,ESP32_ROOM_1,ESP32,External,ESP32_ROOM_1,30.2,46.0,-,0,Security Event,0,Low,Continue monitoring and maintain secure sensor authentication,Valid ESP32 HMAC Reading,Valid ESP32 HMAC Reading,200
2026-08-14 12:05:18,Real ESP32 Room Sensor,temperature_humidity_sensor,Demo Room,30.2,46.0,Critical,0,Normal Pattern,100,High,Critical Cold-Storage Failure,Critical Cold-Storage Failure
2026-08-14 12:05:21,ESP32_ROOM_1,ESP32,External,ESP32_ROOM_1,30.2,46.0,-,0,Security Event,0,Low,Continue monitoring and maintain secure sensor authentication,Valid ESP32 HMAC Reading,Valid ESP32 HMAC Reading,200
2026-08-14 12:05:21,Real ESP32 Room Sensor,temperature_humidity_sensor,Demo Room,30.2,46.0,Critical,0,Normal Pattern,100,High,Critical Cold-Storage Failure,Critical Cold-Storage Failure
2026-08-14 12:05:23,ESP32_ROOM_1,ESP32,External,ESP32_ROOM_1,30.2,46.0,-,0,Security Event,0,Low,Continue monitoring and maintain secure sensor authentication,Valid ESP32 HMAC Reading,Valid ESP32 HMAC Reading,200
2026-08-14 12:05:23,Real ESP32 Room Sensor,temperature_humidity_sensor,Demo Room,30.2,46.0,Critical,0,Normal Pattern,100,High,Critical Cold-Storage Failure,Critical Cold-Storage Failure
2026-08-14 12:05:25,ESP32_ROOM_1,ESP32,External,ESP32_ROOM_1,30.2,46.0,-,0,Security Event,0,Low,Continue monitoring and maintain secure sensor authentication,Valid ESP32 HMAC Reading,Valid ESP32 HMAC Reading,200
2026-08-14 12:05:25,Real ESP32 Room Sensor,temperature_humidity_sensor,Demo Room,30.2,46.0,Critical,0,Normal Pattern,100,High,Critical Cold-Storage Failure,Critical Cold-Storage Failure
2026-08-14 12:05:27,ESP32_ROOM_1,ESP32,External,ESP32_ROOM_1,30.2,46.0,-,0,Security Event,0,Low,Continue monitoring and maintain secure sensor authentication,Valid ESP32 HMAC Reading,Valid ESP32 HMAC Reading,200
2026-08-14 12:05:27,Real ESP32 Room Sensor,temperature_humidity_sensor,Demo Room,30.2,46.0,Critical,0,Normal Pattern,100,High,Critical Cold-Storage Failure,Critical Cold-Storage Failure
2026-08-14 12:05:30,ESP32_ROOM_1,ESP32,External,ESP32_ROOM_1,30.2,46.0,-,0,Security Event,0,Low,Continue monitoring and maintain secure sensor authentication,Valid ESP32 HMAC Reading,Valid ESP32 HMAC Reading,200
2026-08-14 12:05:30,Real ESP32 Room Sensor,temperature_humidity_sensor,Demo Room,30.2,46.0,Critical,0,Normal Pattern,100,High,Critical Cold-Storage Failure,Critical Cold-Storage Failure
2026-08-14 12:05:32,ESP32_ROOM_1,ESP32,External,ESP32_ROOM_1,30.2,46.0,-,0,Security Event,0,Low,Continue monitoring and maintain secure sensor authentication,Valid ESP32 HMAC Reading,Valid ESP32 HMAC Reading,200
2026-08-14 12:05:32,Real ESP32 Room Sensor,temperature_humidity_sensor,Demo Room,30.2,46.0,Critical,0,Normal Pattern,100,High,Critical Cold-Storage Failure,Critical Cold-Storage Failure
2026-08-14 12:05:34,ESP32_ROOM_1,ESP32,External,ESP32_ROOM_1,30.2,47.0,-,0,Security Event,0,Low,Continue monitoring and maintain secure sensor authentication,Valid ESP32 HMAC Reading,Valid ESP32 HMAC Reading,200
2026-08-14 12:05:34,Real ESP32 Room Sensor,temperature_humidity_sensor,Demo Room,30.2,47.0,Critical,0,Normal Pattern,100,High,Critical Cold-Storage Failure,Critical Cold-Storage Failure
2026-08-14 12:05:37,ESP32_ROOM_1,ESP32,External,ESP32_ROOM_1,30.2,47.0,-,0,Security Event,0,Low,Continue monitoring and maintain secure sensor authentication,Valid ESP32 HMAC Reading,Valid ESP32 HMAC Reading,200
2026-08-14 12:05:37,Real ESP32 Room Sensor,temperature_humidity_sensor,Demo Room,30.2,47.0,Critical,0,Normal Pattern,100,High,Critical Cold-Storage Failure,Critical Cold-Storage Failure
2026-08-14 12:05:39,ESP32_ROOM_1,ESP32,External,ESP32_ROOM_1,30.2,47.0,-,0,Security Event,0,Low,Continue monitoring and maintain secure sensor authentication,Valid ESP32 HMAC Reading,Valid ESP32 HMAC Reading,200
2026-08-14 12:05:39,Real ESP32 Room Sensor,temperature_humidity_sensor,Demo Room,30.2,47.0,Critical,0,Normal Pattern,100,High,Critical Cold-Storage Failure,Critical Cold-Storage Failure
2026-08-14 12:05:41,ESP32_ROOM_1,ESP32,External,ESP32_ROOM_1,30.2,46.0,-,0,Security Event,0,Low,Continue monitoring and maintain secure sensor authentication,Valid ESP32 HMAC Reading,Valid ESP32 HMAC Reading,200
2026-08-14 12:05:41,Real ESP32 Room Sensor,temperature_humidity_sensor,Demo Room,30.2,46.0,Critical,0,Normal Pattern,100,High,Critical Cold-Storage Failure,Critical Cold-Storage Failure
2026-08-14 12:05:44,ESP32_ROOM_1,ESP32,External,ESP32_ROOM_1,30.2,46.0,-,0,Security Event,0,Low,Continue monitoring and maintain secure sensor authentication,Valid ESP32 HMAC Reading,Valid ESP32 HMAC Reading,200
2026-08-14 12:05:44,Real ESP32 Room Sensor,temperature_humidity_sensor,Demo Room,30.2,46.0,Critical,0,Normal Pattern,100,High,Critical Cold-Storage Failure,Critical Cold-Storage Failure
2026-08-14 12:05:46,ESP32_ROOM_1,ESP32,External,ESP32_ROOM_1,30.2,46.0,-,0,Security Event,0,Low,Continue monitoring and maintain secure sensor authentication,Valid ESP32 HMAC Reading,Valid ESP32 HMAC Reading,200
2026-08-14 12:05:46,Real ESP32 Room Sensor,temperature_humidity_sensor,Demo Room,30.2,46.0,Critical,0,Normal Pattern,100,High,Critical Cold-Storage Failure,Critical Cold-Storage Failure
2026-08-14 12:05:48,ESP32_ROOM_1,ESP32,External,ESP32_ROOM_1,30.2,46.0,-,0,Security Event,0,Low,Continue monitoring and maintain secure sensor authentication,Valid ESP32 HMAC Reading,Valid ESP32 HMAC Reading,200
2026-08-14 12:05:49,Real ESP32 Room Sensor,temperature_humidity_sensor,Demo Room,30.2,46.0,Critical,0,Normal Pattern,100,High,Critical Cold-Storage Failure,Critical Cold-Storage Failure
2026-08-14 12:05:51,ESP32_ROOM_1,ESP32,External,ESP32_ROOM_1,30.2,46.0,-,0,Security Event,0,Low,Continue monitoring and maintain secure sensor authentication,Valid ESP32 HMAC Reading,Valid ESP32 HMAC Reading,200
2026-08-14 12:05:51,Real ESP32 Room Sensor,temperature_humidity_sensor,Demo Room,30.2,46.0,Critical,0,Normal Pattern,100,High,Critical Cold-Storage Failure,Critical Cold-Storage Failure
2026-08-14 12:05:53,ESP32_ROOM_1,ESP32,External,ESP32_ROOM_1,30.2,46.0,-,0,Security Event,0,Low,Continue monitoring and maintain secure sensor authentication,Valid ESP32 HMAC Reading,Valid ESP32 HMAC Reading,200
2026-08-14 12:05:53,Real ESP32 Room Sensor,temperature_humidity_sensor,Demo Room,30.2,46.0,Critical,0,Normal Pattern,100,High,Critical Cold-Storage Failure,Critical Cold-Storage Failure
2026-08-14 12:05:55,ESP32_ROOM_1,ESP32,External,ESP32_ROOM_1,30.2,46.0,-,0,Security Event,0,Low,Continue monitoring and maintain secure sensor authentication,Valid ESP32 HMAC Reading,Valid ESP32 HMAC Reading,200
2026-08-14 12:05:56,Real ESP32 Room Sensor,temperature_humidity_sensor,Demo Room,30.2,46.0,Critical,0,Normal Pattern,100,High,Critical Cold-Storage Failure,Critical Cold-Storage Failure
2026-08-14 12:06:01,ESP32_ROOM_1,ESP32,External,ESP32_ROOM_1,30.2,46.0,-,0,Security Event,0,Low,Continue monitoring and maintain secure sensor authentication,Valid ESP32 HMAC Reading,Valid ESP32 HMAC Reading,200
2026-08-14 12:06:01,Real ESP32 Room Sensor,temperature_humidity_sensor,Demo Room,30.2,46.0,Critical,0,Normal Pattern,100,High,Critical Cold-Storage Failure,Critical Cold-Storage Failure
2026-08-14 12:06:03,ESP32_ROOM_1,ESP32,External,ESP32_ROOM_1,30.2,46.0,-,0,Security Event,0,Low,Continue monitoring and maintain secure sensor authentication,Valid ESP32 HMAC Reading,Valid ESP32 HMAC Reading,200
2026-08-14 12:06:03,Real ESP32 Room Sensor,temperature_humidity_sensor,Demo Room,30.2,46.0,Critical,0,Normal Pattern,100,High,Critical Cold-Storage Failure,Critical Cold-Storage Failure
2026-08-14 12:06:06,ESP32_ROOM_1,ESP32,External,ESP32_ROOM_1,30.2,46.0,-,0,Security Event,0,Low,Continue monitoring and maintain secure sensor authentication,Valid ESP32 HMAC Reading,Valid ESP32 HMAC Reading,200
2026-08-14 12:06:06,Real ESP32 Room Sensor,temperature_humidity_sensor,Demo Room,30.2,46.0,Critical,0,Normal Pattern,100,High,Critical Cold-Storage Failure,Critical Cold-Storage Failure
2026-08-14 12:06:08,ESP32_ROOM_1,ESP32,External,ESP32_ROOM_1,30.2,46.0,-,0,Security Event,0,Low,Continue monitoring and maintain secure sensor authentication,Valid ESP32 HMAC Reading,Valid ESP32 HMAC Reading,200
2026-08-14 12:06:08,Real ESP32 Room Sensor,temperature_humidity_sensor,Demo Room,30.2,46.0,Critical,0,Normal Pattern,100,High,Critical Cold-Storage Failure,Critical Cold-Storage Failure
2026-08-14 12:06:10,ESP32_ROOM_1,ESP32,External,ESP32_ROOM_1,30.2,46.0,-,0,Security Event,0,Low,Continue monitoring and maintain secure sensor authentication,Valid ESP32 HMAC Reading,Valid ESP32 HMAC Reading,200
2026-08-14 12:06:11,Real ESP32 Room Sensor,temperature_humidity_sensor,Demo Room,30.2,46.0,Critical,0,Normal Pattern,100,High,Critical Cold-Storage Failure,Critical Cold-Storage Failure
2026-08-14 12:06:13,ESP32_ROOM_1,ESP32,External,ESP32_ROOM_1,30.2,46.0,-,0,Security Event,0,Low,Continue monitoring and maintain secure sensor authentication,Valid ESP32 HMAC Reading,Valid ESP32 HMAC Reading,200
2026-08-14 12:06:13,Real ESP32 Room Sensor,temperature_humidity_sensor,Demo Room,30.2,46.0,Critical,0,Normal Pattern,100,High,Critical Cold-Storage Failure,Critical Cold-Storage Failure
2026-08-14 12:06:15,ESP32_ROOM_1,ESP32,External,ESP32_ROOM_1,30.2,46.0,-,0,Security Event,0,Low,Continue monitoring and maintain secure sensor authentication,Valid ESP32 HMAC Reading,Valid ESP32 HMAC Reading,200
2026-08-14 12:06:15,Real ESP32 Room Sensor,temperature_humidity_sensor,Demo Room,30.2,46.0,Critical,0,Normal Pattern,100,High,Critical Cold-Storage Failure,Critical Cold-Storage Failure
2026-08-14 12:06:18,ESP32_ROOM_1,ESP32,External,ESP32_ROOM_1,30.2,46.0,-,0,Security Event,0,Low,Continue monitoring and maintain secure sensor authentication,Valid ESP32 HMAC Reading,Valid ESP32 HMAC Reading,200
2026-08-14 12:06:18,Real ESP32 Room Sensor,temperature_humidity_sensor,Demo Room,30.2,46.0,Critical,0,Normal Pattern,100,High,Critical Cold-Storage Failure,Critical Cold-Storage Failure
2026-08-14 12:06:20,ESP32_ROOM_1,ESP32,External,ESP32_ROOM_1,30.2,46.0,-,0,Security Event,0,Low,Continue monitoring and maintain secure sensor authentication,Valid ESP32 HMAC Reading,Valid ESP32 HMAC Reading,200
2026-08-14 12:06:20,Real ESP32 Room Sensor,temperature_humidity_sensor,Demo Room,30.2,46.0,Critical,0,Normal Pattern,100,High,Critical Cold-Storage Failure,Critical Cold-Storage Failure
2026-08-14 12:06:22,ESP32_ROOM_1,ESP32,External,ESP32_ROOM_1,30.2,46.0,-,0,Security Event,0,Low,Continue monitoring and maintain secure sensor authentication,Valid ESP32 HMAC Reading,Valid ESP32 HMAC Reading,200
2026-08-14 12:06:22,Real ESP32 Room Sensor,temperature_humidity_sensor,Demo Room,30.2,46.0,Critical,0,Normal Pattern,100,High,Critical Cold-Storage Failure,Critical Cold-Storage Failure
2026-08-14 12:06:24,ESP32_ROOM_1,ESP32,External,ESP32_ROOM_1,30.2,46.0,-,0,Security Event,0,Low,Continue monitoring and maintain secure sensor authentication,Valid ESP32 HMAC Reading,Valid ESP32 HMAC Reading,200
2026-08-14 12:06:24,Real ESP32 Room Sensor,temperature_humidity_sensor,Demo Room,30.2,46.0,Critical,0,Normal Pattern,100,High,Critical Cold-Storage Failure,Critical Cold-Storage Failure
2026-08-14 12:06:27,ESP32_ROOM_1,ESP32,External,ESP32_ROOM_1,30.2,46.0,-,0,Security Event,0,Low,Continue monitoring and maintain secure sensor authentication,Valid ESP32 HMAC Reading,Valid ESP32 HMAC Reading,200
2026-08-14 12:06:27,Real ESP32 Room Sensor,temperature_humidity_sensor,Demo Room,30.2,46.0,Critical,0,Normal Pattern,100,High,Critical Cold-Storage Failure,Critical Cold-Storage Failure
2026-08-14 12:06:29,ESP32_ROOM_1,ESP32,External,ESP32_ROOM_1,30.2,46.0,-,0,Security Event,0,Low,Continue monitoring and maintain secure sensor authentication,Valid ESP32 HMAC Reading,Valid ESP32 HMAC Reading,200
2026-08-14 12:06:29,Real ESP32 Room Sensor,temperature_humidity_sensor,Demo Room,30.2,46.0,Critical,0,Normal Pattern,100,High,Critical Cold-Storage Failure,Critical Cold-Storage Failure
2026-08-14 12:06:32,ESP32_ROOM_1,ESP32,External,ESP32_ROOM_1,30.2,46.0,-,0,Security Event,0,Low,Continue monitoring and maintain secure sensor authentication,Valid ESP32 HMAC Reading,Valid ESP32 HMAC Reading,200
2026-08-14 12:06:32,Real ESP32 Room Sensor,temperature_humidity_sensor,Demo Room,30.2,46.0,Critical,0,Normal Pattern,100,High,Critical Cold-Storage Failure,Critical Cold-Storage Failure
2026-08-14 12:06:34,ESP32_ROOM_1,ESP32,External,ESP32_ROOM_1,30.2,46.0,-,0,Security Event,0,Low,Continue monitoring and maintain secure sensor authentication,Valid ESP32 HMAC Reading,Valid ESP32 HMAC Reading,200
2026-08-14 12:06:34,Real ESP32 Room Sensor,temperature_humidity_sensor,Demo Room,30.2,46.0,Critical,0,Normal Pattern,100,High,Critical Cold-Storage Failure,Critical Cold-Storage Failure
2026-08-14 12:06:36,ESP32_ROOM_1,ESP32,External,ESP32_ROOM_1,30.2,46.0,-,0,Security Event,0,Low,Continue monitoring and maintain secure sensor authentication,Valid ESP32 HMAC Reading,Valid ESP32 HMAC Reading,200
2026-08-14 12:06:36,Real ESP32 Room Sensor,temperature_humidity_sensor,Demo Room,30.2,46.0,Critical,0,Normal Pattern,100,High,Critical Cold-Storage Failure,Critical Cold-Storage Failure
2026-08-14 12:06:38,ESP32_ROOM_1,ESP32,External,ESP32_ROOM_1,30.2,46.0,-,0,Security Event,0,Low,Continue monitoring and maintain secure sensor authentication,Valid ESP32 HMAC Reading,Valid ESP32 HMAC Reading,200
2026-08-14 12:06:39,Real ESP32 Room Sensor,temperature_humidity_sensor,Demo Room,30.2,46.0,Critical,0,Normal Pattern,100,High,Critical Cold-Storage Failure,Critical Cold-Storage Failure
2026-08-14 12:06:41,ESP32_ROOM_1,ESP32,External,ESP32_ROOM_1,30.2,46.0,-,0,Security Event,0,Low,Continue monitoring and maintain secure sensor authentication,Valid ESP32 HMAC Reading,Valid ESP32 HMAC Reading,200
2026-08-14 12:06:41,Real ESP32 Room Sensor,temperature_humidity_sensor,Demo Room,30.2,46.0,Critical,0,Normal Pattern,100,High,Critical Cold-Storage Failure,Critical Cold-Storage Failure
2026-08-14 12:06:43,ESP32_ROOM_1,ESP32,External,ESP32_ROOM_1,30.2,46.0,-,0,Security Event,0,Low,Continue monitoring and maintain secure sensor authentication,Valid ESP32 HMAC Reading,Valid ESP32 HMAC Reading,200
2026-08-14 12:06:43,Real ESP32 Room Sensor,temperature_humidity_sensor,Demo Room,30.2,46.0,Critical,0,Normal Pattern,100,High,Critical Cold-Storage Failure,Critical Cold-Storage Failure
2026-08-14 12:06:45,ESP32_ROOM_1,ESP32,External,ESP32_ROOM_1,30.2,46.0,-,0,Security Event,0,Low,Continue monitoring and maintain secure sensor authentication,Valid ESP32 HMAC Reading,Valid ESP32 HMAC Reading,200
2026-08-14 12:06:45,Real ESP32 Room Sensor,temperature_humidity_sensor,Demo Room,30.2,46.0,Critical,0,Normal Pattern,100,High,Critical Cold-Storage Failure,Critical Cold-Storage Failure
2026-08-14 12:06:48,ESP32_ROOM_1,ESP32,External,ESP32_ROOM_1,30.2,46.0,-,0,Security Event,0,Low,Continue monitoring and maintain secure sensor authentication,Valid ESP32 HMAC Reading,Valid ESP32 HMAC Reading,200
2026-08-14 12:06:48,Real ESP32 Room Sensor,temperature_humidity_sensor,Demo Room,30.2,46.0,Critical,0,Normal Pattern,100,High,Critical Cold-Storage Failure,Critical Cold-Storage Failure
2026-08-14 12:06:50,ESP32_ROOM_1,ESP32,External,ESP32_ROOM_1,30.2,46.0,-,0,Security Event,0,Low,Continue monitoring and maintain secure sensor authentication,Valid ESP32 HMAC Reading,Valid ESP32 HMAC Reading,200
2026-08-14 12:06:50,Real ESP32 Room Sensor,temperature_humidity_sensor,Demo Room,30.2,46.0,Critical,0,Normal Pattern,100,High,Critical Cold-Storage Failure,Critical Cold-Storage Failure
2026-08-14 12:06:52,ESP32_ROOM_1,ESP32,External,ESP32_ROOM_1,30.2,46.0,-,0,Security Event,0,Low,Continue monitoring and maintain secure sensor authentication,Valid ESP32 HMAC Reading,Valid ESP32 HMAC Reading,200
2026-08-14 12:06:52,Real ESP32 Room Sensor,temperature_humidity_sensor,Demo Room,30.2,46.0,Critical,0,Normal Pattern,100,High,Critical Cold-Storage Failure,Critical Cold-Storage Failure
2026-08-14 12:06:55,ESP32_ROOM_1,ESP32,External,ESP32_ROOM_1,30.2,46.0,-,0,Security Event,0,Low,Continue monitoring and maintain secure sensor authentication,Valid ESP32 HMAC Reading,Valid ESP32 HMAC Reading,200
2026-08-14 12:06:55,Real ESP32 Room Sensor,temperature_humidity_sensor,Demo Room,30.2,46.0,Critical,0,Normal Pattern,100,High,Critical Cold-Storage Failure,Critical Cold-Storage Failure
2026-08-14 12:06:57,ESP32_ROOM_1,ESP32,External,ESP32_ROOM_1,30.2,46.0,-,0,Security Event,0,Low,Continue monitoring and maintain secure sensor authentication,Valid ESP32 HMAC Reading,Valid ESP32 HMAC Reading,200
2026-08-14 12:06:57,Real ESP32 Room Sensor,temperature_humidity_sensor,Demo Room,30.2,46.0,Critical,0,Normal Pattern,100,High,Critical Cold-Storage Failure,Critical Cold-Storage Failure
2026-08-14 12:06:59,ESP32_ROOM_1,ESP32,External,ESP32_ROOM_1,30.2,46.0,-,0,Security Event,0,Low,Continue monitoring and maintain secure sensor authentication,Valid ESP32 HMAC Reading,Valid ESP32 HMAC Reading,200
2026-08-14 12:06:59,Real ESP32 Room Sensor,temperature_humidity_sensor,Demo Room,30.2,46.0,Critical,0,Normal Pattern,100,High,Critical Cold-Storage Failure,Critical Cold-Storage Failure
2026-08-14 12:07:02,ESP32_ROOM_1,ESP32,External,ESP32_ROOM_1,30.2,46.0,-,0,Security Event,0,Low,Continue monitoring and maintain secure sensor authentication,Valid ESP32 HMAC Reading,Valid ESP32 HMAC Reading,200
2026-08-14 12:07:02,Real ESP32 Room Sensor,temperature_humidity_sensor,Demo Room,30.2,46.0,Critical,0,Normal Pattern,100,High,Critical Cold-Storage Failure,Critical Cold-Storage Failure
2026-08-14 12:07:04,ESP32_ROOM_1,ESP32,External,ESP32_ROOM_1,30.2,46.0,-,0,Security Event,0,Low,Continue monitoring and maintain secure sensor authentication,Valid ESP32 HMAC Reading,Valid ESP32 HMAC Reading,200
2026-08-14 12:07:04,Real ESP32 Room Sensor,temperature_humidity_sensor,Demo Room,30.2,46.0,Critical,0,Normal Pattern,100,High,Critical Cold-Storage Failure,Critical Cold-Storage Failure
2026-08-14 12:07:06,ESP32_ROOM_1,ESP32,External,ESP32_ROOM_1,30.2,46.0,-,0,Security Event,0,Low,Continue monitoring and maintain secure sensor authentication,Valid ESP32 HMAC Reading,Valid ESP32 HMAC Reading,200
2026-08-14 12:07:06,Real ESP32 Room Sensor,temperature_humidity_sensor,Demo Room,30.2,46.0,Critical,0,Normal Pattern,100,High,Critical Cold-Storage Failure,Critical Cold-Storage Failure
2026-08-14 12:07:08,ESP32_ROOM_1,ESP32,External,ESP32_ROOM_1,30.2,46.0,-,0,Security Event,0,Low,Continue monitoring and maintain secure sensor authentication,Valid ESP32 HMAC Reading,Valid ESP32 HMAC Reading,200
2026-08-14 12:07:09,Real ESP32 Room Sensor,temperature_humidity_sensor,Demo Room,30.2,46.0,Critical,0,Normal Pattern,100,High,Critical Cold-Storage Failure,Critical Cold-Storage Failure
2026-08-14 12:07:11,ESP32_ROOM_1,ESP32,External,ESP32_ROOM_1,30.2,46.0,-,0,Security Event,0,Low,Continue monitoring and maintain secure sensor authentication,Valid ESP32 HMAC Reading,Valid ESP32 HMAC Reading,200
2026-08-14 12:07:11,Real ESP32 Room Sensor,temperature_humidity_sensor,Demo Room,30.2,46.0,Critical,0,Normal Pattern,100,High,Critical Cold-Storage Failure,Critical Cold-Storage Failure
2026-08-14 12:07:13,ESP32_ROOM_1,ESP32,External,ESP32_ROOM_1,30.2,46.0,-,0,Security Event,0,Low,Continue monitoring and maintain secure sensor authentication,Valid ESP32 HMAC Reading,Valid ESP32 HMAC Reading,200
2026-08-14 12:07:13,Real ESP32 Room Sensor,temperature_humidity_sensor,Demo Room,30.2,46.0,Critical,0,Normal Pattern,100,High,Critical Cold-Storage Failure,Critical Cold-Storage Failure
2026-08-14 12:07:15,ESP32_ROOM_1,ESP32,External,ESP32_ROOM_1,30.2,46.0,-,0,Security Event,0,Low,Continue monitoring and maintain secure sensor authentication,Valid ESP32 HMAC Reading,Valid ESP32 HMAC Reading,200
2026-08-14 12:07:15,Real ESP32 Room Sensor,temperature_humidity_sensor,Demo Room,30.2,46.0,Critical,0,Normal Pattern,100,High,Critical Cold-Storage Failure,Critical Cold-Storage Failure
2026-08-14 12:07:18,ESP32_ROOM_1,ESP32,External,ESP32_ROOM_1,30.2,46.0,-,0,Security Event,0,Low,Continue monitoring and maintain secure sensor authentication,Valid ESP32 HMAC Reading,Valid ESP32 HMAC Reading,200
2026-08-14 12:07:18,Real ESP32 Room Sensor,temperature_humidity_sensor,Demo Room,30.2,46.0,Critical,0,Normal Pattern,100,High,Critical Cold-Storage Failure,Critical Cold-Storage Failure
2026-08-14 12:07:20,ESP32_ROOM_1,ESP32,External,ESP32_ROOM_1,30.2,46.0,-,0,Security Event,0,Low,Continue monitoring and maintain secure sensor authentication,Valid ESP32 HMAC Reading,Valid ESP32 HMAC Reading,200
2026-08-14 12:07:20,Real ESP32 Room Sensor,temperature_humidity_sensor,Demo Room,30.2,46.0,Critical,0,Normal Pattern,100,High,Critical Cold-Storage Failure,Critical Cold-Storage Failure
2026-08-14 12:07:22,ESP32_ROOM_1,ESP32,External,ESP32_ROOM_1,30.2,46.0,-,0,Security Event,0,Low,Continue monitoring and maintain secure sensor authentication,Valid ESP32 HMAC Reading,Valid ESP32 HMAC Reading,200
2026-08-14 12:07:22,Real ESP32 Room Sensor,temperature_humidity_sensor,Demo Room,30.2,46.0,Critical,0,Normal Pattern,100,High,Critical Cold-Storage Failure,Critical Cold-Storage Failure
2026-08-14 12:07:24,ESP32_ROOM_1,ESP32,External,ESP32_ROOM_1,30.2,46.0,-,0,Security Event,0,Low,Continue monitoring and maintain secure sensor authentication,Valid ESP32 HMAC Reading,Valid ESP32 HMAC Reading,200
2026-08-14 12:07:24,Real ESP32 Room Sensor,temperature_humidity_sensor,Demo Room,30.2,46.0,Critical,0,Normal Pattern,100,High,Critical Cold-Storage Failure,Critical Cold-Storage Failure
2026-08-14 12:07:27,ESP32_ROOM_1,ESP32,External,ESP32_ROOM_1,30.2,46.0,-,0,Security Event,0,Low,Continue monitoring and maintain secure sensor authentication,Valid ESP32 HMAC Reading,Valid ESP32 HMAC Reading,200
2026-08-14 12:07:27,Real ESP32 Room Sensor,temperature_humidity_sensor,Demo Room,30.2,46.0,Critical,0,Normal Pattern,100,High,Critical Cold-Storage Failure,Critical Cold-Storage Failure
2026-08-14 12:07:29,ESP32_ROOM_1,ESP32,External,ESP32_ROOM_1,30.2,46.0,-,0,Security Event,0,Low,Continue monitoring and maintain secure sensor authentication,Valid ESP32 HMAC Reading,Valid ESP32 HMAC Reading,200
2026-08-14 12:07:29,Real ESP32 Room Sensor,temperature_humidity_sensor,Demo Room,30.2,46.0,Critical,0,Normal Pattern,100,High,Critical Cold-Storage Failure,Critical Cold-Storage Failure
2026-08-14 12:07:31,ESP32_ROOM_1,ESP32,External,ESP32_ROOM_1,30.2,46.0,-,0,Security Event,0,Low,Continue monitoring and maintain secure sensor authentication,Valid ESP32 HMAC Reading,Valid ESP32 HMAC Reading,200
2026-08-14 12:07:31,Real ESP32 Room Sensor,temperature_humidity_sensor,Demo Room,30.2,46.0,Critical,0,Normal Pattern,100,High,Critical Cold-Storage Failure,Critical Cold-Storage Failure
2026-08-14 12:07:34,ESP32_ROOM_1,ESP32,External,ESP32_ROOM_1,30.2,46.0,-,0,Security Event,0,Low,Continue monitoring and maintain secure sensor authentication,Valid ESP32 HMAC Reading,Valid ESP32 HMAC Reading,200
2026-08-14 12:07:34,Real ESP32 Room Sensor,temperature_humidity_sensor,Demo Room,30.2,46.0,Critical,0,Normal Pattern,100,High,Critical Cold-Storage Failure,Critical Cold-Storage Failure
2026-08-14 12:07:36,ESP32_ROOM_1,ESP32,External,ESP32_ROOM_1,30.2,46.0,-,0,Security Event,0,Low,Continue monitoring and maintain secure sensor authentication,Valid ESP32 HMAC Reading,Valid ESP32 HMAC Reading,200
2026-08-14 12:07:36,Real ESP32 Room Sensor,temperature_humidity_sensor,Demo Room,30.2,46.0,Critical,0,Normal Pattern,100,High,Critical Cold-Storage Failure,Critical Cold-Storage Failure
2026-08-14 12:07:38,ESP32_ROOM_1,ESP32,External,ESP32_ROOM_1,30.2,46.0,-,0,Security Event,0,Low,Continue monitoring and maintain secure sensor authentication,Valid ESP32 HMAC Reading,Valid ESP32 HMAC Reading,200
2026-08-14 12:07:38,Real ESP32 Room Sensor,temperature_humidity_sensor,Demo Room,30.2,46.0,Critical,0,Normal Pattern,100,High,Critical Cold-Storage Failure,Critical Cold-Storage Failure
2026-08-14 12:07:40,ESP32_ROOM_1,ESP32,External,ESP32_ROOM_1,30.2,46.0,-,0,Security Event,0,Low,Continue monitoring and maintain secure sensor authentication,Valid ESP32 HMAC Reading,Valid ESP32 HMAC Reading,200
2026-08-14 12:07:40,Real ESP32 Room Sensor,temperature_humidity_sensor,Demo Room,30.2,46.0,Critical,0,Normal Pattern,100,High,Critical Cold-Storage Failure,Critical Cold-Storage Failure
2026-08-14 12:07:43,ESP32_ROOM_1,ESP32,External,ESP32_ROOM_1,30.2,46.0,-,0,Security Event,0,Low,Continue monitoring and maintain secure sensor authentication,Valid ESP32 HMAC Reading,Valid ESP32 HMAC Reading,200
2026-08-14 12:07:43,Real ESP32 Room Sensor,temperature_humidity_sensor,Demo Room,30.2,46.0,Critical,0,Normal Pattern,100,High,Critical Cold-Storage Failure,Critical Cold-Storage Failure
2026-08-14 12:07:45,ESP32_ROOM_1,ESP32,External,ESP32_ROOM_1,30.2,46.0,-,0,Security Event,0,Low,Continue monitoring and maintain secure sensor authentication,Valid ESP32 HMAC Reading,Valid ESP32 HMAC Reading,200
2026-08-14 12:07:45,Real ESP32 Room Sensor,temperature_humidity_sensor,Demo Room,30.2,46.0,Critical,0,Normal Pattern,100,High,Critical Cold-Storage Failure,Critical Cold-Storage Failure
2026-08-14 12:07:47,ESP32_ROOM_1,ESP32,External,ESP32_ROOM_1,30.2,46.0,-,0,Security Event,0,Low,Continue monitoring and maintain secure sensor authentication,Valid ESP32 HMAC Reading,Valid ESP32 HMAC Reading,200
2026-08-14 12:07:47,Real ESP32 Room Sensor,temperature_humidity_sensor,Demo Room,30.2,46.0,Critical,0,Normal Pattern,100,High,Critical Cold-Storage Failure,Critical Cold-Storage Failure
2026-08-14 12:07:50,ESP32_ROOM_1,ESP32,External,ESP32_ROOM_1,30.2,46.0,-,0,Security Event,0,Low,Continue monitoring and maintain secure sensor authentication,Valid ESP32 HMAC Reading,Valid ESP32 HMAC Reading,200
2026-08-14 12:07:50,Real ESP32 Room Sensor,temperature_humidity_sensor,Demo Room,30.2,46.0,Critical,0,Normal Pattern,100,High,Critical Cold-Storage Failure,Critical Cold-Storage Failure
2026-08-14 12:07:52,ESP32_ROOM_1,ESP32,External,ESP32_ROOM_1,30.2,46.0,-,0,Security Event,0,Low,Continue monitoring and maintain secure sensor authentication,Valid ESP32 HMAC Reading,Valid ESP32 HMAC Reading,200
2026-08-14 12:07:52,Real ESP32 Room Sensor,temperature_humidity_sensor,Demo Room,30.2,46.0,Critical,0,Normal Pattern,100,High,Critical Cold-Storage Failure,Critical Cold-Storage Failure
2026-08-14 12:07:54,ESP32_ROOM_1,ESP32,External,ESP32_ROOM_1,30.2,46.0,-,0,Security Event,0,Low,Continue monitoring and maintain secure sensor authentication,Valid ESP32 HMAC Reading,Valid ESP32 HMAC Reading,200
2026-08-14 12:07:54,Real ESP32 Room Sensor,temperature_humidity_sensor,Demo Room,30.2,46.0,Critical,0,Normal Pattern,100,High,Critical Cold-Storage Failure,Critical Cold-Storage Failure
2026-08-14 12:07:57,ESP32_ROOM_1,ESP32,External,ESP32_ROOM_1,30.2,46.0,-,0,Security Event,0,Low,Continue monitoring and maintain secure sensor authentication,Valid ESP32 HMAC Reading,Valid ESP32 HMAC Reading,200
2026-08-14 12:07:57,Real ESP32 Room Sensor,temperature_humidity_sensor,Demo Room,30.2,46.0,Critical,0,Normal Pattern,100,High,Critical Cold-Storage Failure,Critical Cold-Storage Failure
2026-08-14 12:07:59,ESP32_ROOM_1,ESP32,External,ESP32_ROOM_1,30.2,46.0,-,0,Security Event,0,Low,Continue monitoring and maintain secure sensor authentication,Valid ESP32 HMAC Reading,Valid ESP32 HMAC Reading,200
2026-08-14 12:07:59,Real ESP32 Room Sensor,temperature_humidity_sensor,Demo Room,30.2,46.0,Critical,0,Normal Pattern,100,High,Critical Cold-Storage Failure,Critical Cold-Storage Failure
2026-08-14 12:08:01,ESP32_ROOM_1,ESP32,External,ESP32_ROOM_1,30.2,46.0,-,0,Security Event,0,Low,Continue monitoring and maintain secure sensor authentication,Valid ESP32 HMAC Reading,Valid ESP32 HMAC Reading,200
2026-08-14 12:08:01,Real ESP32 Room Sensor,temperature_humidity_sensor,Demo Room,30.2,46.0,Critical,0,Normal Pattern,100,High,Critical Cold-Storage Failure,Critical Cold-Storage Failure
2026-08-14 12:08:04,ESP32_ROOM_1,ESP32,External,ESP32_ROOM_1,30.2,46.0,-,0,Security Event,0,Low,Continue monitoring and maintain secure sensor authentication,Valid ESP32 HMAC Reading,Valid ESP32 HMAC Reading,200
2026-08-14 12:08:04,Real ESP32 Room Sensor,temperature_humidity_sensor,Demo Room,30.2,46.0,Critical,0,Normal Pattern,100,High,Critical Cold-Storage Failure,Critical Cold-Storage Failure
2026-08-14 12:08:06,ESP32_ROOM_1,ESP32,External,ESP32_ROOM_1,30.2,46.0,-,0,Security Event,0,Low,Continue monitoring and maintain secure sensor authentication,Valid ESP32 HMAC Reading,Valid ESP32 HMAC Reading,200
2026-08-14 12:08:06,Real ESP32 Room Sensor,temperature_humidity_sensor,Demo Room,30.2,46.0,Critical,0,Normal Pattern,100,High,Critical Cold-Storage Failure,Critical Cold-Storage Failure
2026-08-14 12:08:08,ESP32_ROOM_1,ESP32,External,ESP32_ROOM_1,30.2,46.0,-,0,Security Event,0,Low,Continue monitoring and maintain secure sensor authentication,Valid ESP32 HMAC Reading,Valid ESP32 HMAC Reading,200
2026-08-14 12:08:08,Real ESP32 Room Sensor,temperature_humidity_sensor,Demo Room,30.2,46.0,Critical,0,Normal Pattern,100,High,Critical Cold-Storage Failure,Critical Cold-Storage Failure
2026-08-14 12:08:11,ESP32_ROOM_1,ESP32,External,ESP32_ROOM_1,30.2,46.0,-,0,Security Event,0,Low,Continue monitoring and maintain secure sensor authentication,Valid ESP32 HMAC Reading,Valid ESP32 HMAC Reading,200
2026-08-14 12:08:11,Real ESP32 Room Sensor,temperature_humidity_sensor,Demo Room,30.2,46.0,Critical,0,Normal Pattern,100,High,Critical Cold-Storage Failure,Critical Cold-Storage Failure
2026-08-14 12:08:13,ESP32_ROOM_1,ESP32,External,ESP32_ROOM_1,30.2,46.0,-,0,Security Event,0,Low,Continue monitoring and maintain secure sensor authentication,Valid ESP32 HMAC Reading,Valid ESP32 HMAC Reading,200
2026-08-14 12:08:13,Real ESP32 Room Sensor,temperature_humidity_sensor,Demo Room,30.2,46.0,Critical,0,Normal Pattern,100,High,Critical Cold-Storage Failure,Critical Cold-Storage Failure
2026-08-14 12:08:15,ESP32_ROOM_1,ESP32,External,ESP32_ROOM_1,30.2,46.0,-,0,Security Event,0,Low,Continue monitoring and maintain secure sensor authentication,Valid ESP32 HMAC Reading,Valid ESP32 HMAC Reading,200
2026-08-14 12:08:15,Real ESP32 Room Sensor,temperature_humidity_sensor,Demo Room,30.2,46.0,Critical,0,Normal Pattern,100,High,Critical Cold-Storage Failure,Critical Cold-Storage Failure
2026-08-14 12:08:17,ESP32_ROOM_1,ESP32,External,ESP32_ROOM_1,30.2,46.0,-,0,Security Event,0,Low,Continue monitoring and maintain secure sensor authentication,Valid ESP32 HMAC Reading,Valid ESP32 HMAC Reading,200
2026-08-14 12:08:18,Real ESP32 Room Sensor,temperature_humidity_sensor,Demo Room,30.2,46.0,Critical,0,Normal Pattern,100,High,Critical Cold-Storage Failure,Critical Cold-Storage Failure
2026-08-14 12:08:20,ESP32_ROOM_1,ESP32,External,ESP32_ROOM_1,30.2,46.0,-,0,Security Event,0,Low,Continue monitoring and maintain secure sensor authentication,Valid ESP32 HMAC Reading,Valid ESP32 HMAC Reading,200
2026-08-14 12:08:20,Real ESP32 Room Sensor,temperature_humidity_sensor,Demo Room,30.2,46.0,Critical,0,Normal Pattern,100,High,Critical Cold-Storage Failure,Critical Cold-Storage Failure
2026-08-14 12:08:22,ESP32_ROOM_1,ESP32,External,ESP32_ROOM_1,30.2,46.0,-,0,Security Event,0,Low,Continue monitoring and maintain secure sensor authentication,Valid ESP32 HMAC Reading,Valid ESP32 HMAC Reading,200
2026-08-14 12:08:22,Real ESP32 Room Sensor,temperature_humidity_sensor,Demo Room,30.2,46.0,Critical,0,Normal Pattern,100,High,Critical Cold-Storage Failure,Critical Cold-Storage Failure
2026-08-14 12:08:24,ESP32_ROOM_1,ESP32,External,ESP32_ROOM_1,30.2,46.0,-,0,Security Event,0,Low,Continue monitoring and maintain secure sensor authentication,Valid ESP32 HMAC Reading,Valid ESP32 HMAC Reading,200
2026-08-14 12:08:24,Real ESP32 Room Sensor,temperature_humidity_sensor,Demo Room,30.2,46.0,Critical,0,Normal Pattern,100,High,Critical Cold-Storage Failure,Critical Cold-Storage Failure
2026-08-14 12:08:27,ESP32_ROOM_1,ESP32,External,ESP32_ROOM_1,30.2,46.0,-,0,Security Event,0,Low,Continue monitoring and maintain secure sensor authentication,Valid ESP32 HMAC Reading,Valid ESP32 HMAC Reading,200
2026-08-14 12:08:27,Real ESP32 Room Sensor,temperature_humidity_sensor,Demo Room,30.2,46.0,Critical,0,Normal Pattern,100,High,Critical Cold-Storage Failure,Critical Cold-Storage Failure
2026-08-14 12:08:29,ESP32_ROOM_1,ESP32,External,ESP32_ROOM_1,30.2,46.0,-,0,Security Event,0,Low,Continue monitoring and maintain secure sensor authentication,Valid ESP32 HMAC Reading,Valid ESP32 HMAC Reading,200
2026-08-14 12:08:29,Real ESP32 Room Sensor,temperature_humidity_sensor,Demo Room,30.2,46.0,Critical,0,Normal Pattern,100,High,Critical Cold-Storage Failure,Critical Cold-Storage Failure
2026-08-14 12:08:31,ESP32_ROOM_1,ESP32,External,ESP32_ROOM_1,30.2,46.0,-,0,Security Event,0,Low,Continue monitoring and maintain secure sensor authentication,Valid ESP32 HMAC Reading,Valid ESP32 HMAC Reading,200
2026-08-14 12:08:31,Real ESP32 Room Sensor,temperature_humidity_sensor,Demo Room,30.2,46.0,Critical,0,Normal Pattern,100,High,Critical Cold-Storage Failure,Critical Cold-Storage Failure
2026-08-14 12:08:34,ESP32_ROOM_1,ESP32,External,ESP32_ROOM_1,30.2,46.0,-,0,Security Event,0,Low,Continue monitoring and maintain secure sensor authentication,Valid ESP32 HMAC Reading,Valid ESP32 HMAC Reading,200
2026-08-14 12:08:34,Real ESP32 Room Sensor,temperature_humidity_sensor,Demo Room,30.2,46.0,Critical,0,Normal Pattern,100,High,Critical Cold-Storage Failure,Critical Cold-Storage Failure
2026-08-14 12:08:36,ESP32_ROOM_1,ESP32,External,ESP32_ROOM_1,30.2,46.0,-,0,Security Event,0,Low,Continue monitoring and maintain secure sensor authentication,Valid ESP32 HMAC Reading,Valid ESP32 HMAC Reading,200
2026-08-14 12:08:36,Real ESP32 Room Sensor,temperature_humidity_sensor,Demo Room,30.2,46.0,Critical,0,Normal Pattern,100,High,Critical Cold-Storage Failure,Critical Cold-Storage Failure
2026-08-14 12:08:38,ESP32_ROOM_1,ESP32,External,ESP32_ROOM_1,30.2,46.0,-,0,Security Event,0,Low,Continue monitoring and maintain secure sensor authentication,Valid ESP32 HMAC Reading,Valid ESP32 HMAC Reading,200
2026-08-14 12:08:38,Real ESP32 Room Sensor,temperature_humidity_sensor,Demo Room,30.2,46.0,Critical,0,Normal Pattern,100,High,Critical Cold-Storage Failure,Critical Cold-Storage Failure
2026-08-14 12:08:41,ESP32_ROOM_1,ESP32,External,ESP32_ROOM_1,30.2,46.0,-,0,Security Event,0,Low,Continue monitoring and maintain secure sensor authentication,Valid ESP32 HMAC Reading,Valid ESP32 HMAC Reading,200
2026-08-14 12:08:41,Real ESP32 Room Sensor,temperature_humidity_sensor,Demo Room,30.2,46.0,Critical,0,Normal Pattern,100,High,Critical Cold-Storage Failure,Critical Cold-Storage Failure
2026-08-14 12:08:43,ESP32_ROOM_1,ESP32,External,ESP32_ROOM_1,30.2,46.0,-,0,Security Event,0,Low,Continue monitoring and maintain secure sensor authentication,Valid ESP32 HMAC Reading,Valid ESP32 HMAC Reading,200
2026-08-14 12:08:43,Real ESP32 Room Sensor,temperature_humidity_sensor,Demo Room,30.2,46.0,Critical,0,Normal Pattern,100,High,Critical Cold-Storage Failure,Critical Cold-Storage Failure
2026-08-14 12:08:45,ESP32_ROOM_1,ESP32,External,ESP32_ROOM_1,30.2,46.0,-,0,Security Event,0,Low,Continue monitoring and maintain secure sensor authentication,Valid ESP32 HMAC Reading,Valid ESP32 HMAC Reading,200
2026-08-14 12:08:45,Real ESP32 Room Sensor,temperature_humidity_sensor,Demo Room,30.2,46.0,Critical,0,Normal Pattern,100,High,Critical Cold-Storage Failure,Critical Cold-Storage Failure
2026-08-14 12:08:48,ESP32_ROOM_1,ESP32,External,ESP32_ROOM_1,30.2,46.0,-,0,Security Event,0,Low,Continue monitoring and maintain secure sensor authentication,Valid ESP32 HMAC Reading,Valid ESP32 HMAC Reading,200
2026-08-14 12:08:48,Real ESP32 Room Sensor,temperature_humidity_sensor,Demo Room,30.2,46.0,Critical,0,Normal Pattern,100,High,Critical Cold-Storage Failure,Critical Cold-Storage Failure
2026-08-14 12:08:50,ESP32_ROOM_1,ESP32,External,ESP32_ROOM_1,30.2,46.0,-,0,Security Event,0,Low,Continue monitoring and maintain secure sensor authentication,Valid ESP32 HMAC Reading,Valid ESP32 HMAC Reading,200
2026-08-14 12:08:50,Real ESP32 Room Sensor,temperature_humidity_sensor,Demo Room,30.2,46.0,Critical,0,Normal Pattern,100,High,Critical Cold-Storage Failure,Critical Cold-Storage Failure
2026-08-14 12:08:52,ESP32_ROOM_1,ESP32,External,ESP32_ROOM_1,30.2,46.0,-,0,Security Event,0,Low,Continue monitoring and maintain secure sensor authentication,Valid ESP32 HMAC Reading,Valid ESP32 HMAC Reading,200
2026-08-14 12:08:52,Real ESP32 Room Sensor,temperature_humidity_sensor,Demo Room,30.2,46.0,Critical,0,Normal Pattern,100,High,Critical Cold-Storage Failure,Critical Cold-Storage Failure
2026-08-14 12:08:55,ESP32_ROOM_1,ESP32,External,ESP32_ROOM_1,30.2,46.0,-,0,Security Event,0,Low,Continue monitoring and maintain secure sensor authentication,Valid ESP32 HMAC Reading,Valid ESP32 HMAC Reading,200
2026-08-14 12:08:55,Real ESP32 Room Sensor,temperature_humidity_sensor,Demo Room,30.2,46.0,Critical,0,Normal Pattern,100,High,Critical Cold-Storage Failure,Critical Cold-Storage Failure
2026-08-14 12:08:59,ESP32_ROOM_1,ESP32,External,ESP32_ROOM_1,30.2,46.0,-,0,Security Event,0,Low,Continue monitoring and maintain secure sensor authentication,Valid ESP32 HMAC Reading,Valid ESP32 HMAC Reading,200
2026-08-14 12:08:59,Real ESP32 Room Sensor,temperature_humidity_sensor,Demo Room,30.2,46.0,Critical,0,Normal Pattern,100,High,Critical Cold-Storage Failure,Critical Cold-Storage Failure
2026-08-14 12:09:02,ESP32_ROOM_1,ESP32,External,ESP32_ROOM_1,30.2,46.0,-,0,Security Event,0,Low,Continue monitoring and maintain secure sensor authentication,Valid ESP32 HMAC Reading,Valid ESP32 HMAC Reading,200
2026-08-14 12:09:02,Real ESP32 Room Sensor,temperature_humidity_sensor,Demo Room,30.2,46.0,Critical,0,Normal Pattern,100,High,Critical Cold-Storage Failure,Critical Cold-Storage Failure
2026-08-14 12:09:04,ESP32_ROOM_1,ESP32,External,ESP32_ROOM_1,30.2,46.0,-,0,Security Event,0,Low,Continue monitoring and maintain secure sensor authentication,Valid ESP32 HMAC Reading,Valid ESP32 HMAC Reading,200
2026-08-14 12:09:04,Real ESP32 Room Sensor,temperature_humidity_sensor,Demo Room,30.2,46.0,Critical,0,Normal Pattern,100,High,Critical Cold-Storage Failure,Critical Cold-Storage Failure
2026-08-14 12:09:06,ESP32_ROOM_1,ESP32,External,ESP32_ROOM_1,30.2,46.0,-,0,Security Event,0,Low,Continue monitoring and maintain secure sensor authentication,Valid ESP32 HMAC Reading,Valid ESP32 HMAC Reading,200
2026-08-14 12:09:06,Real ESP32 Room Sensor,temperature_humidity_sensor,Demo Room,30.2,46.0,Critical,0,Normal Pattern,100,High,Critical Cold-Storage Failure,Critical Cold-Storage Failure
2026-08-14 12:09:09,ESP32_ROOM_1,ESP32,External,ESP32_ROOM_1,30.2,46.0,-,0,Security Event,0,Low,Continue monitoring and maintain secure sensor authentication,Valid ESP32 HMAC Reading,Valid ESP32 HMAC Reading,200
2026-08-14 12:09:09,Real ESP32 Room Sensor,temperature_humidity_sensor,Demo Room,30.2,46.0,Critical,0,Normal Pattern,100,High,Critical Cold-Storage Failure,Critical Cold-Storage Failure
2026-08-14 12:09:11,ESP32_ROOM_1,ESP32,External,ESP32_ROOM_1,30.2,46.0,-,0,Security Event,0,Low,Continue monitoring and maintain secure sensor authentication,Valid ESP32 HMAC Reading,Valid ESP32 HMAC Reading,200
2026-08-14 12:09:11,Real ESP32 Room Sensor,temperature_humidity_sensor,Demo Room,30.2,46.0,Critical,0,Normal Pattern,100,High,Critical Cold-Storage Failure,Critical Cold-Storage Failure
2026-08-14 12:09:13,ESP32_ROOM_1,ESP32,External,ESP32_ROOM_1,30.2,46.0,-,0,Security Event,0,Low,Continue monitoring and maintain secure sensor authentication,Valid ESP32 HMAC Reading,Valid ESP32 HMAC Reading,200
2026-08-14 12:09:13,Real ESP32 Room Sensor,temperature_humidity_sensor,Demo Room,30.2,46.0,Critical,0,Normal Pattern,100,High,Critical Cold-Storage Failure,Critical Cold-Storage Failure
2026-08-14 12:09:16,ESP32_ROOM_1,ESP32,External,ESP32_ROOM_1,30.2,46.0,-,0,Security Event,0,Low,Continue monitoring and maintain secure sensor authentication,Valid ESP32 HMAC Reading,Valid ESP32 HMAC Reading,200
2026-08-14 12:09:16,Real ESP32 Room Sensor,temperature_humidity_sensor,Demo Room,30.2,46.0,Critical,0,Normal Pattern,100,High,Critical Cold-Storage Failure,Critical Cold-Storage Failure
2026-08-14 12:09:18,ESP32_ROOM_1,ESP32,External,ESP32_ROOM_1,30.2,46.0,-,0,Security Event,0,Low,Continue monitoring and maintain secure sensor authentication,Valid ESP32 HMAC Reading,Valid ESP32 HMAC Reading,200
2026-08-14 12:09:18,Real ESP32 Room Sensor,temperature_humidity_sensor,Demo Room,30.2,46.0,Critical,0,Normal Pattern,100,High,Critical Cold-Storage Failure,Critical Cold-Storage Failure
2026-08-14 12:09:20,ESP32_ROOM_1,ESP32,External,ESP32_ROOM_1,30.2,46.0,-,0,Security Event,0,Low,Continue monitoring and maintain secure sensor authentication,Valid ESP32 HMAC Reading,Valid ESP32 HMAC Reading,200
2026-08-14 12:09:20,Real ESP32 Room Sensor,temperature_humidity_sensor,Demo Room,30.2,46.0,Critical,0,Normal Pattern,100,High,Critical Cold-Storage Failure,Critical Cold-Storage Failure
2026-08-14 12:09:23,ESP32_ROOM_1,ESP32,External,ESP32_ROOM_1,30.2,46.0,-,0,Security Event,0,Low,Continue monitoring and maintain secure sensor authentication,Valid ESP32 HMAC Reading,Valid ESP32 HMAC Reading,200
2026-08-14 12:09:23,Real ESP32 Room Sensor,temperature_humidity_sensor,Demo Room,30.2,46.0,Critical,0,Normal Pattern,100,High,Critical Cold-Storage Failure,Critical Cold-Storage Failure
2026-08-14 12:09:25,ESP32_ROOM_1,ESP32,External,ESP32_ROOM_1,30.2,46.0,-,0,Security Event,0,Low,Continue monitoring and maintain secure sensor authentication,Valid ESP32 HMAC Reading,Valid ESP32 HMAC Reading,200
2026-08-14 12:09:25,Real ESP32 Room Sensor,temperature_humidity_sensor,Demo Room,30.2,46.0,Critical,0,Normal Pattern,100,High,Critical Cold-Storage Failure,Critical Cold-Storage Failure
2026-08-14 12:09:27,ESP32_ROOM_1,ESP32,External,ESP32_ROOM_1,30.2,46.0,-,0,Security Event,0,Low,Continue monitoring and maintain secure sensor authentication,Valid ESP32 HMAC Reading,Valid ESP32 HMAC Reading,200
2026-08-14 12:09:27,Real ESP32 Room Sensor,temperature_humidity_sensor,Demo Room,30.2,46.0,Critical,0,Normal Pattern,100,High,Critical Cold-Storage Failure,Critical Cold-Storage Failure
2026-08-14 12:09:30,ESP32_ROOM_1,ESP32,External,ESP32_ROOM_1,30.2,46.0,-,0,Security Event,0,Low,Continue monitoring and maintain secure sensor authentication,Valid ESP32 HMAC Reading,Valid ESP32 HMAC Reading,200
2026-08-14 12:09:30,Real ESP32 Room Sensor,temperature_humidity_sensor,Demo Room,30.2,46.0,Critical,0,Normal Pattern,100,High,Critical Cold-Storage Failure,Critical Cold-Storage Failure
2026-08-14 12:09:32,ESP32_ROOM_1,ESP32,External,ESP32_ROOM_1,30.2,46.0,-,0,Security Event,0,Low,Continue monitoring and maintain secure sensor authentication,Valid ESP32 HMAC Reading,Valid ESP32 HMAC Reading,200
2026-08-14 12:09:32,Real ESP32 Room Sensor,temperature_humidity_sensor,Demo Room,30.2,46.0,Critical,0,Normal Pattern,100,High,Critical Cold-Storage Failure,Critical Cold-Storage Failure
2026-08-14 12:09:34,ESP32_ROOM_1,ESP32,External,ESP32_ROOM_1,30.2,46.0,-,0,Security Event,0,Low,Continue monitoring and maintain secure sensor authentication,Valid ESP32 HMAC Reading,Valid ESP32 HMAC Reading,200
2026-08-14 12:09:35,Real ESP32 Room Sensor,temperature_humidity_sensor,Demo Room,30.2,46.0,Critical,0,Normal Pattern,100,High,Critical Cold-Storage Failure,Critical Cold-Storage Failure
2026-08-14 12:09:37,ESP32_ROOM_1,ESP32,External,ESP32_ROOM_1,30.2,46.0,-,0,Security Event,0,Low,Continue monitoring and maintain secure sensor authentication,Valid ESP32 HMAC Reading,Valid ESP32 HMAC Reading,200
2026-08-14 12:09:37,Real ESP32 Room Sensor,temperature_humidity_sensor,Demo Room,30.2,46.0,Critical,0,Normal Pattern,100,High,Critical Cold-Storage Failure,Critical Cold-Storage Failure
2026-08-14 12:09:39,ESP32_ROOM_1,ESP32,External,ESP32_ROOM_1,30.2,46.0,-,0,Security Event,0,Low,Continue monitoring and maintain secure sensor authentication,Valid ESP32 HMAC Reading,Valid ESP32 HMAC Reading,200
2026-08-14 12:09:39,Real ESP32 Room Sensor,temperature_humidity_sensor,Demo Room,30.2,46.0,Critical,0,Normal Pattern,100,High,Critical Cold-Storage Failure,Critical Cold-Storage Failure
2026-08-14 12:09:41,ESP32_ROOM_1,ESP32,External,ESP32_ROOM_1,30.2,46.0,-,0,Security Event,0,Low,Continue monitoring and maintain secure sensor authentication,Valid ESP32 HMAC Reading,Valid ESP32 HMAC Reading,200
2026-08-14 12:09:41,Real ESP32 Room Sensor,temperature_humidity_sensor,Demo Room,30.2,46.0,Critical,0,Normal Pattern,100,High,Critical Cold-Storage Failure,Critical Cold-Storage Failure
2026-08-14 12:09:44,ESP32_ROOM_1,ESP32,External,ESP32_ROOM_1,30.2,46.0,-,0,Security Event,0,Low,Continue monitoring and maintain secure sensor authentication,Valid ESP32 HMAC Reading,Valid ESP32 HMAC Reading,200
2026-08-14 12:09:44,Real ESP32 Room Sensor,temperature_humidity_sensor,Demo Room,30.2,46.0,Critical,0,Normal Pattern,100,High,Critical Cold-Storage Failure,Critical Cold-Storage Failure
2026-08-14 12:09:46,ESP32_ROOM_1,ESP32,External,ESP32_ROOM_1,30.2,46.0,-,0,Security Event,0,Low,Continue monitoring and maintain secure sensor authentication,Valid ESP32 HMAC Reading,Valid ESP32 HMAC Reading,200
2026-08-14 12:09:46,Real ESP32 Room Sensor,temperature_humidity_sensor,Demo Room,30.2,46.0,Critical,0,Normal Pattern,100,High,Critical Cold-Storage Failure,Critical Cold-Storage Failure
2026-08-14 12:09:48,ESP32_ROOM_1,ESP32,External,ESP32_ROOM_1,30.2,46.0,-,0,Security Event,0,Low,Continue monitoring and maintain secure sensor authentication,Valid ESP32 HMAC Reading,Valid ESP32 HMAC Reading,200
2026-08-14 12:09:48,Real ESP32 Room Sensor,temperature_humidity_sensor,Demo Room,30.2,46.0,Critical,0,Normal Pattern,100,High,Critical Cold-Storage Failure,Critical Cold-Storage Failure
2026-08-14 12:09:51,ESP32_ROOM_1,ESP32,External,ESP32_ROOM_1,30.2,46.0,-,0,Security Event,0,Low,Continue monitoring and maintain secure sensor authentication,Valid ESP32 HMAC Reading,Valid ESP32 HMAC Reading,200
2026-08-14 12:09:51,Real ESP32 Room Sensor,temperature_humidity_sensor,Demo Room,30.2,46.0,Critical,0,Normal Pattern,100,High,Critical Cold-Storage Failure,Critical Cold-Storage Failure
2026-08-14 12:09:53,ESP32_ROOM_1,ESP32,External,ESP32_ROOM_1,30.2,46.0,-,0,Security Event,0,Low,Continue monitoring and maintain secure sensor authentication,Valid ESP32 HMAC Reading,Valid ESP32 HMAC Reading,200
2026-08-14 12:09:53,Real ESP32 Room Sensor,temperature_humidity_sensor,Demo Room,30.2,46.0,Critical,0,Normal Pattern,100,High,Critical Cold-Storage Failure,Critical Cold-Storage Failure
2026-08-14 12:09:55,ESP32_ROOM_1,ESP32,External,ESP32_ROOM_1,30.2,46.0,-,0,Security Event,0,Low,Continue monitoring and maintain secure sensor authentication,Valid ESP32 HMAC Reading,Valid ESP32 HMAC Reading,200
2026-08-14 12:09:55,Real ESP32 Room Sensor,temperature_humidity_sensor,Demo Room,30.2,46.0,Critical,0,Normal Pattern,100,High,Critical Cold-Storage Failure,Critical Cold-Storage Failure
2026-08-14 12:09:58,ESP32_ROOM_1,ESP32,External,ESP32_ROOM_1,30.2,46.0,-,0,Security Event,0,Low,Continue monitoring and maintain secure sensor authentication,Valid ESP32 HMAC Reading,Valid ESP32 HMAC Reading,200
2026-08-14 12:09:58,Real ESP32 Room Sensor,temperature_humidity_sensor,Demo Room,30.2,46.0,Critical,0,Normal Pattern,100,High,Critical Cold-Storage Failure,Critical Cold-Storage Failure
2026-08-14 12:10:00,ESP32_ROOM_1,ESP32,External,ESP32_ROOM_1,30.2,46.0,-,0,Security Event,0,Low,Continue monitoring and maintain secure sensor authentication,Valid ESP32 HMAC Reading,Valid ESP32 HMAC Reading,200
2026-08-14 12:10:00,Real ESP32 Room Sensor,temperature_humidity_sensor,Demo Room,30.2,46.0,Critical,0,Normal Pattern,100,High,Critical Cold-Storage Failure,Critical Cold-Storage Failure
2026-08-14 12:10:02,ESP32_ROOM_1,ESP32,External,ESP32_ROOM_1,30.2,46.0,-,0,Security Event,0,Low,Continue monitoring and maintain secure sensor authentication,Valid ESP32 HMAC Reading,Valid ESP32 HMAC Reading,200
2026-08-14 12:10:02,Real ESP32 Room Sensor,temperature_humidity_sensor,Demo Room,30.2,46.0,Critical,0,Normal Pattern,100,High,Critical Cold-Storage Failure,Critical Cold-Storage Failure
2026-08-14 12:10:04,ESP32_ROOM_1,ESP32,External,ESP32_ROOM_1,30.2,46.0,-,0,Security Event,0,Low,Continue monitoring and maintain secure sensor authentication,Valid ESP32 HMAC Reading,Valid ESP32 HMAC Reading,200
2026-08-14 12:10:04,Real ESP32 Room Sensor,temperature_humidity_sensor,Demo Room,30.2,46.0,Critical,0,Normal Pattern,100,High,Critical Cold-Storage Failure,Critical Cold-Storage Failure
2026-08-14 12:10:07,ESP32_ROOM_1,ESP32,External,ESP32_ROOM_1,30.2,46.0,-,0,Security Event,0,Low,Continue monitoring and maintain secure sensor authentication,Valid ESP32 HMAC Reading,Valid ESP32 HMAC Reading,200
2026-08-14 12:10:07,Real ESP32 Room Sensor,temperature_humidity_sensor,Demo Room,30.2,46.0,Critical,0,Normal Pattern,100,High,Critical Cold-Storage Failure,Critical Cold-Storage Failure
2026-08-14 12:10:09,ESP32_ROOM_1,ESP32,External,ESP32_ROOM_1,30.2,46.0,-,0,Security Event,0,Low,Continue monitoring and maintain secure sensor authentication,Valid ESP32 HMAC Reading,Valid ESP32 HMAC Reading,200
2026-08-14 12:10:09,Real ESP32 Room Sensor,temperature_humidity_sensor,Demo Room,30.2,46.0,Critical,0,Normal Pattern,100,High,Critical Cold-Storage Failure,Critical Cold-Storage Failure
2026-08-14 12:10:11,ESP32_ROOM_1,ESP32,External,ESP32_ROOM_1,30.2,46.0,-,0,Security Event,0,Low,Continue monitoring and maintain secure sensor authentication,Valid ESP32 HMAC Reading,Valid ESP32 HMAC Reading,200
2026-08-14 12:10:11,Real ESP32 Room Sensor,temperature_humidity_sensor,Demo Room,30.2,46.0,Critical,0,Normal Pattern,100,High,Critical Cold-Storage Failure,Critical Cold-Storage Failure
2026-08-14 12:10:14,ESP32_ROOM_1,ESP32,External,ESP32_ROOM_1,30.2,46.0,-,0,Security Event,0,Low,Continue monitoring and maintain secure sensor authentication,Valid ESP32 HMAC Reading,Valid ESP32 HMAC Reading,200
2026-08-14 12:10:14,Real ESP32 Room Sensor,temperature_humidity_sensor,Demo Room,30.2,46.0,Critical,0,Normal Pattern,100,High,Critical Cold-Storage Failure,Critical Cold-Storage Failure
2026-08-14 12:10:16,ESP32_ROOM_1,ESP32,External,ESP32_ROOM_1,30.2,46.0,-,0,Security Event,0,Low,Continue monitoring and maintain secure sensor authentication,Valid ESP32 HMAC Reading,Valid ESP32 HMAC Reading,200
2026-08-14 12:10:16,Real ESP32 Room Sensor,temperature_humidity_sensor,Demo Room,30.2,46.0,Critical,0,Normal Pattern,100,High,Critical Cold-Storage Failure,Critical Cold-Storage Failure
2026-08-14 12:10:18,ESP32_ROOM_1,ESP32,External,ESP32_ROOM_1,30.2,46.0,-,0,Security Event,0,Low,Continue monitoring and maintain secure sensor authentication,Valid ESP32 HMAC Reading,Valid ESP32 HMAC Reading,200
2026-08-14 12:10:18,Real ESP32 Room Sensor,temperature_humidity_sensor,Demo Room,30.2,46.0,Critical,0,Normal Pattern,100,High,Critical Cold-Storage Failure,Critical Cold-Storage Failure
2026-08-14 12:10:21,ESP32_ROOM_1,ESP32,External,ESP32_ROOM_1,30.2,46.0,-,0,Security Event,0,Low,Continue monitoring and maintain secure sensor authentication,Valid ESP32 HMAC Reading,Valid ESP32 HMAC Reading,200
2026-08-14 12:10:21,Real ESP32 Room Sensor,temperature_humidity_sensor,Demo Room,30.2,46.0,Critical,0,Normal Pattern,100,High,Critical Cold-Storage Failure,Critical Cold-Storage Failure
2026-08-14 12:10:23,ESP32_ROOM_1,ESP32,External,ESP32_ROOM_1,30.2,46.0,-,0,Security Event,0,Low,Continue monitoring and maintain secure sensor authentication,Valid ESP32 HMAC Reading,Valid ESP32 HMAC Reading,200
2026-08-14 12:10:23,Real ESP32 Room Sensor,temperature_humidity_sensor,Demo Room,30.2,46.0,Critical,0,Normal Pattern,100,High,Critical Cold-Storage Failure,Critical Cold-Storage Failure
2026-08-14 12:10:25,ESP32_ROOM_1,ESP32,External,ESP32_ROOM_1,30.2,46.0,-,0,Security Event,0,Low,Continue monitoring and maintain secure sensor authentication,Valid ESP32 HMAC Reading,Valid ESP32 HMAC Reading,200
2026-08-14 12:10:25,Real ESP32 Room Sensor,temperature_humidity_sensor,Demo Room,30.2,46.0,Critical,0,Normal Pattern,100,High,Critical Cold-Storage Failure,Critical Cold-Storage Failure
2026-08-14 12:10:28,ESP32_ROOM_1,ESP32,External,ESP32_ROOM_1,30.2,46.0,-,0,Security Event,0,Low,Continue monitoring and maintain secure sensor authentication,Valid ESP32 HMAC Reading,Valid ESP32 HMAC Reading,200
2026-08-14 12:10:28,Real ESP32 Room Sensor,temperature_humidity_sensor,Demo Room,30.2,46.0,Critical,0,Normal Pattern,100,High,Critical Cold-Storage Failure,Critical Cold-Storage Failure
2026-08-14 12:10:30,ESP32_ROOM_1,ESP32,External,ESP32_ROOM_1,30.2,46.0,-,0,Security Event,0,Low,Continue monitoring and maintain secure sensor authentication,Valid ESP32 HMAC Reading,Valid ESP32 HMAC Reading,200
2026-08-14 12:10:30,Real ESP32 Room Sensor,temperature_humidity_sensor,Demo Room,30.2,46.0,Critical,0,Normal Pattern,100,High,Critical Cold-Storage Failure,Critical Cold-Storage Failure
2026-08-14 12:10:32,ESP32_ROOM_1,ESP32,External,ESP32_ROOM_1,30.2,46.0,-,0,Security Event,0,Low,Continue monitoring and maintain secure sensor authentication,Valid ESP32 HMAC Reading,Valid ESP32 HMAC Reading,200
2026-08-14 12:10:32,Real ESP32 Room Sensor,temperature_humidity_sensor,Demo Room,30.2,46.0,Critical,0,Normal Pattern,100,High,Critical Cold-Storage Failure,Critical Cold-Storage Failure
2026-08-14 12:10:35,ESP32_ROOM_1,ESP32,External,ESP32_ROOM_1,30.2,46.0,-,0,Security Event,0,Low,Continue monitoring and maintain secure sensor authentication,Valid ESP32 HMAC Reading,Valid ESP32 HMAC Reading,200
2026-08-14 12:10:35,Real ESP32 Room Sensor,temperature_humidity_sensor,Demo Room,30.2,46.0,Critical,0,Normal Pattern,100,High,Critical Cold-Storage Failure,Critical Cold-Storage Failure
2026-08-14 12:10:37,ESP32_ROOM_1,ESP32,External,ESP32_ROOM_1,30.2,46.0,-,0,Security Event,0,Low,Continue monitoring and maintain secure sensor authentication,Valid ESP32 HMAC Reading,Valid ESP32 HMAC Reading,200
2026-08-14 12:10:37,Real ESP32 Room Sensor,temperature_humidity_sensor,Demo Room,30.2,46.0,Critical,0,Normal Pattern,100,High,Critical Cold-Storage Failure,Critical Cold-Storage Failure
2026-08-14 12:10:39,ESP32_ROOM_1,ESP32,External,ESP32_ROOM_1,30.2,46.0,-,0,Security Event,0,Low,Continue monitoring and maintain secure sensor authentication,Valid ESP32 HMAC Reading,Valid ESP32 HMAC Reading,200
2026-08-14 12:10:39,Real ESP32 Room Sensor,temperature_humidity_sensor,Demo Room,30.2,46.0,Critical,0,Normal Pattern,100,High,Critical Cold-Storage Failure,Critical Cold-Storage Failure
2026-08-14 12:10:41,ESP32_ROOM_1,ESP32,External,ESP32_ROOM_1,30.2,46.0,-,0,Security Event,0,Low,Continue monitoring and maintain secure sensor authentication,Valid ESP32 HMAC Reading,Valid ESP32 HMAC Reading,200
2026-08-14 12:10:41,Real ESP32 Room Sensor,temperature_humidity_sensor,Demo Room,30.2,46.0,Critical,0,Normal Pattern,100,High,Critical Cold-Storage Failure,Critical Cold-Storage Failure
2026-08-14 12:10:44,ESP32_ROOM_1,ESP32,External,ESP32_ROOM_1,30.2,46.0,-,0,Security Event,0,Low,Continue monitoring and maintain secure sensor authentication,Valid ESP32 HMAC Reading,Valid ESP32 HMAC Reading,200
2026-08-14 12:10:44,Real ESP32 Room Sensor,temperature_humidity_sensor,Demo Room,30.2,46.0,Critical,0,Normal Pattern,100,High,Critical Cold-Storage Failure,Critical Cold-Storage Failure
2026-08-14 12:10:46,ESP32_ROOM_1,ESP32,External,ESP32_ROOM_1,30.2,46.0,-,0,Security Event,0,Low,Continue monitoring and maintain secure sensor authentication,Valid ESP32 HMAC Reading,Valid ESP32 HMAC Reading,200
2026-08-14 12:10:46,Real ESP32 Room Sensor,temperature_humidity_sensor,Demo Room,30.2,46.0,Critical,0,Normal Pattern,100,High,Critical Cold-Storage Failure,Critical Cold-Storage Failure
2026-08-14 12:10:48,ESP32_ROOM_1,ESP32,External,ESP32_ROOM_1,30.2,46.0,-,0,Security Event,0,Low,Continue monitoring and maintain secure sensor authentication,Valid ESP32 HMAC Reading,Valid ESP32 HMAC Reading,200
2026-08-14 12:10:48,Real ESP32 Room Sensor,temperature_humidity_sensor,Demo Room,30.2,46.0,Critical,0,Normal Pattern,100,High,Critical Cold-Storage Failure,Critical Cold-Storage Failure
2026-08-14 12:10:51,ESP32_ROOM_1,ESP32,External,ESP32_ROOM_1,30.2,46.0,-,0,Security Event,0,Low,Continue monitoring and maintain secure sensor authentication,Valid ESP32 HMAC Reading,Valid ESP32 HMAC Reading,200
2026-08-14 12:10:51,Real ESP32 Room Sensor,temperature_humidity_sensor,Demo Room,30.2,46.0,Critical,0,Normal Pattern,100,High,Critical Cold-Storage Failure,Critical Cold-Storage Failure
2026-08-14 12:10:53,ESP32_ROOM_1,ESP32,External,ESP32_ROOM_1,30.2,46.0,-,0,Security Event,0,Low,Continue monitoring and maintain secure sensor authentication,Valid ESP32 HMAC Reading,Valid ESP32 HMAC Reading,200
2026-08-14 12:10:53,Real ESP32 Room Sensor,temperature_humidity_sensor,Demo Room,30.2,46.0,Critical,0,Normal Pattern,100,High,Critical Cold-Storage Failure,Critical Cold-Storage Failure
2026-08-14 12:10:55,ESP32_ROOM_1,ESP32,External,ESP32_ROOM_1,30.2,46.0,-,0,Security Event,0,Low,Continue monitoring and maintain secure sensor authentication,Valid ESP32 HMAC Reading,Valid ESP32 HMAC Reading,200
2026-08-14 12:10:55,Real ESP32 Room Sensor,temperature_humidity_sensor,Demo Room,30.2,46.0,Critical,0,Normal Pattern,100,High,Critical Cold-Storage Failure,Critical Cold-Storage Failure
2026-08-14 12:10:57,ESP32_ROOM_1,ESP32,External,ESP32_ROOM_1,30.2,46.0,-,0,Security Event,0,Low,Continue monitoring and maintain secure sensor authentication,Valid ESP32 HMAC Reading,Valid ESP32 HMAC Reading,200
2026-08-14 12:10:57,Real ESP32 Room Sensor,temperature_humidity_sensor,Demo Room,30.2,46.0,Critical,0,Normal Pattern,100,High,Critical Cold-Storage Failure,Critical Cold-Storage Failure
2026-08-14 12:11:00,ESP32_ROOM_1,ESP32,External,ESP32_ROOM_1,30.2,46.0,-,0,Security Event,0,Low,Continue monitoring and maintain secure sensor authentication,Valid ESP32 HMAC Reading,Valid ESP32 HMAC Reading,200
2026-08-14 12:11:00,Real ESP32 Room Sensor,temperature_humidity_sensor,Demo Room,30.2,46.0,Critical,0,Normal Pattern,100,High,Critical Cold-Storage Failure,Critical Cold-Storage Failure
2026-08-14 12:11:02,ESP32_ROOM_1,ESP32,External,ESP32_ROOM_1,30.2,46.0,-,0,Security Event,0,Low,Continue monitoring and maintain secure sensor authentication,Valid ESP32 HMAC Reading,Valid ESP32 HMAC Reading,200
2026-08-14 12:11:02,Real ESP32 Room Sensor,temperature_humidity_sensor,Demo Room,30.2,46.0,Critical,0,Normal Pattern,100,High,Critical Cold-Storage Failure,Critical Cold-Storage Failure
2026-08-14 12:11:04,ESP32_ROOM_1,ESP32,External,ESP32_ROOM_1,30.2,46.0,-,0,Security Event,0,Low,Continue monitoring and maintain secure sensor authentication,Valid ESP32 HMAC Reading,Valid ESP32 HMAC Reading,200
2026-08-14 12:11:04,Real ESP32 Room Sensor,temperature_humidity_sensor,Demo Room,30.2,46.0,Critical,0,Normal Pattern,100,High,Critical Cold-Storage Failure,Critical Cold-Storage Failure
2026-08-14 12:11:07,ESP32_ROOM_1,ESP32,External,ESP32_ROOM_1,30.2,46.0,-,0,Security Event,0,Low,Continue monitoring and maintain secure sensor authentication,Valid ESP32 HMAC Reading,Valid ESP32 HMAC Reading,200
2026-08-14 12:11:07,Real ESP32 Room Sensor,temperature_humidity_sensor,Demo Room,30.2,46.0,Critical,0,Normal Pattern,100,High,Critical Cold-Storage Failure,Critical Cold-Storage Failure
2026-08-14 12:11:09,ESP32_ROOM_1,ESP32,External,ESP32_ROOM_1,30.2,46.0,-,0,Security Event,0,Low,Continue monitoring and maintain secure sensor authentication,Valid ESP32 HMAC Reading,Valid ESP32 HMAC Reading,200
2026-08-14 12:11:09,Real ESP32 Room Sensor,temperature_humidity_sensor,Demo Room,30.2,46.0,Critical,0,Normal Pattern,100,High,Critical Cold-Storage Failure,Critical Cold-Storage Failure
2026-08-14 12:11:11,ESP32_ROOM_1,ESP32,External,ESP32_ROOM_1,30.2,46.0,-,0,Security Event,0,Low,Continue monitoring and maintain secure sensor authentication,Valid ESP32 HMAC Reading,Valid ESP32 HMAC Reading,200
2026-08-14 12:11:11,Real ESP32 Room Sensor,temperature_humidity_sensor,Demo Room,30.2,46.0,Critical,0,Normal Pattern,100,High,Critical Cold-Storage Failure,Critical Cold-Storage Failure
2026-08-14 12:11:13,ESP32_ROOM_1,ESP32,External,ESP32_ROOM_1,30.2,46.0,-,0,Security Event,0,Low,Continue monitoring and maintain secure sensor authentication,Valid ESP32 HMAC Reading,Valid ESP32 HMAC Reading,200
2026-08-14 12:11:14,Real ESP32 Room Sensor,temperature_humidity_sensor,Demo Room,30.2,46.0,Critical,0,Normal Pattern,100,High,Critical Cold-Storage Failure,Critical Cold-Storage Failure
2026-08-14 12:11:16,ESP32_ROOM_1,ESP32,External,ESP32_ROOM_1,30.2,46.0,-,0,Security Event,0,Low,Continue monitoring and maintain secure sensor authentication,Valid ESP32 HMAC Reading,Valid ESP32 HMAC Reading,200
2026-08-14 12:11:16,Real ESP32 Room Sensor,temperature_humidity_sensor,Demo Room,30.2,46.0,Critical,0,Normal Pattern,100,High,Critical Cold-Storage Failure,Critical Cold-Storage Failure
2026-08-14 12:11:18,ESP32_ROOM_1,ESP32,External,ESP32_ROOM_1,30.2,46.0,-,0,Security Event,0,Low,Continue monitoring and maintain secure sensor authentication,Valid ESP32 HMAC Reading,Valid ESP32 HMAC Reading,200
2026-08-14 12:11:18,Real ESP32 Room Sensor,temperature_humidity_sensor,Demo Room,30.2,46.0,Critical,0,Normal Pattern,100,High,Critical Cold-Storage Failure,Critical Cold-Storage Failure
2026-08-14 12:11:20,ESP32_ROOM_1,ESP32,External,ESP32_ROOM_1,30.2,46.0,-,0,Security Event,0,Low,Continue monitoring and maintain secure sensor authentication,Valid ESP32 HMAC Reading,Valid ESP32 HMAC Reading,200
2026-08-14 12:11:21,Real ESP32 Room Sensor,temperature_humidity_sensor,Demo Room,30.2,46.0,Critical,0,Normal Pattern,100,High,Critical Cold-Storage Failure,Critical Cold-Storage Failure
2026-08-14 12:11:23,ESP32_ROOM_1,ESP32,External,ESP32_ROOM_1,30.2,46.0,-,0,Security Event,0,Low,Continue monitoring and maintain secure sensor authentication,Valid ESP32 HMAC Reading,Valid ESP32 HMAC Reading,200
2026-08-14 12:11:23,Real ESP32 Room Sensor,temperature_humidity_sensor,Demo Room,30.2,46.0,Critical,0,Normal Pattern,100,High,Critical Cold-Storage Failure,Critical Cold-Storage Failure
2026-08-14 12:11:25,ESP32_ROOM_1,ESP32,External,ESP32_ROOM_1,30.2,46.0,-,0,Security Event,0,Low,Continue monitoring and maintain secure sensor authentication,Valid ESP32 HMAC Reading,Valid ESP32 HMAC Reading,200
2026-08-14 12:11:25,Real ESP32 Room Sensor,temperature_humidity_sensor,Demo Room,30.2,46.0,Critical,0,Normal Pattern,100,High,Critical Cold-Storage Failure,Critical Cold-Storage Failure
2026-08-14 12:11:27,ESP32_ROOM_1,ESP32,External,ESP32_ROOM_1,30.2,46.0,-,0,Security Event,0,Low,Continue monitoring and maintain secure sensor authentication,Valid ESP32 HMAC Reading,Valid ESP32 HMAC Reading,200
2026-08-14 12:11:27,Real ESP32 Room Sensor,temperature_humidity_sensor,Demo Room,30.2,46.0,Critical,0,Normal Pattern,100,High,Critical Cold-Storage Failure,Critical Cold-Storage Failure
2026-08-14 12:11:30,ESP32_ROOM_1,ESP32,External,ESP32_ROOM_1,30.2,46.0,-,0,Security Event,0,Low,Continue monitoring and maintain secure sensor authentication,Valid ESP32 HMAC Reading,Valid ESP32 HMAC Reading,200
2026-08-14 12:11:30,Real ESP32 Room Sensor,temperature_humidity_sensor,Demo Room,30.2,46.0,Critical,0,Normal Pattern,100,High,Critical Cold-Storage Failure,Critical Cold-Storage Failure
2026-08-14 12:11:32,ESP32_ROOM_1,ESP32,External,ESP32_ROOM_1,30.2,46.0,-,0,Security Event,0,Low,Continue monitoring and maintain secure sensor authentication,Valid ESP32 HMAC Reading,Valid ESP32 HMAC Reading,200
2026-08-14 12:11:32,Real ESP32 Room Sensor,temperature_humidity_sensor,Demo Room,30.2,46.0,Critical,0,Normal Pattern,100,High,Critical Cold-Storage Failure,Critical Cold-Storage Failure
2026-08-14 12:11:34,ESP32_ROOM_1,ESP32,External,ESP32_ROOM_1,30.2,46.0,-,0,Security Event,0,Low,Continue monitoring and maintain secure sensor authentication,Valid ESP32 HMAC Reading,Valid ESP32 HMAC Reading,200
2026-08-14 12:11:34,Real ESP32 Room Sensor,temperature_humidity_sensor,Demo Room,30.2,46.0,Critical,0,Normal Pattern,100,High,Critical Cold-Storage Failure,Critical Cold-Storage Failure
2026-08-14 12:11:37,ESP32_ROOM_1,ESP32,External,ESP32_ROOM_1,30.2,46.0,-,0,Security Event,0,Low,Continue monitoring and maintain secure sensor authentication,Valid ESP32 HMAC Reading,Valid ESP32 HMAC Reading,200
2026-08-14 12:11:37,Real ESP32 Room Sensor,temperature_humidity_sensor,Demo Room,30.2,46.0,Critical,0,Normal Pattern,100,High,Critical Cold-Storage Failure,Critical Cold-Storage Failure
2026-08-14 12:11:39,ESP32_ROOM_1,ESP32,External,ESP32_ROOM_1,30.2,46.0,-,0,Security Event,0,Low,Continue monitoring and maintain secure sensor authentication,Valid ESP32 HMAC Reading,Valid ESP32 HMAC Reading,200
2026-08-14 12:11:39,Real ESP32 Room Sensor,temperature_humidity_sensor,Demo Room,30.2,46.0,Critical,0,Normal Pattern,100,High,Critical Cold-Storage Failure,Critical Cold-Storage Failure
2026-08-14 12:11:41,ESP32_ROOM_1,ESP32,External,ESP32_ROOM_1,30.2,46.0,-,0,Security Event,0,Low,Continue monitoring and maintain secure sensor authentication,Valid ESP32 HMAC Reading,Valid ESP32 HMAC Reading,200
2026-08-14 12:11:41,Real ESP32 Room Sensor,temperature_humidity_sensor,Demo Room,30.2,46.0,Critical,0,Normal Pattern,100,High,Critical Cold-Storage Failure,Critical Cold-Storage Failure
2026-08-14 12:11:44,ESP32_ROOM_1,ESP32,External,ESP32_ROOM_1,30.2,46.0,-,0,Security Event,0,Low,Continue monitoring and maintain secure sensor authentication,Valid ESP32 HMAC Reading,Valid ESP32 HMAC Reading,200
2026-08-14 12:11:44,Real ESP32 Room Sensor,temperature_humidity_sensor,Demo Room,30.2,46.0,Critical,0,Normal Pattern,100,High,Critical Cold-Storage Failure,Critical Cold-Storage Failure
2026-08-14 12:11:46,ESP32_ROOM_1,ESP32,External,ESP32_ROOM_1,30.2,46.0,-,0,Security Event,0,Low,Continue monitoring and maintain secure sensor authentication,Valid ESP32 HMAC Reading,Valid ESP32 HMAC Reading,200
2026-08-14 12:11:46,Real ESP32 Room Sensor,temperature_humidity_sensor,Demo Room,30.2,46.0,Critical,0,Normal Pattern,100,High,Critical Cold-Storage Failure,Critical Cold-Storage Failure
2026-08-14 12:11:48,ESP32_ROOM_1,ESP32,External,ESP32_ROOM_1,30.2,46.0,-,0,Security Event,0,Low,Continue monitoring and maintain secure sensor authentication,Valid ESP32 HMAC Reading,Valid ESP32 HMAC Reading,200
2026-08-14 12:11:48,Real ESP32 Room Sensor,temperature_humidity_sensor,Demo Room,30.2,46.0,Critical,0,Normal Pattern,100,High,Critical Cold-Storage Failure,Critical Cold-Storage Failure
2026-08-14 12:11:50,ESP32_ROOM_1,ESP32,External,ESP32_ROOM_1,30.2,46.0,-,0,Security Event,0,Low,Continue monitoring and maintain secure sensor authentication,Valid ESP32 HMAC Reading,Valid ESP32 HMAC Reading,200
2026-08-14 12:11:50,Real ESP32 Room Sensor,temperature_humidity_sensor,Demo Room,30.2,46.0,Critical,0,Normal Pattern,100,High,Critical Cold-Storage Failure,Critical Cold-Storage Failure
2026-08-14 12:11:53,ESP32_ROOM_1,ESP32,External,ESP32_ROOM_1,30.2,46.0,-,0,Security Event,0,Low,Continue monitoring and maintain secure sensor authentication,Valid ESP32 HMAC Reading,Valid ESP32 HMAC Reading,200
2026-08-14 12:11:53,Real ESP32 Room Sensor,temperature_humidity_sensor,Demo Room,30.2,46.0,Critical,0,Normal Pattern,100,High,Critical Cold-Storage Failure,Critical Cold-Storage Failure
2026-08-14 12:11:55,ESP32_ROOM_1,ESP32,External,ESP32_ROOM_1,30.2,46.0,-,0,Security Event,0,Low,Continue monitoring and maintain secure sensor authentication,Valid ESP32 HMAC Reading,Valid ESP32 HMAC Reading,200
2026-08-14 12:11:55,Real ESP32 Room Sensor,temperature_humidity_sensor,Demo Room,30.2,46.0,Critical,0,Normal Pattern,100,High,Critical Cold-Storage Failure,Critical Cold-Storage Failure
2026-08-14 12:11:57,ESP32_ROOM_1,ESP32,External,ESP32_ROOM_1,30.2,46.0,-,0,Security Event,0,Low,Continue monitoring and maintain secure sensor authentication,Valid ESP32 HMAC Reading,Valid ESP32 HMAC Reading,200
2026-08-14 12:11:57,Real ESP32 Room Sensor,temperature_humidity_sensor,Demo Room,30.2,46.0,Critical,0,Normal Pattern,100,High,Critical Cold-Storage Failure,Critical Cold-Storage Failure
2026-08-14 12:12:00,ESP32_ROOM_1,ESP32,External,ESP32_ROOM_1,30.2,46.0,-,0,Security Event,0,Low,Continue monitoring and maintain secure sensor authentication,Valid ESP32 HMAC Reading,Valid ESP32 HMAC Reading,200
2026-08-14 12:12:00,Real ESP32 Room Sensor,temperature_humidity_sensor,Demo Room,30.2,46.0,Critical,0,Normal Pattern,100,High,Critical Cold-Storage Failure,Critical Cold-Storage Failure
2026-08-14 12:12:02,ESP32_ROOM_1,ESP32,External,ESP32_ROOM_1,30.2,46.0,-,0,Security Event,0,Low,Continue monitoring and maintain secure sensor authentication,Valid ESP32 HMAC Reading,Valid ESP32 HMAC Reading,200
2026-08-14 12:12:02,Real ESP32 Room Sensor,temperature_humidity_sensor,Demo Room,30.2,46.0,Critical,0,Normal Pattern,100,High,Critical Cold-Storage Failure,Critical Cold-Storage Failure
2026-08-14 12:12:04,ESP32_ROOM_1,ESP32,External,ESP32_ROOM_1,30.2,46.0,-,0,Security Event,0,Low,Continue monitoring and maintain secure sensor authentication,Valid ESP32 HMAC Reading,Valid ESP32 HMAC Reading,200
2026-08-14 12:12:04,Real ESP32 Room Sensor,temperature_humidity_sensor,Demo Room,30.2,46.0,Critical,0,Normal Pattern,100,High,Critical Cold-Storage Failure,Critical Cold-Storage Failure
2026-08-14 12:12:07,ESP32_ROOM_1,ESP32,External,ESP32_ROOM_1,30.2,46.0,-,0,Security Event,0,Low,Continue monitoring and maintain secure sensor authentication,Valid ESP32 HMAC Reading,Valid ESP32 HMAC Reading,200
2026-08-14 12:12:07,Real ESP32 Room Sensor,temperature_humidity_sensor,Demo Room,30.2,46.0,Critical,0,Normal Pattern,100,High,Critical Cold-Storage Failure,Critical Cold-Storage Failure
2026-08-14 12:12:09,ESP32_ROOM_1,ESP32,External,ESP32_ROOM_1,30.2,46.0,-,0,Security Event,0,Low,Continue monitoring and maintain secure sensor authentication,Valid ESP32 HMAC Reading,Valid ESP32 HMAC Reading,200
2026-08-14 12:12:09,Real ESP32 Room Sensor,temperature_humidity_sensor,Demo Room,30.2,46.0,Critical,0,Normal Pattern,100,High,Critical Cold-Storage Failure,Critical Cold-Storage Failure
2026-08-14 12:12:11,ESP32_ROOM_1,ESP32,External,ESP32_ROOM_1,30.2,46.0,-,0,Security Event,0,Low,Continue monitoring and maintain secure sensor authentication,Valid ESP32 HMAC Reading,Valid ESP32 HMAC Reading,200
2026-08-14 12:12:11,Real ESP32 Room Sensor,temperature_humidity_sensor,Demo Room,30.2,46.0,Critical,0,Normal Pattern,100,High,Critical Cold-Storage Failure,Critical Cold-Storage Failure
2026-08-14 12:12:14,ESP32_ROOM_1,ESP32,External,ESP32_ROOM_1,30.2,46.0,-,0,Security Event,0,Low,Continue monitoring and maintain secure sensor authentication,Valid ESP32 HMAC Reading,Valid ESP32 HMAC Reading,200
2026-08-14 12:12:14,Real ESP32 Room Sensor,temperature_humidity_sensor,Demo Room,30.2,46.0,Critical,0,Normal Pattern,100,High,Critical Cold-Storage Failure,Critical Cold-Storage Failure
2026-08-14 12:12:16,ESP32_ROOM_1,ESP32,External,ESP32_ROOM_1,30.2,46.0,-,0,Security Event,0,Low,Continue monitoring and maintain secure sensor authentication,Valid ESP32 HMAC Reading,Valid ESP32 HMAC Reading,200
2026-08-14 12:12:16,Real ESP32 Room Sensor,temperature_humidity_sensor,Demo Room,30.2,46.0,Critical,0,Normal Pattern,100,High,Critical Cold-Storage Failure,Critical Cold-Storage Failure
2026-08-14 12:12:18,ESP32_ROOM_1,ESP32,External,ESP32_ROOM_1,30.2,46.0,-,0,Security Event,0,Low,Continue monitoring and maintain secure sensor authentication,Valid ESP32 HMAC Reading,Valid ESP32 HMAC Reading,200
2026-08-14 12:12:18,Real ESP32 Room Sensor,temperature_humidity_sensor,Demo Room,30.2,46.0,Critical,0,Normal Pattern,100,High,Critical Cold-Storage Failure,Critical Cold-Storage Failure
2026-08-14 12:12:20,ESP32_ROOM_1,ESP32,External,ESP32_ROOM_1,30.2,46.0,-,0,Security Event,0,Low,Continue monitoring and maintain secure sensor authentication,Valid ESP32 HMAC Reading,Valid ESP32 HMAC Reading,200
2026-08-14 12:12:21,Real ESP32 Room Sensor,temperature_humidity_sensor,Demo Room,30.2,46.0,Critical,0,Normal Pattern,100,High,Critical Cold-Storage Failure,Critical Cold-Storage Failure
2026-08-14 12:12:23,ESP32_ROOM_1,ESP32,External,ESP32_ROOM_1,30.2,46.0,-,0,Security Event,0,Low,Continue monitoring and maintain secure sensor authentication,Valid ESP32 HMAC Reading,Valid ESP32 HMAC Reading,200
2026-08-14 12:12:23,Real ESP32 Room Sensor,temperature_humidity_sensor,Demo Room,30.2,46.0,Critical,0,Normal Pattern,100,High,Critical Cold-Storage Failure,Critical Cold-Storage Failure
2026-08-14 12:12:25,ESP32_ROOM_1,ESP32,External,ESP32_ROOM_1,30.2,46.0,-,0,Security Event,0,Low,Continue monitoring and maintain secure sensor authentication,Valid ESP32 HMAC Reading,Valid ESP32 HMAC Reading,200
2026-08-14 12:12:25,Real ESP32 Room Sensor,temperature_humidity_sensor,Demo Room,30.2,46.0,Critical,0,Normal Pattern,100,High,Critical Cold-Storage Failure,Critical Cold-Storage Failure
2026-08-14 12:12:28,ESP32_ROOM_1,ESP32,External,ESP32_ROOM_1,30.2,46.0,-,0,Security Event,0,Low,Continue monitoring and maintain secure sensor authentication,Valid ESP32 HMAC Reading,Valid ESP32 HMAC Reading,200
2026-08-14 12:12:28,Real ESP32 Room Sensor,temperature_humidity_sensor,Demo Room,30.2,46.0,Critical,0,Normal Pattern,100,High,Critical Cold-Storage Failure,Critical Cold-Storage Failure
2026-08-14 12:12:30,ESP32_ROOM_1,ESP32,External,ESP32_ROOM_1,30.2,46.0,-,0,Security Event,0,Low,Continue monitoring and maintain secure sensor authentication,Valid ESP32 HMAC Reading,Valid ESP32 HMAC Reading,200
2026-08-14 12:12:30,Real ESP32 Room Sensor,temperature_humidity_sensor,Demo Room,30.2,46.0,Critical,0,Normal Pattern,100,High,Critical Cold-Storage Failure,Critical Cold-Storage Failure
2026-08-14 12:12:33,ESP32_ROOM_1,ESP32,External,ESP32_ROOM_1,30.2,46.0,-,0,Security Event,0,Low,Continue monitoring and maintain secure sensor authentication,Valid ESP32 HMAC Reading,Valid ESP32 HMAC Reading,200
2026-08-14 12:12:33,Real ESP32 Room Sensor,temperature_humidity_sensor,Demo Room,30.2,46.0,Critical,0,Normal Pattern,100,High,Critical Cold-Storage Failure,Critical Cold-Storage Failure
2026-08-14 12:12:35,ESP32_ROOM_1,ESP32,External,ESP32_ROOM_1,30.2,46.0,-,0,Security Event,0,Low,Continue monitoring and maintain secure sensor authentication,Valid ESP32 HMAC Reading,Valid ESP32 HMAC Reading,200
2026-08-14 12:12:35,Real ESP32 Room Sensor,temperature_humidity_sensor,Demo Room,30.2,46.0,Critical,0,Normal Pattern,100,High,Critical Cold-Storage Failure,Critical Cold-Storage Failure
2026-08-14 12:12:38,ESP32_ROOM_1,ESP32,External,ESP32_ROOM_1,30.2,46.0,-,0,Security Event,0,Low,Continue monitoring and maintain secure sensor authentication,Valid ESP32 HMAC Reading,Valid ESP32 HMAC Reading,200
2026-08-14 12:12:38,Real ESP32 Room Sensor,temperature_humidity_sensor,Demo Room,30.2,46.0,Critical,0,Normal Pattern,100,High,Critical Cold-Storage Failure,Critical Cold-Storage Failure
2026-08-14 12:12:40,ESP32_ROOM_1,ESP32,External,ESP32_ROOM_1,30.2,46.0,-,0,Security Event,0,Low,Continue monitoring and maintain secure sensor authentication,Valid ESP32 HMAC Reading,Valid ESP32 HMAC Reading,200
2026-08-14 12:12:40,Real ESP32 Room Sensor,temperature_humidity_sensor,Demo Room,30.2,46.0,Critical,0,Normal Pattern,100,High,Critical Cold-Storage Failure,Critical Cold-Storage Failure
2026-08-14 12:12:42,ESP32_ROOM_1,ESP32,External,ESP32_ROOM_1,30.2,46.0,-,0,Security Event,0,Low,Continue monitoring and maintain secure sensor authentication,Valid ESP32 HMAC Reading,Valid ESP32 HMAC Reading,200
2026-08-14 12:12:42,Real ESP32 Room Sensor,temperature_humidity_sensor,Demo Room,30.2,46.0,Critical,0,Normal Pattern,100,High,Critical Cold-Storage Failure,Critical Cold-Storage Failure
2026-08-14 12:12:44,ESP32_ROOM_1,ESP32,External,ESP32_ROOM_1,30.2,46.0,-,0,Security Event,0,Low,Continue monitoring and maintain secure sensor authentication,Valid ESP32 HMAC Reading,Valid ESP32 HMAC Reading,200
2026-08-14 12:12:45,Real ESP32 Room Sensor,temperature_humidity_sensor,Demo Room,30.2,46.0,Critical,0,Normal Pattern,100,High,Critical Cold-Storage Failure,Critical Cold-Storage Failure
2026-08-14 12:12:47,ESP32_ROOM_1,ESP32,External,ESP32_ROOM_1,30.2,46.0,-,0,Security Event,0,Low,Continue monitoring and maintain secure sensor authentication,Valid ESP32 HMAC Reading,Valid ESP32 HMAC Reading,200
2026-08-14 12:12:47,Real ESP32 Room Sensor,temperature_humidity_sensor,Demo Room,30.2,46.0,Critical,0,Normal Pattern,100,High,Critical Cold-Storage Failure,Critical Cold-Storage Failure
2026-08-14 12:12:49,ESP32_ROOM_1,ESP32,External,ESP32_ROOM_1,30.2,46.0,-,0,Security Event,0,Low,Continue monitoring and maintain secure sensor authentication,Valid ESP32 HMAC Reading,Valid ESP32 HMAC Reading,200
2026-08-14 12:12:49,Real ESP32 Room Sensor,temperature_humidity_sensor,Demo Room,30.2,46.0,Critical,0,Normal Pattern,100,High,Critical Cold-Storage Failure,Critical Cold-Storage Failure
2026-08-14 12:12:52,ESP32_ROOM_1,ESP32,External,ESP32_ROOM_1,30.2,46.0,-,0,Security Event,0,Low,Continue monitoring and maintain secure sensor authentication,Valid ESP32 HMAC Reading,Valid ESP32 HMAC Reading,200
2026-08-14 12:12:52,Real ESP32 Room Sensor,temperature_humidity_sensor,Demo Room,30.2,46.0,Critical,0,Normal Pattern,100,High,Critical Cold-Storage Failure,Critical Cold-Storage Failure
2026-08-14 12:12:54,ESP32_ROOM_1,ESP32,External,ESP32_ROOM_1,30.2,46.0,-,0,Security Event,0,Low,Continue monitoring and maintain secure sensor authentication,Valid ESP32 HMAC Reading,Valid ESP32 HMAC Reading,200
2026-08-14 12:12:54,Real ESP32 Room Sensor,temperature_humidity_sensor,Demo Room,30.2,46.0,Critical,0,Normal Pattern,100,High,Critical Cold-Storage Failure,Critical Cold-Storage Failure
2026-08-14 12:12:56,ESP32_ROOM_1,ESP32,External,ESP32_ROOM_1,30.2,46.0,-,0,Security Event,0,Low,Continue monitoring and maintain secure sensor authentication,Valid ESP32 HMAC Reading,Valid ESP32 HMAC Reading,200
2026-08-14 12:12:56,Real ESP32 Room Sensor,temperature_humidity_sensor,Demo Room,30.2,46.0,Critical,0,Normal Pattern,100,High,Critical Cold-Storage Failure,Critical Cold-Storage Failure
2026-08-14 12:12:58,ESP32_ROOM_1,ESP32,External,ESP32_ROOM_1,30.2,46.0,-,0,Security Event,0,Low,Continue monitoring and maintain secure sensor authentication,Valid ESP32 HMAC Reading,Valid ESP32 HMAC Reading,200
2026-08-14 12:12:59,Real ESP32 Room Sensor,temperature_humidity_sensor,Demo Room,30.2,46.0,Critical,0,Normal Pattern,100,High,Critical Cold-Storage Failure,Critical Cold-Storage Failure
2026-08-14 12:13:01,ESP32_ROOM_1,ESP32,External,ESP32_ROOM_1,30.2,46.0,-,0,Security Event,0,Low,Continue monitoring and maintain secure sensor authentication,Valid ESP32 HMAC Reading,Valid ESP32 HMAC Reading,200
2026-08-14 12:13:01,Real ESP32 Room Sensor,temperature_humidity_sensor,Demo Room,30.2,46.0,Critical,0,Normal Pattern,100,High,Critical Cold-Storage Failure,Critical Cold-Storage Failure
2026-08-14 12:13:03,ESP32_ROOM_1,ESP32,External,ESP32_ROOM_1,30.2,46.0,-,0,Security Event,0,Low,Continue monitoring and maintain secure sensor authentication,Valid ESP32 HMAC Reading,Valid ESP32 HMAC Reading,200
2026-08-14 12:13:03,Real ESP32 Room Sensor,temperature_humidity_sensor,Demo Room,30.2,46.0,Critical,0,Normal Pattern,100,High,Critical Cold-Storage Failure,Critical Cold-Storage Failure
2026-08-14 12:13:06,ESP32_ROOM_1,ESP32,External,ESP32_ROOM_1,30.2,46.0,-,0,Security Event,0,Low,Continue monitoring and maintain secure sensor authentication,Valid ESP32 HMAC Reading,Valid ESP32 HMAC Reading,200
2026-08-14 12:13:06,Real ESP32 Room Sensor,temperature_humidity_sensor,Demo Room,30.2,46.0,Critical,0,Normal Pattern,100,High,Critical Cold-Storage Failure,Critical Cold-Storage Failure
2026-08-14 12:13:08,ESP32_ROOM_1,ESP32,External,ESP32_ROOM_1,30.2,46.0,-,0,Security Event,0,Low,Continue monitoring and maintain secure sensor authentication,Valid ESP32 HMAC Reading,Valid ESP32 HMAC Reading,200
2026-08-14 12:13:08,Real ESP32 Room Sensor,temperature_humidity_sensor,Demo Room,30.2,46.0,Critical,0,Normal Pattern,100,High,Critical Cold-Storage Failure,Critical Cold-Storage Failure
2026-08-14 12:13:10,ESP32_ROOM_1,ESP32,External,ESP32_ROOM_1,30.2,46.0,-,0,Security Event,0,Low,Continue monitoring and maintain secure sensor authentication,Valid ESP32 HMAC Reading,Valid ESP32 HMAC Reading,200
2026-08-14 12:13:10,Real ESP32 Room Sensor,temperature_humidity_sensor,Demo Room,30.2,46.0,Critical,0,Normal Pattern,100,High,Critical Cold-Storage Failure,Critical Cold-Storage Failure
2026-08-14 12:13:12,ESP32_ROOM_1,ESP32,External,ESP32_ROOM_1,30.2,46.0,-,0,Security Event,0,Low,Continue monitoring and maintain secure sensor authentication,Valid ESP32 HMAC Reading,Valid ESP32 HMAC Reading,200
2026-08-14 12:13:12,Real ESP32 Room Sensor,temperature_humidity_sensor,Demo Room,30.2,46.0,Critical,0,Normal Pattern,100,High,Critical Cold-Storage Failure,Critical Cold-Storage Failure
2026-08-14 12:13:15,ESP32_ROOM_1,ESP32,External,ESP32_ROOM_1,30.2,46.0,-,0,Security Event,0,Low,Continue monitoring and maintain secure sensor authentication,Valid ESP32 HMAC Reading,Valid ESP32 HMAC Reading,200
2026-08-14 12:13:15,Real ESP32 Room Sensor,temperature_humidity_sensor,Demo Room,30.2,46.0,Critical,0,Normal Pattern,100,High,Critical Cold-Storage Failure,Critical Cold-Storage Failure
2026-08-14 12:13:17,ESP32_ROOM_1,ESP32,External,ESP32_ROOM_1,30.2,46.0,-,0,Security Event,0,Low,Continue monitoring and maintain secure sensor authentication,Valid ESP32 HMAC Reading,Valid ESP32 HMAC Reading,200
2026-08-14 12:13:17,Real ESP32 Room Sensor,temperature_humidity_sensor,Demo Room,30.2,46.0,Critical,0,Normal Pattern,100,High,Critical Cold-Storage Failure,Critical Cold-Storage Failure
2026-08-14 12:13:19,ESP32_ROOM_1,ESP32,External,ESP32_ROOM_1,30.2,46.0,-,0,Security Event,0,Low,Continue monitoring and maintain secure sensor authentication,Valid ESP32 HMAC Reading,Valid ESP32 HMAC Reading,200
2026-08-14 12:13:19,Real ESP32 Room Sensor,temperature_humidity_sensor,Demo Room,30.2,46.0,Critical,0,Normal Pattern,100,High,Critical Cold-Storage Failure,Critical Cold-Storage Failure
2026-08-14 12:13:22,ESP32_ROOM_1,ESP32,External,ESP32_ROOM_1,30.2,46.0,-,0,Security Event,0,Low,Continue monitoring and maintain secure sensor authentication,Valid ESP32 HMAC Reading,Valid ESP32 HMAC Reading,200
2026-08-14 12:13:22,Real ESP32 Room Sensor,temperature_humidity_sensor,Demo Room,30.2,46.0,Critical,0,Normal Pattern,100,High,Critical Cold-Storage Failure,Critical Cold-Storage Failure
2026-08-14 12:13:24,ESP32_ROOM_1,ESP32,External,ESP32_ROOM_1,30.2,46.0,-,0,Security Event,0,Low,Continue monitoring and maintain secure sensor authentication,Valid ESP32 HMAC Reading,Valid ESP32 HMAC Reading,200
2026-08-14 12:13:24,Real ESP32 Room Sensor,temperature_humidity_sensor,Demo Room,30.2,46.0,Critical,0,Normal Pattern,100,High,Critical Cold-Storage Failure,Critical Cold-Storage Failure
2026-08-14 12:13:26,ESP32_ROOM_1,ESP32,External,ESP32_ROOM_1,30.2,46.0,-,0,Security Event,0,Low,Continue monitoring and maintain secure sensor authentication,Valid ESP32 HMAC Reading,Valid ESP32 HMAC Reading,200
2026-08-14 12:13:26,Real ESP32 Room Sensor,temperature_humidity_sensor,Demo Room,30.2,46.0,Critical,0,Normal Pattern,100,High,Critical Cold-Storage Failure,Critical Cold-Storage Failure
2026-08-14 12:13:28,ESP32_ROOM_1,ESP32,External,ESP32_ROOM_1,30.2,46.0,-,0,Security Event,0,Low,Continue monitoring and maintain secure sensor authentication,Valid ESP32 HMAC Reading,Valid ESP32 HMAC Reading,200
2026-08-14 12:13:28,Real ESP32 Room Sensor,temperature_humidity_sensor,Demo Room,30.2,46.0,Critical,0,Normal Pattern,100,High,Critical Cold-Storage Failure,Critical Cold-Storage Failure
2026-08-14 12:13:31,ESP32_ROOM_1,ESP32,External,ESP32_ROOM_1,30.2,46.0,-,0,Security Event,0,Low,Continue monitoring and maintain secure sensor authentication,Valid ESP32 HMAC Reading,Valid ESP32 HMAC Reading,200
2026-08-14 12:13:31,Real ESP32 Room Sensor,temperature_humidity_sensor,Demo Room,30.2,46.0,Critical,0,Normal Pattern,100,High,Critical Cold-Storage Failure,Critical Cold-Storage Failure
2026-08-14 12:13:33,ESP32_ROOM_1,ESP32,External,ESP32_ROOM_1,30.2,46.0,-,0,Security Event,0,Low,Continue monitoring and maintain secure sensor authentication,Valid ESP32 HMAC Reading,Valid ESP32 HMAC Reading,200
2026-08-14 12:13:33,Real ESP32 Room Sensor,temperature_humidity_sensor,Demo Room,30.2,46.0,Critical,0,Normal Pattern,100,High,Critical Cold-Storage Failure,Critical Cold-Storage Failure
2026-08-14 12:13:35,ESP32_ROOM_1,ESP32,External,ESP32_ROOM_1,30.2,46.0,-,0,Security Event,0,Low,Continue monitoring and maintain secure sensor authentication,Valid ESP32 HMAC Reading,Valid ESP32 HMAC Reading,200
2026-08-14 12:13:35,Real ESP32 Room Sensor,temperature_humidity_sensor,Demo Room,30.2,46.0,Critical,0,Normal Pattern,100,High,Critical Cold-Storage Failure,Critical Cold-Storage Failure
2026-08-14 12:13:38,ESP32_ROOM_1,ESP32,External,ESP32_ROOM_1,30.2,46.0,-,0,Security Event,0,Low,Continue monitoring and maintain secure sensor authentication,Valid ESP32 HMAC Reading,Valid ESP32 HMAC Reading,200
2026-08-14 12:13:38,Real ESP32 Room Sensor,temperature_humidity_sensor,Demo Room,30.2,46.0,Critical,0,Normal Pattern,100,High,Critical Cold-Storage Failure,Critical Cold-Storage Failure
2026-08-14 12:13:40,ESP32_ROOM_1,ESP32,External,ESP32_ROOM_1,30.2,46.0,-,0,Security Event,0,Low,Continue monitoring and maintain secure sensor authentication,Valid ESP32 HMAC Reading,Valid ESP32 HMAC Reading,200
2026-08-14 12:13:40,Real ESP32 Room Sensor,temperature_humidity_sensor,Demo Room,30.2,46.0,Critical,0,Normal Pattern,100,High,Critical Cold-Storage Failure,Critical Cold-Storage Failure
2026-08-14 12:13:43,ESP32_ROOM_1,ESP32,External,ESP32_ROOM_1,30.2,46.0,-,0,Security Event,0,Low,Continue monitoring and maintain secure sensor authentication,Valid ESP32 HMAC Reading,Valid ESP32 HMAC Reading,200
2026-08-14 12:13:43,Real ESP32 Room Sensor,temperature_humidity_sensor,Demo Room,30.2,46.0,Critical,0,Normal Pattern,100,High,Critical Cold-Storage Failure,Critical Cold-Storage Failure
2026-08-14 12:13:45,ESP32_ROOM_1,ESP32,External,ESP32_ROOM_1,30.2,46.0,-,0,Security Event,0,Low,Continue monitoring and maintain secure sensor authentication,Valid ESP32 HMAC Reading,Valid ESP32 HMAC Reading,200
2026-08-14 12:13:45,Real ESP32 Room Sensor,temperature_humidity_sensor,Demo Room,30.2,46.0,Critical,0,Normal Pattern,100,High,Critical Cold-Storage Failure,Critical Cold-Storage Failure
2026-08-14 12:13:47,ESP32_ROOM_1,ESP32,External,ESP32_ROOM_1,30.2,46.0,-,0,Security Event,0,Low,Continue monitoring and maintain secure sensor authentication,Valid ESP32 HMAC Reading,Valid ESP32 HMAC Reading,200
2026-08-14 12:13:47,Real ESP32 Room Sensor,temperature_humidity_sensor,Demo Room,30.2,46.0,Critical,0,Normal Pattern,100,High,Critical Cold-Storage Failure,Critical Cold-Storage Failure
2026-08-14 12:13:49,ESP32_ROOM_1,ESP32,External,ESP32_ROOM_1,30.2,46.0,-,0,Security Event,0,Low,Continue monitoring and maintain secure sensor authentication,Valid ESP32 HMAC Reading,Valid ESP32 HMAC Reading,200
2026-08-14 12:13:49,Real ESP32 Room Sensor,temperature_humidity_sensor,Demo Room,30.2,46.0,Critical,0,Normal Pattern,100,High,Critical Cold-Storage Failure,Critical Cold-Storage Failure
2026-08-14 12:13:52,ESP32_ROOM_1,ESP32,External,ESP32_ROOM_1,30.2,46.0,-,0,Security Event,0,Low,Continue monitoring and maintain secure sensor authentication,Valid ESP32 HMAC Reading,Valid ESP32 HMAC Reading,200
2026-08-14 12:13:52,Real ESP32 Room Sensor,temperature_humidity_sensor,Demo Room,30.2,46.0,Critical,0,Normal Pattern,100,High,Critical Cold-Storage Failure,Critical Cold-Storage Failure
2026-08-14 12:13:54,ESP32_ROOM_1,ESP32,External,ESP32_ROOM_1,30.2,46.0,-,0,Security Event,0,Low,Continue monitoring and maintain secure sensor authentication,Valid ESP32 HMAC Reading,Valid ESP32 HMAC Reading,200
2026-08-14 12:13:54,Real ESP32 Room Sensor,temperature_humidity_sensor,Demo Room,30.2,46.0,Critical,0,Normal Pattern,100,High,Critical Cold-Storage Failure,Critical Cold-Storage Failure
2026-08-14 12:13:57,ESP32_ROOM_1,ESP32,External,ESP32_ROOM_1,30.2,46.0,-,0,Security Event,0,Low,Continue monitoring and maintain secure sensor authentication,Valid ESP32 HMAC Reading,Valid ESP32 HMAC Reading,200
2026-08-14 12:13:57,Real ESP32 Room Sensor,temperature_humidity_sensor,Demo Room,30.2,46.0,Critical,0,Normal Pattern,100,High,Critical Cold-Storage Failure,Critical Cold-Storage Failure
2026-08-14 12:13:59,ESP32_ROOM_1,ESP32,External,ESP32_ROOM_1,30.2,46.0,-,0,Security Event,0,Low,Continue monitoring and maintain secure sensor authentication,Valid ESP32 HMAC Reading,Valid ESP32 HMAC Reading,200
2026-08-14 12:13:59,Real ESP32 Room Sensor,temperature_humidity_sensor,Demo Room,30.2,46.0,Critical,0,Normal Pattern,100,High,Critical Cold-Storage Failure,Critical Cold-Storage Failure
2026-08-14 12:14:01,ESP32_ROOM_1,ESP32,External,ESP32_ROOM_1,30.2,46.0,-,0,Security Event,0,Low,Continue monitoring and maintain secure sensor authentication,Valid ESP32 HMAC Reading,Valid ESP32 HMAC Reading,200
2026-08-14 12:14:01,Real ESP32 Room Sensor,temperature_humidity_sensor,Demo Room,30.2,46.0,Critical,0,Normal Pattern,100,High,Critical Cold-Storage Failure,Critical Cold-Storage Failure
2026-08-14 12:14:03,ESP32_ROOM_1,ESP32,External,ESP32_ROOM_1,30.2,46.0,-,0,Security Event,0,Low,Continue monitoring and maintain secure sensor authentication,Valid ESP32 HMAC Reading,Valid ESP32 HMAC Reading,200
2026-08-14 12:14:04,Real ESP32 Room Sensor,temperature_humidity_sensor,Demo Room,30.2,46.0,Critical,0,Normal Pattern,100,High,Critical Cold-Storage Failure,Critical Cold-Storage Failure
2026-08-14 12:14:06,ESP32_ROOM_1,ESP32,External,ESP32_ROOM_1,30.2,46.0,-,0,Security Event,0,Low,Continue monitoring and maintain secure sensor authentication,Valid ESP32 HMAC Reading,Valid ESP32 HMAC Reading,200
2026-08-14 12:14:06,Real ESP32 Room Sensor,temperature_humidity_sensor,Demo Room,30.2,46.0,Critical,0,Normal Pattern,100,High,Critical Cold-Storage Failure,Critical Cold-Storage Failure
2026-08-14 12:14:08,ESP32_ROOM_1,ESP32,External,ESP32_ROOM_1,30.2,46.0,-,0,Security Event,0,Low,Continue monitoring and maintain secure sensor authentication,Valid ESP32 HMAC Reading,Valid ESP32 HMAC Reading,200
2026-08-14 12:14:08,Real ESP32 Room Sensor,temperature_humidity_sensor,Demo Room,30.2,46.0,Critical,0,Normal Pattern,100,High,Critical Cold-Storage Failure,Critical Cold-Storage Failure
2026-08-14 12:14:11,ESP32_ROOM_1,ESP32,External,ESP32_ROOM_1,30.2,46.0,-,0,Security Event,0,Low,Continue monitoring and maintain secure sensor authentication,Valid ESP32 HMAC Reading,Valid ESP32 HMAC Reading,200
2026-08-14 12:14:11,Real ESP32 Room Sensor,temperature_humidity_sensor,Demo Room,30.2,46.0,Critical,0,Normal Pattern,100,High,Critical Cold-Storage Failure,Critical Cold-Storage Failure
2026-08-14 12:14:13,ESP32_ROOM_1,ESP32,External,ESP32_ROOM_1,30.2,46.0,-,0,Security Event,0,Low,Continue monitoring and maintain secure sensor authentication,Valid ESP32 HMAC Reading,Valid ESP32 HMAC Reading,200
2026-08-14 12:14:13,Real ESP32 Room Sensor,temperature_humidity_sensor,Demo Room,30.2,46.0,Critical,0,Normal Pattern,100,High,Critical Cold-Storage Failure,Critical Cold-Storage Failure
2026-08-14 12:14:16,ESP32_ROOM_1,ESP32,External,ESP32_ROOM_1,30.2,46.0,-,0,Security Event,0,Low,Continue monitoring and maintain secure sensor authentication,Valid ESP32 HMAC Reading,Valid ESP32 HMAC Reading,200
2026-08-14 12:14:16,Real ESP32 Room Sensor,temperature_humidity_sensor,Demo Room,30.2,46.0,Critical,0,Normal Pattern,100,High,Critical Cold-Storage Failure,Critical Cold-Storage Failure
2026-08-14 12:14:18,ESP32_ROOM_1,ESP32,External,ESP32_ROOM_1,30.2,46.0,-,0,Security Event,0,Low,Continue monitoring and maintain secure sensor authentication,Valid ESP32 HMAC Reading,Valid ESP32 HMAC Reading,200
2026-08-14 12:14:18,Real ESP32 Room Sensor,temperature_humidity_sensor,Demo Room,30.2,46.0,Critical,0,Normal Pattern,100,High,Critical Cold-Storage Failure,Critical Cold-Storage Failure
2026-08-14 12:14:20,ESP32_ROOM_1,ESP32,External,ESP32_ROOM_1,30.2,46.0,-,0,Security Event,0,Low,Continue monitoring and maintain secure sensor authentication,Valid ESP32 HMAC Reading,Valid ESP32 HMAC Reading,200
2026-08-14 12:14:20,Real ESP32 Room Sensor,temperature_humidity_sensor,Demo Room,30.2,46.0,Critical,0,Normal Pattern,100,High,Critical Cold-Storage Failure,Critical Cold-Storage Failure
2026-08-14 12:14:22,ESP32_ROOM_1,ESP32,External,ESP32_ROOM_1,30.2,46.0,-,0,Security Event,0,Low,Continue monitoring and maintain secure sensor authentication,Valid ESP32 HMAC Reading,Valid ESP32 HMAC Reading,200
2026-08-14 12:14:22,Real ESP32 Room Sensor,temperature_humidity_sensor,Demo Room,30.2,46.0,Critical,0,Normal Pattern,100,High,Critical Cold-Storage Failure,Critical Cold-Storage Failure
2026-08-14 12:14:25,ESP32_ROOM_1,ESP32,External,ESP32_ROOM_1,30.2,46.0,-,0,Security Event,0,Low,Continue monitoring and maintain secure sensor authentication,Valid ESP32 HMAC Reading,Valid ESP32 HMAC Reading,200
2026-08-14 12:14:25,Real ESP32 Room Sensor,temperature_humidity_sensor,Demo Room,30.2,46.0,Critical,0,Normal Pattern,100,High,Critical Cold-Storage Failure,Critical Cold-Storage Failure
2026-08-14 12:14:27,ESP32_ROOM_1,ESP32,External,ESP32_ROOM_1,30.2,46.0,-,0,Security Event,0,Low,Continue monitoring and maintain secure sensor authentication,Valid ESP32 HMAC Reading,Valid ESP32 HMAC Reading,200
2026-08-14 12:14:27,Real ESP32 Room Sensor,temperature_humidity_sensor,Demo Room,30.2,46.0,Critical,0,Normal Pattern,100,High,Critical Cold-Storage Failure,Critical Cold-Storage Failure
2026-08-14 12:14:29,ESP32_ROOM_1,ESP32,External,ESP32_ROOM_1,30.2,46.0,-,0,Security Event,0,Low,Continue monitoring and maintain secure sensor authentication,Valid ESP32 HMAC Reading,Valid ESP32 HMAC Reading,200
2026-08-14 12:14:29,Real ESP32 Room Sensor,temperature_humidity_sensor,Demo Room,30.2,46.0,Critical,0,Normal Pattern,100,High,Critical Cold-Storage Failure,Critical Cold-Storage Failure
2026-08-14 12:14:32,ESP32_ROOM_1,ESP32,External,ESP32_ROOM_1,30.2,46.0,-,0,Security Event,0,Low,Continue monitoring and maintain secure sensor authentication,Valid ESP32 HMAC Reading,Valid ESP32 HMAC Reading,200
2026-08-14 12:14:32,Real ESP32 Room Sensor,temperature_humidity_sensor,Demo Room,30.2,46.0,Critical,0,Normal Pattern,100,High,Critical Cold-Storage Failure,Critical Cold-Storage Failure
2026-08-14 12:14:34,ESP32_ROOM_1,ESP32,External,ESP32_ROOM_1,30.2,46.0,-,0,Security Event,0,Low,Continue monitoring and maintain secure sensor authentication,Valid ESP32 HMAC Reading,Valid ESP32 HMAC Reading,200
2026-08-14 12:14:34,Real ESP32 Room Sensor,temperature_humidity_sensor,Demo Room,30.2,46.0,Critical,0,Normal Pattern,100,High,Critical Cold-Storage Failure,Critical Cold-Storage Failure
2026-08-14 12:14:36,ESP32_ROOM_1,ESP32,External,ESP32_ROOM_1,30.2,46.0,-,0,Security Event,0,Low,Continue monitoring and maintain secure sensor authentication,Valid ESP32 HMAC Reading,Valid ESP32 HMAC Reading,200
2026-08-14 12:14:36,Real ESP32 Room Sensor,temperature_humidity_sensor,Demo Room,30.2,46.0,Critical,0,Normal Pattern,100,High,Critical Cold-Storage Failure,Critical Cold-Storage Failure
2026-08-14 12:14:39,ESP32_ROOM_1,ESP32,External,ESP32_ROOM_1,30.2,46.0,-,0,Security Event,0,Low,Continue monitoring and maintain secure sensor authentication,Valid ESP32 HMAC Reading,Valid ESP32 HMAC Reading,200
2026-08-14 12:14:39,Real ESP32 Room Sensor,temperature_humidity_sensor,Demo Room,30.2,46.0,Critical,0,Normal Pattern,100,High,Critical Cold-Storage Failure,Critical Cold-Storage Failure
2026-08-14 12:14:41,ESP32_ROOM_1,ESP32,External,ESP32_ROOM_1,30.2,46.0,-,0,Security Event,0,Low,Continue monitoring and maintain secure sensor authentication,Valid ESP32 HMAC Reading,Valid ESP32 HMAC Reading,200
2026-08-14 12:14:41,Real ESP32 Room Sensor,temperature_humidity_sensor,Demo Room,30.2,46.0,Critical,0,Normal Pattern,100,High,Critical Cold-Storage Failure,Critical Cold-Storage Failure
2026-08-14 12:14:43,ESP32_ROOM_1,ESP32,External,ESP32_ROOM_1,30.2,46.0,-,0,Security Event,0,Low,Continue monitoring and maintain secure sensor authentication,Valid ESP32 HMAC Reading,Valid ESP32 HMAC Reading,200
2026-08-14 12:14:43,Real ESP32 Room Sensor,temperature_humidity_sensor,Demo Room,30.2,46.0,Critical,0,Normal Pattern,100,High,Critical Cold-Storage Failure,Critical Cold-Storage Failure
2026-08-14 12:14:46,ESP32_ROOM_1,ESP32,External,ESP32_ROOM_1,30.2,46.0,-,0,Security Event,0,Low,Continue monitoring and maintain secure sensor authentication,Valid ESP32 HMAC Reading,Valid ESP32 HMAC Reading,200
2026-08-14 12:14:46,Real ESP32 Room Sensor,temperature_humidity_sensor,Demo Room,30.2,46.0,Critical,0,Normal Pattern,100,High,Critical Cold-Storage Failure,Critical Cold-Storage Failure
2026-08-14 12:14:48,ESP32_ROOM_1,ESP32,External,ESP32_ROOM_1,30.2,46.0,-,0,Security Event,0,Low,Continue monitoring and maintain secure sensor authentication,Valid ESP32 HMAC Reading,Valid ESP32 HMAC Reading,200
2026-08-14 12:14:48,Real ESP32 Room Sensor,temperature_humidity_sensor,Demo Room,30.2,46.0,Critical,0,Normal Pattern,100,High,Critical Cold-Storage Failure,Critical Cold-Storage Failure
2026-08-14 12:14:50,ESP32_ROOM_1,ESP32,External,ESP32_ROOM_1,30.2,46.0,-,0,Security Event,0,Low,Continue monitoring and maintain secure sensor authentication,Valid ESP32 HMAC Reading,Valid ESP32 HMAC Reading,200
2026-08-14 12:14:50,Real ESP32 Room Sensor,temperature_humidity_sensor,Demo Room,30.2,46.0,Critical,0,Normal Pattern,100,High,Critical Cold-Storage Failure,Critical Cold-Storage Failure
2026-08-14 12:14:52,ESP32_ROOM_1,ESP32,External,ESP32_ROOM_1,30.2,46.0,-,0,Security Event,0,Low,Continue monitoring and maintain secure sensor authentication,Valid ESP32 HMAC Reading,Valid ESP32 HMAC Reading,200
2026-08-14 12:14:53,Real ESP32 Room Sensor,temperature_humidity_sensor,Demo Room,30.2,46.0,Critical,0,Normal Pattern,100,High,Critical Cold-Storage Failure,Critical Cold-Storage Failure
2026-08-14 12:14:55,ESP32_ROOM_1,ESP32,External,ESP32_ROOM_1,30.2,46.0,-,0,Security Event,0,Low,Continue monitoring and maintain secure sensor authentication,Valid ESP32 HMAC Reading,Valid ESP32 HMAC Reading,200
2026-08-14 12:14:55,Real ESP32 Room Sensor,temperature_humidity_sensor,Demo Room,30.2,46.0,Critical,0,Normal Pattern,100,High,Critical Cold-Storage Failure,Critical Cold-Storage Failure
2026-08-14 12:14:57,ESP32_ROOM_1,ESP32,External,ESP32_ROOM_1,30.2,46.0,-,0,Security Event,0,Low,Continue monitoring and maintain secure sensor authentication,Valid ESP32 HMAC Reading,Valid ESP32 HMAC Reading,200
2026-08-14 12:14:57,Real ESP32 Room Sensor,temperature_humidity_sensor,Demo Room,30.2,46.0,Critical,0,Normal Pattern,100,High,Critical Cold-Storage Failure,Critical Cold-Storage Failure
2026-08-14 12:14:59,ESP32_ROOM_1,ESP32,External,ESP32_ROOM_1,30.2,46.0,-,0,Security Event,0,Low,Continue monitoring and maintain secure sensor authentication,Valid ESP32 HMAC Reading,Valid ESP32 HMAC Reading,200
2026-08-14 12:14:59,Real ESP32 Room Sensor,temperature_humidity_sensor,Demo Room,30.2,46.0,Critical,0,Normal Pattern,100,High,Critical Cold-Storage Failure,Critical Cold-Storage Failure
2026-08-14 12:15:02,ESP32_ROOM_1,ESP32,External,ESP32_ROOM_1,30.2,46.0,-,0,Security Event,0,Low,Continue monitoring and maintain secure sensor authentication,Valid ESP32 HMAC Reading,Valid ESP32 HMAC Reading,200
2026-08-14 12:15:02,Real ESP32 Room Sensor,temperature_humidity_sensor,Demo Room,30.2,46.0,Critical,0,Normal Pattern,100,High,Critical Cold-Storage Failure,Critical Cold-Storage Failure
2026-08-14 12:15:04,ESP32_ROOM_1,ESP32,External,ESP32_ROOM_1,30.2,46.0,-,0,Security Event,0,Low,Continue monitoring and maintain secure sensor authentication,Valid ESP32 HMAC Reading,Valid ESP32 HMAC Reading,200
2026-08-14 12:15:04,Real ESP32 Room Sensor,temperature_humidity_sensor,Demo Room,30.2,46.0,Critical,0,Normal Pattern,100,High,Critical Cold-Storage Failure,Critical Cold-Storage Failure
2026-08-14 12:15:06,ESP32_ROOM_1,ESP32,External,ESP32_ROOM_1,30.2,46.0,-,0,Security Event,0,Low,Continue monitoring and maintain secure sensor authentication,Valid ESP32 HMAC Reading,Valid ESP32 HMAC Reading,200
2026-08-14 12:15:06,Real ESP32 Room Sensor,temperature_humidity_sensor,Demo Room,30.2,46.0,Critical,0,Normal Pattern,100,High,Critical Cold-Storage Failure,Critical Cold-Storage Failure
2026-08-14 12:15:09,ESP32_ROOM_1,ESP32,External,ESP32_ROOM_1,30.2,46.0,-,0,Security Event,0,Low,Continue monitoring and maintain secure sensor authentication,Valid ESP32 HMAC Reading,Valid ESP32 HMAC Reading,200
2026-08-14 12:15:09,Real ESP32 Room Sensor,temperature_humidity_sensor,Demo Room,30.2,46.0,Critical,0,Normal Pattern,100,High,Critical Cold-Storage Failure,Critical Cold-Storage Failure
2026-08-14 12:15:11,ESP32_ROOM_1,ESP32,External,ESP32_ROOM_1,30.2,46.0,-,0,Security Event,0,Low,Continue monitoring and maintain secure sensor authentication,Valid ESP32 HMAC Reading,Valid ESP32 HMAC Reading,200
2026-08-14 12:15:11,Real ESP32 Room Sensor,temperature_humidity_sensor,Demo Room,30.2,46.0,Critical,0,Normal Pattern,100,High,Critical Cold-Storage Failure,Critical Cold-Storage Failure
2026-08-14 12:15:14,ESP32_ROOM_1,ESP32,External,ESP32_ROOM_1,30.2,46.0,-,0,Security Event,0,Low,Continue monitoring and maintain secure sensor authentication,Valid ESP32 HMAC Reading,Valid ESP32 HMAC Reading,200
2026-08-14 12:15:14,Real ESP32 Room Sensor,temperature_humidity_sensor,Demo Room,30.2,46.0,Critical,0,Normal Pattern,100,High,Critical Cold-Storage Failure,Critical Cold-Storage Failure
2026-08-14 12:15:16,ESP32_ROOM_1,ESP32,External,ESP32_ROOM_1,30.2,46.0,-,0,Security Event,0,Low,Continue monitoring and maintain secure sensor authentication,Valid ESP32 HMAC Reading,Valid ESP32 HMAC Reading,200
2026-08-14 12:15:16,Real ESP32 Room Sensor,temperature_humidity_sensor,Demo Room,30.2,46.0,Critical,0,Normal Pattern,100,High,Critical Cold-Storage Failure,Critical Cold-Storage Failure
2026-08-14 12:15:18,ESP32_ROOM_1,ESP32,External,ESP32_ROOM_1,30.2,46.0,-,0,Security Event,0,Low,Continue monitoring and maintain secure sensor authentication,Valid ESP32 HMAC Reading,Valid ESP32 HMAC Reading,200
2026-08-14 12:15:18,Real ESP32 Room Sensor,temperature_humidity_sensor,Demo Room,30.2,46.0,Critical,0,Normal Pattern,100,High,Critical Cold-Storage Failure,Critical Cold-Storage Failure
2026-08-14 12:15:20,ESP32_ROOM_1,ESP32,External,ESP32_ROOM_1,30.2,46.0,-,0,Security Event,0,Low,Continue monitoring and maintain secure sensor authentication,Valid ESP32 HMAC Reading,Valid ESP32 HMAC Reading,200
2026-08-14 12:15:21,Real ESP32 Room Sensor,temperature_humidity_sensor,Demo Room,30.2,46.0,Critical,0,Normal Pattern,100,High,Critical Cold-Storage Failure,Critical Cold-Storage Failure
2026-08-14 12:15:23,ESP32_ROOM_1,ESP32,External,ESP32_ROOM_1,30.2,46.0,-,0,Security Event,0,Low,Continue monitoring and maintain secure sensor authentication,Valid ESP32 HMAC Reading,Valid ESP32 HMAC Reading,200
2026-08-14 12:15:23,Real ESP32 Room Sensor,temperature_humidity_sensor,Demo Room,30.2,46.0,Critical,0,Normal Pattern,100,High,Critical Cold-Storage Failure,Critical Cold-Storage Failure
2026-08-14 12:15:25,ESP32_ROOM_1,ESP32,External,ESP32_ROOM_1,30.2,46.0,-,0,Security Event,0,Low,Continue monitoring and maintain secure sensor authentication,Valid ESP32 HMAC Reading,Valid ESP32 HMAC Reading,200
2026-08-14 12:15:25,Real ESP32 Room Sensor,temperature_humidity_sensor,Demo Room,30.2,46.0,Critical,0,Normal Pattern,100,High,Critical Cold-Storage Failure,Critical Cold-Storage Failure
2026-08-14 12:15:27,ESP32_ROOM_1,ESP32,External,ESP32_ROOM_1,30.2,46.0,-,0,Security Event,0,Low,Continue monitoring and maintain secure sensor authentication,Valid ESP32 HMAC Reading,Valid ESP32 HMAC Reading,200
2026-08-14 12:15:28,Real ESP32 Room Sensor,temperature_humidity_sensor,Demo Room,30.2,46.0,Critical,0,Normal Pattern,100,High,Critical Cold-Storage Failure,Critical Cold-Storage Failure
2026-08-14 12:15:30,ESP32_ROOM_1,ESP32,External,ESP32_ROOM_1,30.2,46.0,-,0,Security Event,0,Low,Continue monitoring and maintain secure sensor authentication,Valid ESP32 HMAC Reading,Valid ESP32 HMAC Reading,200
2026-08-14 12:15:30,Real ESP32 Room Sensor,temperature_humidity_sensor,Demo Room,30.2,46.0,Critical,0,Normal Pattern,100,High,Critical Cold-Storage Failure,Critical Cold-Storage Failure
2026-08-14 12:15:32,ESP32_ROOM_1,ESP32,External,ESP32_ROOM_1,30.2,46.0,-,0,Security Event,0,Low,Continue monitoring and maintain secure sensor authentication,Valid ESP32 HMAC Reading,Valid ESP32 HMAC Reading,200
2026-08-14 12:15:32,Real ESP32 Room Sensor,temperature_humidity_sensor,Demo Room,30.2,46.0,Critical,0,Normal Pattern,100,High,Critical Cold-Storage Failure,Critical Cold-Storage Failure
2026-08-14 12:15:34,ESP32_ROOM_1,ESP32,External,ESP32_ROOM_1,30.2,46.0,-,0,Security Event,0,Low,Continue monitoring and maintain secure sensor authentication,Valid ESP32 HMAC Reading,Valid ESP32 HMAC Reading,200
2026-08-14 12:15:34,Real ESP32 Room Sensor,temperature_humidity_sensor,Demo Room,30.2,46.0,Critical,0,Normal Pattern,100,High,Critical Cold-Storage Failure,Critical Cold-Storage Failure
2026-08-14 12:15:37,ESP32_ROOM_1,ESP32,External,ESP32_ROOM_1,30.2,46.0,-,0,Security Event,0,Low,Continue monitoring and maintain secure sensor authentication,Valid ESP32 HMAC Reading,Valid ESP32 HMAC Reading,200
2026-08-14 12:15:37,Real ESP32 Room Sensor,temperature_humidity_sensor,Demo Room,30.2,46.0,Critical,0,Normal Pattern,100,High,Critical Cold-Storage Failure,Critical Cold-Storage Failure
2026-08-14 12:15:39,ESP32_ROOM_1,ESP32,External,ESP32_ROOM_1,30.2,46.0,-,0,Security Event,0,Low,Continue monitoring and maintain secure sensor authentication,Valid ESP32 HMAC Reading,Valid ESP32 HMAC Reading,200
2026-08-14 12:15:39,Real ESP32 Room Sensor,temperature_humidity_sensor,Demo Room,30.2,46.0,Critical,0,Normal Pattern,100,High,Critical Cold-Storage Failure,Critical Cold-Storage Failure
2026-08-14 12:15:41,ESP32_ROOM_1,ESP32,External,ESP32_ROOM_1,30.2,46.0,-,0,Security Event,0,Low,Continue monitoring and maintain secure sensor authentication,Valid ESP32 HMAC Reading,Valid ESP32 HMAC Reading,200
2026-08-14 12:15:41,Real ESP32 Room Sensor,temperature_humidity_sensor,Demo Room,30.2,46.0,Critical,0,Normal Pattern,100,High,Critical Cold-Storage Failure,Critical Cold-Storage Failure
2026-08-14 12:15:44,ESP32_ROOM_1,ESP32,External,ESP32_ROOM_1,30.2,46.0,-,0,Security Event,0,Low,Continue monitoring and maintain secure sensor authentication,Valid ESP32 HMAC Reading,Valid ESP32 HMAC Reading,200
2026-08-14 12:15:44,Real ESP32 Room Sensor,temperature_humidity_sensor,Demo Room,30.2,46.0,Critical,0,Normal Pattern,100,High,Critical Cold-Storage Failure,Critical Cold-Storage Failure
2026-08-14 12:15:46,ESP32_ROOM_1,ESP32,External,ESP32_ROOM_1,30.2,46.0,-,0,Security Event,0,Low,Continue monitoring and maintain secure sensor authentication,Valid ESP32 HMAC Reading,Valid ESP32 HMAC Reading,200
2026-08-14 12:15:46,Real ESP32 Room Sensor,temperature_humidity_sensor,Demo Room,30.2,46.0,Critical,0,Normal Pattern,100,High,Critical Cold-Storage Failure,Critical Cold-Storage Failure
2026-08-14 12:15:48,ESP32_ROOM_1,ESP32,External,ESP32_ROOM_1,30.2,46.0,-,0,Security Event,0,Low,Continue monitoring and maintain secure sensor authentication,Valid ESP32 HMAC Reading,Valid ESP32 HMAC Reading,200
2026-08-14 12:15:48,Real ESP32 Room Sensor,temperature_humidity_sensor,Demo Room,30.2,46.0,Critical,0,Normal Pattern,100,High,Critical Cold-Storage Failure,Critical Cold-Storage Failure
2026-08-14 12:15:51,ESP32_ROOM_1,ESP32,External,ESP32_ROOM_1,30.2,46.0,-,0,Security Event,0,Low,Continue monitoring and maintain secure sensor authentication,Valid ESP32 HMAC Reading,Valid ESP32 HMAC Reading,200
2026-08-14 12:15:51,Real ESP32 Room Sensor,temperature_humidity_sensor,Demo Room,30.2,46.0,Critical,0,Normal Pattern,100,High,Critical Cold-Storage Failure,Critical Cold-Storage Failure
2026-08-14 12:15:53,ESP32_ROOM_1,ESP32,External,ESP32_ROOM_1,30.2,46.0,-,0,Security Event,0,Low,Continue monitoring and maintain secure sensor authentication,Valid ESP32 HMAC Reading,Valid ESP32 HMAC Reading,200
2026-08-14 12:15:53,Real ESP32 Room Sensor,temperature_humidity_sensor,Demo Room,30.2,46.0,Critical,0,Normal Pattern,100,High,Critical Cold-Storage Failure,Critical Cold-Storage Failure
2026-08-14 12:15:55,ESP32_ROOM_1,ESP32,External,ESP32_ROOM_1,30.2,46.0,-,0,Security Event,0,Low,Continue monitoring and maintain secure sensor authentication,Valid ESP32 HMAC Reading,Valid ESP32 HMAC Reading,200
2026-08-14 12:15:55,Real ESP32 Room Sensor,temperature_humidity_sensor,Demo Room,30.2,46.0,Critical,0,Normal Pattern,100,High,Critical Cold-Storage Failure,Critical Cold-Storage Failure
2026-08-14 12:15:57,ESP32_ROOM_1,ESP32,External,ESP32_ROOM_1,30.2,46.0,-,0,Security Event,0,Low,Continue monitoring and maintain secure sensor authentication,Valid ESP32 HMAC Reading,Valid ESP32 HMAC Reading,200
2026-08-14 12:15:58,Real ESP32 Room Sensor,temperature_humidity_sensor,Demo Room,30.2,46.0,Critical,0,Normal Pattern,100,High,Critical Cold-Storage Failure,Critical Cold-Storage Failure
2026-08-14 12:16:00,ESP32_ROOM_1,ESP32,External,ESP32_ROOM_1,30.2,46.0,-,0,Security Event,0,Low,Continue monitoring and maintain secure sensor authentication,Valid ESP32 HMAC Reading,Valid ESP32 HMAC Reading,200
2026-08-14 12:16:00,Real ESP32 Room Sensor,temperature_humidity_sensor,Demo Room,30.2,46.0,Critical,0,Normal Pattern,100,High,Critical Cold-Storage Failure,Critical Cold-Storage Failure
2026-08-14 12:16:02,ESP32_ROOM_1,ESP32,External,ESP32_ROOM_1,30.2,46.0,-,0,Security Event,0,Low,Continue monitoring and maintain secure sensor authentication,Valid ESP32 HMAC Reading,Valid ESP32 HMAC Reading,200
2026-08-14 12:16:02,Real ESP32 Room Sensor,temperature_humidity_sensor,Demo Room,30.2,46.0,Critical,0,Normal Pattern,100,High,Critical Cold-Storage Failure,Critical Cold-Storage Failure
2026-08-14 12:16:04,ESP32_ROOM_1,ESP32,External,ESP32_ROOM_1,30.2,46.0,-,0,Security Event,0,Low,Continue monitoring and maintain secure sensor authentication,Valid ESP32 HMAC Reading,Valid ESP32 HMAC Reading,200
2026-08-14 12:16:04,Real ESP32 Room Sensor,temperature_humidity_sensor,Demo Room,30.2,46.0,Critical,0,Normal Pattern,100,High,Critical Cold-Storage Failure,Critical Cold-Storage Failure
2026-08-14 12:16:07,ESP32_ROOM_1,ESP32,External,ESP32_ROOM_1,30.2,46.0,-,0,Security Event,0,Low,Continue monitoring and maintain secure sensor authentication,Valid ESP32 HMAC Reading,Valid ESP32 HMAC Reading,200
2026-08-14 12:16:07,Real ESP32 Room Sensor,temperature_humidity_sensor,Demo Room,30.2,46.0,Critical,0,Normal Pattern,100,High,Critical Cold-Storage Failure,Critical Cold-Storage Failure
2026-08-14 12:16:09,ESP32_ROOM_1,ESP32,External,ESP32_ROOM_1,30.2,46.0,-,0,Security Event,0,Low,Continue monitoring and maintain secure sensor authentication,Valid ESP32 HMAC Reading,Valid ESP32 HMAC Reading,200
2026-08-14 12:16:09,Real ESP32 Room Sensor,temperature_humidity_sensor,Demo Room,30.2,46.0,Critical,0,Normal Pattern,100,High,Critical Cold-Storage Failure,Critical Cold-Storage Failure
2026-08-14 12:16:11,ESP32_ROOM_1,ESP32,External,ESP32_ROOM_1,30.2,46.0,-,0,Security Event,0,Low,Continue monitoring and maintain secure sensor authentication,Valid ESP32 HMAC Reading,Valid ESP32 HMAC Reading,200
2026-08-14 12:16:11,Real ESP32 Room Sensor,temperature_humidity_sensor,Demo Room,30.2,46.0,Critical,0,Normal Pattern,100,High,Critical Cold-Storage Failure,Critical Cold-Storage Failure
2026-08-14 12:16:14,ESP32_ROOM_1,ESP32,External,ESP32_ROOM_1,30.2,46.0,-,0,Security Event,0,Low,Continue monitoring and maintain secure sensor authentication,Valid ESP32 HMAC Reading,Valid ESP32 HMAC Reading,200
2026-08-14 12:16:14,Real ESP32 Room Sensor,temperature_humidity_sensor,Demo Room,30.2,46.0,Critical,0,Normal Pattern,100,High,Critical Cold-Storage Failure,Critical Cold-Storage Failure
2026-08-14 12:16:16,ESP32_ROOM_1,ESP32,External,ESP32_ROOM_1,30.2,46.0,-,0,Security Event,0,Low,Continue monitoring and maintain secure sensor authentication,Valid ESP32 HMAC Reading,Valid ESP32 HMAC Reading,200
2026-08-14 12:16:16,Real ESP32 Room Sensor,temperature_humidity_sensor,Demo Room,30.2,46.0,Critical,0,Normal Pattern,100,High,Critical Cold-Storage Failure,Critical Cold-Storage Failure
2026-08-14 12:16:18,ESP32_ROOM_1,ESP32,External,ESP32_ROOM_1,30.2,46.0,-,0,Security Event,0,Low,Continue monitoring and maintain secure sensor authentication,Valid ESP32 HMAC Reading,Valid ESP32 HMAC Reading,200
2026-08-14 12:16:18,Real ESP32 Room Sensor,temperature_humidity_sensor,Demo Room,30.2,46.0,Critical,0,Normal Pattern,100,High,Critical Cold-Storage Failure,Critical Cold-Storage Failure
2026-08-14 12:16:20,ESP32_ROOM_1,ESP32,External,ESP32_ROOM_1,30.2,46.0,-,0,Security Event,0,Low,Continue monitoring and maintain secure sensor authentication,Valid ESP32 HMAC Reading,Valid ESP32 HMAC Reading,200
2026-08-14 12:16:21,Real ESP32 Room Sensor,temperature_humidity_sensor,Demo Room,30.2,46.0,Critical,0,Normal Pattern,100,High,Critical Cold-Storage Failure,Critical Cold-Storage Failure
2026-08-14 12:16:23,ESP32_ROOM_1,ESP32,External,ESP32_ROOM_1,30.2,46.0,-,0,Security Event,0,Low,Continue monitoring and maintain secure sensor authentication,Valid ESP32 HMAC Reading,Valid ESP32 HMAC Reading,200
2026-08-14 12:16:23,Real ESP32 Room Sensor,temperature_humidity_sensor,Demo Room,30.2,46.0,Critical,0,Normal Pattern,100,High,Critical Cold-Storage Failure,Critical Cold-Storage Failure
2026-08-14 12:16:25,ESP32_ROOM_1,ESP32,External,ESP32_ROOM_1,30.2,46.0,-,0,Security Event,0,Low,Continue monitoring and maintain secure sensor authentication,Valid ESP32 HMAC Reading,Valid ESP32 HMAC Reading,200
2026-08-14 12:16:25,Real ESP32 Room Sensor,temperature_humidity_sensor,Demo Room,30.2,46.0,Critical,0,Normal Pattern,100,High,Critical Cold-Storage Failure,Critical Cold-Storage Failure
2026-08-14 12:16:27,ESP32_ROOM_1,ESP32,External,ESP32_ROOM_1,30.2,46.0,-,0,Security Event,0,Low,Continue monitoring and maintain secure sensor authentication,Valid ESP32 HMAC Reading,Valid ESP32 HMAC Reading,200
2026-08-14 12:16:27,Real ESP32 Room Sensor,temperature_humidity_sensor,Demo Room,30.2,46.0,Critical,0,Normal Pattern,100,High,Critical Cold-Storage Failure,Critical Cold-Storage Failure
2026-08-14 12:16:30,ESP32_ROOM_1,ESP32,External,ESP32_ROOM_1,30.2,46.0,-,0,Security Event,0,Low,Continue monitoring and maintain secure sensor authentication,Valid ESP32 HMAC Reading,Valid ESP32 HMAC Reading,200
2026-08-14 12:16:30,Real ESP32 Room Sensor,temperature_humidity_sensor,Demo Room,30.2,46.0,Critical,0,Normal Pattern,100,High,Critical Cold-Storage Failure,Critical Cold-Storage Failure
2026-08-14 12:16:32,ESP32_ROOM_1,ESP32,External,ESP32_ROOM_1,30.2,46.0,-,0,Security Event,0,Low,Continue monitoring and maintain secure sensor authentication,Valid ESP32 HMAC Reading,Valid ESP32 HMAC Reading,200
2026-08-14 12:16:32,Real ESP32 Room Sensor,temperature_humidity_sensor,Demo Room,30.2,46.0,Critical,0,Normal Pattern,100,High,Critical Cold-Storage Failure,Critical Cold-Storage Failure
2026-08-14 12:16:34,ESP32_ROOM_1,ESP32,External,ESP32_ROOM_1,30.2,46.0,-,0,Security Event,0,Low,Continue monitoring and maintain secure sensor authentication,Valid ESP32 HMAC Reading,Valid ESP32 HMAC Reading,200
2026-08-14 12:16:34,Real ESP32 Room Sensor,temperature_humidity_sensor,Demo Room,30.2,46.0,Critical,0,Normal Pattern,100,High,Critical Cold-Storage Failure,Critical Cold-Storage Failure
2026-08-14 12:16:36,ESP32_ROOM_1,ESP32,External,ESP32_ROOM_1,30.2,46.0,-,0,Security Event,0,Low,Continue monitoring and maintain secure sensor authentication,Valid ESP32 HMAC Reading,Valid ESP32 HMAC Reading,200
2026-08-14 12:16:37,Real ESP32 Room Sensor,temperature_humidity_sensor,Demo Room,30.2,46.0,Critical,0,Normal Pattern,100,High,Critical Cold-Storage Failure,Critical Cold-Storage Failure
2026-08-14 12:16:39,ESP32_ROOM_1,ESP32,External,ESP32_ROOM_1,30.2,46.0,-,0,Security Event,0,Low,Continue monitoring and maintain secure sensor authentication,Valid ESP32 HMAC Reading,Valid ESP32 HMAC Reading,200
2026-08-14 12:16:39,Real ESP32 Room Sensor,temperature_humidity_sensor,Demo Room,30.2,46.0,Critical,0,Normal Pattern,100,High,Critical Cold-Storage Failure,Critical Cold-Storage Failure
2026-08-14 12:16:41,ESP32_ROOM_1,ESP32,External,ESP32_ROOM_1,30.2,46.0,-,0,Security Event,0,Low,Continue monitoring and maintain secure sensor authentication,Valid ESP32 HMAC Reading,Valid ESP32 HMAC Reading,200
2026-08-14 12:16:41,Real ESP32 Room Sensor,temperature_humidity_sensor,Demo Room,30.2,46.0,Critical,0,Normal Pattern,100,High,Critical Cold-Storage Failure,Critical Cold-Storage Failure
2026-08-14 12:16:43,ESP32_ROOM_1,ESP32,External,ESP32_ROOM_1,30.2,46.0,-,0,Security Event,0,Low,Continue monitoring and maintain secure sensor authentication,Valid ESP32 HMAC Reading,Valid ESP32 HMAC Reading,200
2026-08-14 12:16:43,Real ESP32 Room Sensor,temperature_humidity_sensor,Demo Room,30.2,46.0,Critical,0,Normal Pattern,100,High,Critical Cold-Storage Failure,Critical Cold-Storage Failure
2026-08-14 12:16:46,ESP32_ROOM_1,ESP32,External,ESP32_ROOM_1,30.2,46.0,-,0,Security Event,0,Low,Continue monitoring and maintain secure sensor authentication,Valid ESP32 HMAC Reading,Valid ESP32 HMAC Reading,200
2026-08-14 12:16:46,Real ESP32 Room Sensor,temperature_humidity_sensor,Demo Room,30.2,46.0,Critical,0,Normal Pattern,100,High,Critical Cold-Storage Failure,Critical Cold-Storage Failure
2026-08-14 12:16:48,ESP32_ROOM_1,ESP32,External,ESP32_ROOM_1,30.2,46.0,-,0,Security Event,0,Low,Continue monitoring and maintain secure sensor authentication,Valid ESP32 HMAC Reading,Valid ESP32 HMAC Reading,200
2026-08-14 12:16:48,Real ESP32 Room Sensor,temperature_humidity_sensor,Demo Room,30.2,46.0,Critical,0,Normal Pattern,100,High,Critical Cold-Storage Failure,Critical Cold-Storage Failure
2026-08-14 12:16:50,ESP32_ROOM_1,ESP32,External,ESP32_ROOM_1,30.2,46.0,-,0,Security Event,0,Low,Continue monitoring and maintain secure sensor authentication,Valid ESP32 HMAC Reading,Valid ESP32 HMAC Reading,200
2026-08-14 12:16:51,Real ESP32 Room Sensor,temperature_humidity_sensor,Demo Room,30.2,46.0,Critical,0,Normal Pattern,100,High,Critical Cold-Storage Failure,Critical Cold-Storage Failure
2026-08-14 12:16:53,ESP32_ROOM_1,ESP32,External,ESP32_ROOM_1,30.2,46.0,-,0,Security Event,0,Low,Continue monitoring and maintain secure sensor authentication,Valid ESP32 HMAC Reading,Valid ESP32 HMAC Reading,200
2026-08-14 12:16:53,Real ESP32 Room Sensor,temperature_humidity_sensor,Demo Room,30.2,46.0,Critical,0,Normal Pattern,100,High,Critical Cold-Storage Failure,Critical Cold-Storage Failure
2026-08-14 12:16:55,ESP32_ROOM_1,ESP32,External,ESP32_ROOM_1,30.2,46.0,-,0,Security Event,0,Low,Continue monitoring and maintain secure sensor authentication,Valid ESP32 HMAC Reading,Valid ESP32 HMAC Reading,200
2026-08-14 12:16:55,Real ESP32 Room Sensor,temperature_humidity_sensor,Demo Room,30.2,46.0,Critical,0,Normal Pattern,100,High,Critical Cold-Storage Failure,Critical Cold-Storage Failure
2026-08-14 12:16:58,ESP32_ROOM_1,ESP32,External,ESP32_ROOM_1,30.2,46.0,-,0,Security Event,0,Low,Continue monitoring and maintain secure sensor authentication,Valid ESP32 HMAC Reading,Valid ESP32 HMAC Reading,200
2026-08-14 12:16:58,Real ESP32 Room Sensor,temperature_humidity_sensor,Demo Room,30.2,46.0,Critical,0,Normal Pattern,100,High,Critical Cold-Storage Failure,Critical Cold-Storage Failure
2026-08-14 12:17:00,ESP32_ROOM_1,ESP32,External,ESP32_ROOM_1,30.2,46.0,-,0,Security Event,0,Low,Continue monitoring and maintain secure sensor authentication,Valid ESP32 HMAC Reading,Valid ESP32 HMAC Reading,200
2026-08-14 12:17:00,Real ESP32 Room Sensor,temperature_humidity_sensor,Demo Room,30.2,46.0,Critical,0,Normal Pattern,100,High,Critical Cold-Storage Failure,Critical Cold-Storage Failure
2026-08-14 12:17:02,ESP32_ROOM_1,ESP32,External,ESP32_ROOM_1,30.2,46.0,-,0,Security Event,0,Low,Continue monitoring and maintain secure sensor authentication,Valid ESP32 HMAC Reading,Valid ESP32 HMAC Reading,200
2026-08-14 12:17:02,Real ESP32 Room Sensor,temperature_humidity_sensor,Demo Room,30.2,46.0,Critical,0,Normal Pattern,100,High,Critical Cold-Storage Failure,Critical Cold-Storage Failure
2026-08-14 12:17:05,ESP32_ROOM_1,ESP32,External,ESP32_ROOM_1,30.2,46.0,-,0,Security Event,0,Low,Continue monitoring and maintain secure sensor authentication,Valid ESP32 HMAC Reading,Valid ESP32 HMAC Reading,200
2026-08-14 12:17:05,Real ESP32 Room Sensor,temperature_humidity_sensor,Demo Room,30.2,46.0,Critical,0,Normal Pattern,100,High,Critical Cold-Storage Failure,Critical Cold-Storage Failure
2026-08-14 12:17:07,ESP32_ROOM_1,ESP32,External,ESP32_ROOM_1,30.2,46.0,-,0,Security Event,0,Low,Continue monitoring and maintain secure sensor authentication,Valid ESP32 HMAC Reading,Valid ESP32 HMAC Reading,200
2026-08-14 12:17:07,Real ESP32 Room Sensor,temperature_humidity_sensor,Demo Room,30.2,46.0,Critical,0,Normal Pattern,100,High,Critical Cold-Storage Failure,Critical Cold-Storage Failure
2026-08-14 12:17:09,ESP32_ROOM_1,ESP32,External,ESP32_ROOM_1,30.2,46.0,-,0,Security Event,0,Low,Continue monitoring and maintain secure sensor authentication,Valid ESP32 HMAC Reading,Valid ESP32 HMAC Reading,200
2026-08-14 12:17:09,Real ESP32 Room Sensor,temperature_humidity_sensor,Demo Room,30.2,46.0,Critical,0,Normal Pattern,100,High,Critical Cold-Storage Failure,Critical Cold-Storage Failure
2026-08-14 12:17:12,ESP32_ROOM_1,ESP32,External,ESP32_ROOM_1,30.2,46.0,-,0,Security Event,0,Low,Continue monitoring and maintain secure sensor authentication,Valid ESP32 HMAC Reading,Valid ESP32 HMAC Reading,200
2026-08-14 12:17:12,Real ESP32 Room Sensor,temperature_humidity_sensor,Demo Room,30.2,46.0,Critical,0,Normal Pattern,100,High,Critical Cold-Storage Failure,Critical Cold-Storage Failure
2026-08-14 12:17:14,ESP32_ROOM_1,ESP32,External,ESP32_ROOM_1,30.2,46.0,-,0,Security Event,0,Low,Continue monitoring and maintain secure sensor authentication,Valid ESP32 HMAC Reading,Valid ESP32 HMAC Reading,200
2026-08-14 12:17:14,Real ESP32 Room Sensor,temperature_humidity_sensor,Demo Room,30.2,46.0,Critical,0,Normal Pattern,100,High,Critical Cold-Storage Failure,Critical Cold-Storage Failure
2026-08-14 12:17:16,ESP32_ROOM_1,ESP32,External,ESP32_ROOM_1,30.2,46.0,-,0,Security Event,0,Low,Continue monitoring and maintain secure sensor authentication,Valid ESP32 HMAC Reading,Valid ESP32 HMAC Reading,200
2026-08-14 12:17:16,Real ESP32 Room Sensor,temperature_humidity_sensor,Demo Room,30.2,46.0,Critical,0,Normal Pattern,100,High,Critical Cold-Storage Failure,Critical Cold-Storage Failure
2026-08-14 12:17:18,ESP32_ROOM_1,ESP32,External,ESP32_ROOM_1,30.2,46.0,-,0,Security Event,0,Low,Continue monitoring and maintain secure sensor authentication,Valid ESP32 HMAC Reading,Valid ESP32 HMAC Reading,200
2026-08-14 12:17:18,Real ESP32 Room Sensor,temperature_humidity_sensor,Demo Room,30.2,46.0,Critical,0,Normal Pattern,100,High,Critical Cold-Storage Failure,Critical Cold-Storage Failure
2026-08-14 12:17:21,ESP32_ROOM_1,ESP32,External,ESP32_ROOM_1,30.2,46.0,-,0,Security Event,0,Low,Continue monitoring and maintain secure sensor authentication,Valid ESP32 HMAC Reading,Valid ESP32 HMAC Reading,200
2026-08-14 12:17:21,Real ESP32 Room Sensor,temperature_humidity_sensor,Demo Room,30.2,46.0,Critical,0,Normal Pattern,100,High,Critical Cold-Storage Failure,Critical Cold-Storage Failure
2026-08-14 12:17:23,ESP32_ROOM_1,ESP32,External,ESP32_ROOM_1,30.2,46.0,-,0,Security Event,0,Low,Continue monitoring and maintain secure sensor authentication,Valid ESP32 HMAC Reading,Valid ESP32 HMAC Reading,200
2026-08-14 12:17:23,Real ESP32 Room Sensor,temperature_humidity_sensor,Demo Room,30.2,46.0,Critical,0,Normal Pattern,100,High,Critical Cold-Storage Failure,Critical Cold-Storage Failure
2026-08-14 12:17:25,ESP32_ROOM_1,ESP32,External,ESP32_ROOM_1,30.2,46.0,-,0,Security Event,0,Low,Continue monitoring and maintain secure sensor authentication,Valid ESP32 HMAC Reading,Valid ESP32 HMAC Reading,200
2026-08-14 12:17:25,Real ESP32 Room Sensor,temperature_humidity_sensor,Demo Room,30.2,46.0,Critical,0,Normal Pattern,100,High,Critical Cold-Storage Failure,Critical Cold-Storage Failure
2026-08-14 12:17:27,ESP32_ROOM_1,ESP32,External,ESP32_ROOM_1,30.2,46.0,-,0,Security Event,0,Low,Continue monitoring and maintain secure sensor authentication,Valid ESP32 HMAC Reading,Valid ESP32 HMAC Reading,200
2026-08-14 12:17:27,Real ESP32 Room Sensor,temperature_humidity_sensor,Demo Room,30.2,46.0,Critical,0,Normal Pattern,100,High,Critical Cold-Storage Failure,Critical Cold-Storage Failure
2026-08-14 12:17:30,ESP32_ROOM_1,ESP32,External,ESP32_ROOM_1,30.2,46.0,-,0,Security Event,0,Low,Continue monitoring and maintain secure sensor authentication,Valid ESP32 HMAC Reading,Valid ESP32 HMAC Reading,200
2026-08-14 12:17:30,Real ESP32 Room Sensor,temperature_humidity_sensor,Demo Room,30.2,46.0,Critical,0,Normal Pattern,100,High,Critical Cold-Storage Failure,Critical Cold-Storage Failure
2026-08-14 12:17:32,ESP32_ROOM_1,ESP32,External,ESP32_ROOM_1,30.2,46.0,-,0,Security Event,0,Low,Continue monitoring and maintain secure sensor authentication,Valid ESP32 HMAC Reading,Valid ESP32 HMAC Reading,200
2026-08-14 12:17:32,Real ESP32 Room Sensor,temperature_humidity_sensor,Demo Room,30.2,46.0,Critical,0,Normal Pattern,100,High,Critical Cold-Storage Failure,Critical Cold-Storage Failure
2026-08-14 12:17:34,ESP32_ROOM_1,ESP32,External,ESP32_ROOM_1,30.2,46.0,-,0,Security Event,0,Low,Continue monitoring and maintain secure sensor authentication,Valid ESP32 HMAC Reading,Valid ESP32 HMAC Reading,200
2026-08-14 12:17:34,Real ESP32 Room Sensor,temperature_humidity_sensor,Demo Room,30.2,46.0,Critical,0,Normal Pattern,100,High,Critical Cold-Storage Failure,Critical Cold-Storage Failure
2026-08-14 12:17:37,ESP32_ROOM_1,ESP32,External,ESP32_ROOM_1,30.2,46.0,-,0,Security Event,0,Low,Continue monitoring and maintain secure sensor authentication,Valid ESP32 HMAC Reading,Valid ESP32 HMAC Reading,200
2026-08-14 12:17:37,Real ESP32 Room Sensor,temperature_humidity_sensor,Demo Room,30.2,46.0,Critical,0,Normal Pattern,100,High,Critical Cold-Storage Failure,Critical Cold-Storage Failure
2026-08-14 12:17:39,ESP32_ROOM_1,ESP32,External,ESP32_ROOM_1,30.2,46.0,-,0,Security Event,0,Low,Continue monitoring and maintain secure sensor authentication,Valid ESP32 HMAC Reading,Valid ESP32 HMAC Reading,200
2026-08-14 12:17:39,Real ESP32 Room Sensor,temperature_humidity_sensor,Demo Room,30.2,46.0,Critical,0,Normal Pattern,100,High,Critical Cold-Storage Failure,Critical Cold-Storage Failure
2026-08-14 12:17:41,ESP32_ROOM_1,ESP32,External,ESP32_ROOM_1,30.2,46.0,-,0,Security Event,0,Low,Continue monitoring and maintain secure sensor authentication,Valid ESP32 HMAC Reading,Valid ESP32 HMAC Reading,200
2026-08-14 12:17:41,Real ESP32 Room Sensor,temperature_humidity_sensor,Demo Room,30.2,46.0,Critical,0,Normal Pattern,100,High,Critical Cold-Storage Failure,Critical Cold-Storage Failure
2026-08-14 12:17:44,ESP32_ROOM_1,ESP32,External,ESP32_ROOM_1,30.2,46.0,-,0,Security Event,0,Low,Continue monitoring and maintain secure sensor authentication,Valid ESP32 HMAC Reading,Valid ESP32 HMAC Reading,200
2026-08-14 12:17:44,Real ESP32 Room Sensor,temperature_humidity_sensor,Demo Room,30.2,46.0,Critical,0,Normal Pattern,100,High,Critical Cold-Storage Failure,Critical Cold-Storage Failure
2026-08-14 12:17:46,ESP32_ROOM_1,ESP32,External,ESP32_ROOM_1,30.2,46.0,-,0,Security Event,0,Low,Continue monitoring and maintain secure sensor authentication,Valid ESP32 HMAC Reading,Valid ESP32 HMAC Reading,200
2026-08-14 12:17:46,Real ESP32 Room Sensor,temperature_humidity_sensor,Demo Room,30.2,46.0,Critical,0,Normal Pattern,100,High,Critical Cold-Storage Failure,Critical Cold-Storage Failure
2026-08-14 12:17:48,ESP32_ROOM_1,ESP32,External,ESP32_ROOM_1,30.2,46.0,-,0,Security Event,0,Low,Continue monitoring and maintain secure sensor authentication,Valid ESP32 HMAC Reading,Valid ESP32 HMAC Reading,200
2026-08-14 12:17:48,Real ESP32 Room Sensor,temperature_humidity_sensor,Demo Room,30.2,46.0,Critical,0,Normal Pattern,100,High,Critical Cold-Storage Failure,Critical Cold-Storage Failure
2026-08-14 12:17:51,ESP32_ROOM_1,ESP32,External,ESP32_ROOM_1,30.2,46.0,-,0,Security Event,0,Low,Continue monitoring and maintain secure sensor authentication,Valid ESP32 HMAC Reading,Valid ESP32 HMAC Reading,200
2026-08-14 12:17:51,Real ESP32 Room Sensor,temperature_humidity_sensor,Demo Room,30.2,46.0,Critical,0,Normal Pattern,100,High,Critical Cold-Storage Failure,Critical Cold-Storage Failure
2026-08-14 12:17:53,ESP32_ROOM_1,ESP32,External,ESP32_ROOM_1,30.2,46.0,-,0,Security Event,0,Low,Continue monitoring and maintain secure sensor authentication,Valid ESP32 HMAC Reading,Valid ESP32 HMAC Reading,200
2026-08-14 12:17:53,Real ESP32 Room Sensor,temperature_humidity_sensor,Demo Room,30.2,46.0,Critical,0,Normal Pattern,100,High,Critical Cold-Storage Failure,Critical Cold-Storage Failure
2026-08-14 12:17:55,ESP32_ROOM_1,ESP32,External,ESP32_ROOM_1,30.2,46.0,-,0,Security Event,0,Low,Continue monitoring and maintain secure sensor authentication,Valid ESP32 HMAC Reading,Valid ESP32 HMAC Reading,200
2026-08-14 12:17:55,Real ESP32 Room Sensor,temperature_humidity_sensor,Demo Room,30.2,46.0,Critical,0,Normal Pattern,100,High,Critical Cold-Storage Failure,Critical Cold-Storage Failure
2026-08-14 12:17:58,ESP32_ROOM_1,ESP32,External,ESP32_ROOM_1,30.2,46.0,-,0,Security Event,0,Low,Continue monitoring and maintain secure sensor authentication,Valid ESP32 HMAC Reading,Valid ESP32 HMAC Reading,200
2026-08-14 12:17:58,Real ESP32 Room Sensor,temperature_humidity_sensor,Demo Room,30.2,46.0,Critical,0,Normal Pattern,100,High,Critical Cold-Storage Failure,Critical Cold-Storage Failure
2026-08-14 12:18:00,ESP32_ROOM_1,ESP32,External,ESP32_ROOM_1,30.2,46.0,-,0,Security Event,0,Low,Continue monitoring and maintain secure sensor authentication,Valid ESP32 HMAC Reading,Valid ESP32 HMAC Reading,200
2026-08-14 12:18:00,Real ESP32 Room Sensor,temperature_humidity_sensor,Demo Room,30.2,46.0,Critical,0,Normal Pattern,100,High,Critical Cold-Storage Failure,Critical Cold-Storage Failure
2026-08-14 12:18:02,ESP32_ROOM_1,ESP32,External,ESP32_ROOM_1,30.2,46.0,-,0,Security Event,0,Low,Continue monitoring and maintain secure sensor authentication,Valid ESP32 HMAC Reading,Valid ESP32 HMAC Reading,200
2026-08-14 12:18:02,Real ESP32 Room Sensor,temperature_humidity_sensor,Demo Room,30.2,46.0,Critical,0,Normal Pattern,100,High,Critical Cold-Storage Failure,Critical Cold-Storage Failure
2026-08-14 12:18:05,ESP32_ROOM_1,ESP32,External,ESP32_ROOM_1,30.2,46.0,-,0,Security Event,0,Low,Continue monitoring and maintain secure sensor authentication,Valid ESP32 HMAC Reading,Valid ESP32 HMAC Reading,200
2026-08-14 12:18:05,Real ESP32 Room Sensor,temperature_humidity_sensor,Demo Room,30.2,46.0,Critical,0,Normal Pattern,100,High,Critical Cold-Storage Failure,Critical Cold-Storage Failure
2026-08-14 12:18:07,ESP32_ROOM_1,ESP32,External,ESP32_ROOM_1,30.2,46.0,-,0,Security Event,0,Low,Continue monitoring and maintain secure sensor authentication,Valid ESP32 HMAC Reading,Valid ESP32 HMAC Reading,200
2026-08-14 12:18:07,Real ESP32 Room Sensor,temperature_humidity_sensor,Demo Room,30.2,46.0,Critical,0,Normal Pattern,100,High,Critical Cold-Storage Failure,Critical Cold-Storage Failure
2026-08-14 12:18:09,ESP32_ROOM_1,ESP32,External,ESP32_ROOM_1,30.2,46.0,-,0,Security Event,0,Low,Continue monitoring and maintain secure sensor authentication,Valid ESP32 HMAC Reading,Valid ESP32 HMAC Reading,200
2026-08-14 12:18:09,Real ESP32 Room Sensor,temperature_humidity_sensor,Demo Room,30.2,46.0,Critical,0,Normal Pattern,100,High,Critical Cold-Storage Failure,Critical Cold-Storage Failure
2026-08-14 12:18:11,ESP32_ROOM_1,ESP32,External,ESP32_ROOM_1,30.2,46.0,-,0,Security Event,0,Low,Continue monitoring and maintain secure sensor authentication,Valid ESP32 HMAC Reading,Valid ESP32 HMAC Reading,200
2026-08-14 12:18:11,Real ESP32 Room Sensor,temperature_humidity_sensor,Demo Room,30.2,46.0,Critical,0,Normal Pattern,100,High,Critical Cold-Storage Failure,Critical Cold-Storage Failure
2026-08-14 12:18:14,ESP32_ROOM_1,ESP32,External,ESP32_ROOM_1,30.2,46.0,-,0,Security Event,0,Low,Continue monitoring and maintain secure sensor authentication,Valid ESP32 HMAC Reading,Valid ESP32 HMAC Reading,200
2026-08-14 12:18:14,Real ESP32 Room Sensor,temperature_humidity_sensor,Demo Room,30.2,46.0,Critical,0,Normal Pattern,100,High,Critical Cold-Storage Failure,Critical Cold-Storage Failure
2026-08-14 12:18:16,ESP32_ROOM_1,ESP32,External,ESP32_ROOM_1,30.2,46.0,-,0,Security Event,0,Low,Continue monitoring and maintain secure sensor authentication,Valid ESP32 HMAC Reading,Valid ESP32 HMAC Reading,200
2026-08-14 12:18:16,Real ESP32 Room Sensor,temperature_humidity_sensor,Demo Room,30.2,46.0,Critical,0,Normal Pattern,100,High,Critical Cold-Storage Failure,Critical Cold-Storage Failure
2026-08-14 12:18:18,ESP32_ROOM_1,ESP32,External,ESP32_ROOM_1,30.2,46.0,-,0,Security Event,0,Low,Continue monitoring and maintain secure sensor authentication,Valid ESP32 HMAC Reading,Valid ESP32 HMAC Reading,200
2026-08-14 12:18:19,Real ESP32 Room Sensor,temperature_humidity_sensor,Demo Room,30.2,46.0,Critical,0,Normal Pattern,100,High,Critical Cold-Storage Failure,Critical Cold-Storage Failure
2026-08-14 12:18:21,ESP32_ROOM_1,ESP32,External,ESP32_ROOM_1,30.2,46.0,-,0,Security Event,0,Low,Continue monitoring and maintain secure sensor authentication,Valid ESP32 HMAC Reading,Valid ESP32 HMAC Reading,200
2026-08-14 12:18:21,Real ESP32 Room Sensor,temperature_humidity_sensor,Demo Room,30.2,46.0,Critical,0,Normal Pattern,100,High,Critical Cold-Storage Failure,Critical Cold-Storage Failure
2026-08-14 12:18:23,ESP32_ROOM_1,ESP32,External,ESP32_ROOM_1,30.2,46.0,-,0,Security Event,0,Low,Continue monitoring and maintain secure sensor authentication,Valid ESP32 HMAC Reading,Valid ESP32 HMAC Reading,200
2026-08-14 12:18:23,Real ESP32 Room Sensor,temperature_humidity_sensor,Demo Room,30.2,46.0,Critical,0,Normal Pattern,100,High,Critical Cold-Storage Failure,Critical Cold-Storage Failure
2026-08-14 12:18:26,ESP32_ROOM_1,ESP32,External,ESP32_ROOM_1,30.2,46.0,-,0,Security Event,0,Low,Continue monitoring and maintain secure sensor authentication,Valid ESP32 HMAC Reading,Valid ESP32 HMAC Reading,200
2026-08-14 12:18:26,Real ESP32 Room Sensor,temperature_humidity_sensor,Demo Room,30.2,46.0,Critical,0,Normal Pattern,100,High,Critical Cold-Storage Failure,Critical Cold-Storage Failure
2026-08-14 12:18:28,ESP32_ROOM_1,ESP32,External,ESP32_ROOM_1,30.2,46.0,-,0,Security Event,0,Low,Continue monitoring and maintain secure sensor authentication,Valid ESP32 HMAC Reading,Valid ESP32 HMAC Reading,200
2026-08-14 12:18:28,Real ESP32 Room Sensor,temperature_humidity_sensor,Demo Room,30.2,46.0,Critical,0,Normal Pattern,100,High,Critical Cold-Storage Failure,Critical Cold-Storage Failure
2026-08-14 12:18:30,ESP32_ROOM_1,ESP32,External,ESP32_ROOM_1,30.2,46.0,-,0,Security Event,0,Low,Continue monitoring and maintain secure sensor authentication,Valid ESP32 HMAC Reading,Valid ESP32 HMAC Reading,200
2026-08-14 12:18:30,Real ESP32 Room Sensor,temperature_humidity_sensor,Demo Room,30.2,46.0,Critical,0,Normal Pattern,100,High,Critical Cold-Storage Failure,Critical Cold-Storage Failure
2026-08-14 12:18:33,ESP32_ROOM_1,ESP32,External,ESP32_ROOM_1,30.2,46.0,-,0,Security Event,0,Low,Continue monitoring and maintain secure sensor authentication,Valid ESP32 HMAC Reading,Valid ESP32 HMAC Reading,200
2026-08-14 12:18:33,Real ESP32 Room Sensor,temperature_humidity_sensor,Demo Room,30.2,46.0,Critical,0,Normal Pattern,100,High,Critical Cold-Storage Failure,Critical Cold-Storage Failure
2026-08-14 12:18:35,ESP32_ROOM_1,ESP32,External,ESP32_ROOM_1,30.2,46.0,-,0,Security Event,0,Low,Continue monitoring and maintain secure sensor authentication,Valid ESP32 HMAC Reading,Valid ESP32 HMAC Reading,200
2026-08-14 12:18:35,Real ESP32 Room Sensor,temperature_humidity_sensor,Demo Room,30.2,46.0,Critical,0,Normal Pattern,100,High,Critical Cold-Storage Failure,Critical Cold-Storage Failure
2026-08-14 12:18:37,ESP32_ROOM_1,ESP32,External,ESP32_ROOM_1,30.2,46.0,-,0,Security Event,0,Low,Continue monitoring and maintain secure sensor authentication,Valid ESP32 HMAC Reading,Valid ESP32 HMAC Reading,200
2026-08-14 12:18:37,Real ESP32 Room Sensor,temperature_humidity_sensor,Demo Room,30.2,46.0,Critical,0,Normal Pattern,100,High,Critical Cold-Storage Failure,Critical Cold-Storage Failure
2026-08-14 12:18:40,ESP32_ROOM_1,ESP32,External,ESP32_ROOM_1,30.2,46.0,-,0,Security Event,0,Low,Continue monitoring and maintain secure sensor authentication,Valid ESP32 HMAC Reading,Valid ESP32 HMAC Reading,200
2026-08-14 12:18:40,Real ESP32 Room Sensor,temperature_humidity_sensor,Demo Room,30.2,46.0,Critical,0,Normal Pattern,100,High,Critical Cold-Storage Failure,Critical Cold-Storage Failure
2026-08-14 12:18:42,ESP32_ROOM_1,ESP32,External,ESP32_ROOM_1,30.2,46.0,-,0,Security Event,0,Low,Continue monitoring and maintain secure sensor authentication,Valid ESP32 HMAC Reading,Valid ESP32 HMAC Reading,200
2026-08-14 12:18:42,Real ESP32 Room Sensor,temperature_humidity_sensor,Demo Room,30.2,46.0,Critical,0,Normal Pattern,100,High,Critical Cold-Storage Failure,Critical Cold-Storage Failure
2026-08-14 12:18:44,ESP32_ROOM_1,ESP32,External,ESP32_ROOM_1,30.2,46.0,-,0,Security Event,0,Low,Continue monitoring and maintain secure sensor authentication,Valid ESP32 HMAC Reading,Valid ESP32 HMAC Reading,200
2026-08-14 12:18:45,Real ESP32 Room Sensor,temperature_humidity_sensor,Demo Room,30.2,46.0,Critical,0,Normal Pattern,100,High,Critical Cold-Storage Failure,Critical Cold-Storage Failure
2026-08-14 12:18:47,ESP32_ROOM_1,ESP32,External,ESP32_ROOM_1,30.2,46.0,-,0,Security Event,0,Low,Continue monitoring and maintain secure sensor authentication,Valid ESP32 HMAC Reading,Valid ESP32 HMAC Reading,200
2026-08-14 12:18:47,Real ESP32 Room Sensor,temperature_humidity_sensor,Demo Room,30.2,46.0,Critical,0,Normal Pattern,100,High,Critical Cold-Storage Failure,Critical Cold-Storage Failure
2026-08-14 12:18:49,ESP32_ROOM_1,ESP32,External,ESP32_ROOM_1,30.2,46.0,-,0,Security Event,0,Low,Continue monitoring and maintain secure sensor authentication,Valid ESP32 HMAC Reading,Valid ESP32 HMAC Reading,200
2026-08-14 12:18:49,Real ESP32 Room Sensor,temperature_humidity_sensor,Demo Room,30.2,46.0,Critical,0,Normal Pattern,100,High,Critical Cold-Storage Failure,Critical Cold-Storage Failure
2026-08-14 12:18:51,ESP32_ROOM_1,ESP32,External,ESP32_ROOM_1,30.2,46.0,-,0,Security Event,0,Low,Continue monitoring and maintain secure sensor authentication,Valid ESP32 HMAC Reading,Valid ESP32 HMAC Reading,200
2026-08-14 12:18:51,Real ESP32 Room Sensor,temperature_humidity_sensor,Demo Room,30.2,46.0,Critical,0,Normal Pattern,100,High,Critical Cold-Storage Failure,Critical Cold-Storage Failure
2026-08-14 12:18:54,ESP32_ROOM_1,ESP32,External,ESP32_ROOM_1,30.2,46.0,-,0,Security Event,0,Low,Continue monitoring and maintain secure sensor authentication,Valid ESP32 HMAC Reading,Valid ESP32 HMAC Reading,200
2026-08-14 12:18:54,Real ESP32 Room Sensor,temperature_humidity_sensor,Demo Room,30.2,46.0,Critical,0,Normal Pattern,100,High,Critical Cold-Storage Failure,Critical Cold-Storage Failure
2026-08-14 12:18:56,ESP32_ROOM_1,ESP32,External,ESP32_ROOM_1,30.2,46.0,-,0,Security Event,0,Low,Continue monitoring and maintain secure sensor authentication,Valid ESP32 HMAC Reading,Valid ESP32 HMAC Reading,200
2026-08-14 12:18:56,Real ESP32 Room Sensor,temperature_humidity_sensor,Demo Room,30.2,46.0,Critical,0,Normal Pattern,100,High,Critical Cold-Storage Failure,Critical Cold-Storage Failure
2026-08-14 12:18:58,ESP32_ROOM_1,ESP32,External,ESP32_ROOM_1,30.2,46.0,-,0,Security Event,0,Low,Continue monitoring and maintain secure sensor authentication,Valid ESP32 HMAC Reading,Valid ESP32 HMAC Reading,200
2026-08-14 12:18:58,Real ESP32 Room Sensor,temperature_humidity_sensor,Demo Room,30.2,46.0,Critical,0,Normal Pattern,100,High,Critical Cold-Storage Failure,Critical Cold-Storage Failure
2026-08-14 12:19:00,ESP32_ROOM_1,ESP32,External,ESP32_ROOM_1,30.2,46.0,-,0,Security Event,0,Low,Continue monitoring and maintain secure sensor authentication,Valid ESP32 HMAC Reading,Valid ESP32 HMAC Reading,200
2026-08-14 12:19:01,Real ESP32 Room Sensor,temperature_humidity_sensor,Demo Room,30.2,46.0,Critical,0,Normal Pattern,100,High,Critical Cold-Storage Failure,Critical Cold-Storage Failure
2026-08-14 12:19:03,ESP32_ROOM_1,ESP32,External,ESP32_ROOM_1,30.2,46.0,-,0,Security Event,0,Low,Continue monitoring and maintain secure sensor authentication,Valid ESP32 HMAC Reading,Valid ESP32 HMAC Reading,200
2026-08-14 12:19:03,Real ESP32 Room Sensor,temperature_humidity_sensor,Demo Room,30.2,46.0,Critical,0,Normal Pattern,100,High,Critical Cold-Storage Failure,Critical Cold-Storage Failure
2026-08-14 12:19:05,ESP32_ROOM_1,ESP32,External,ESP32_ROOM_1,30.2,46.0,-,0,Security Event,0,Low,Continue monitoring and maintain secure sensor authentication,Valid ESP32 HMAC Reading,Valid ESP32 HMAC Reading,200
2026-08-14 12:19:05,Real ESP32 Room Sensor,temperature_humidity_sensor,Demo Room,30.2,46.0,Critical,0,Normal Pattern,100,High,Critical Cold-Storage Failure,Critical Cold-Storage Failure
2026-08-14 12:19:07,ESP32_ROOM_1,ESP32,External,ESP32_ROOM_1,30.2,46.0,-,0,Security Event,0,Low,Continue monitoring and maintain secure sensor authentication,Valid ESP32 HMAC Reading,Valid ESP32 HMAC Reading,200
2026-08-14 12:19:07,Real ESP32 Room Sensor,temperature_humidity_sensor,Demo Room,30.2,46.0,Critical,0,Normal Pattern,100,High,Critical Cold-Storage Failure,Critical Cold-Storage Failure
2026-08-14 12:19:10,ESP32_ROOM_1,ESP32,External,ESP32_ROOM_1,30.2,46.0,-,0,Security Event,0,Low,Continue monitoring and maintain secure sensor authentication,Valid ESP32 HMAC Reading,Valid ESP32 HMAC Reading,200
2026-08-14 12:19:10,Real ESP32 Room Sensor,temperature_humidity_sensor,Demo Room,30.2,46.0,Critical,0,Normal Pattern,100,High,Critical Cold-Storage Failure,Critical Cold-Storage Failure
2026-08-14 12:19:15,ESP32_ROOM_1,ESP32,External,ESP32_ROOM_1,30.2,46.0,-,0,Security Event,0,Low,Continue monitoring and maintain secure sensor authentication,Valid ESP32 HMAC Reading,Valid ESP32 HMAC Reading,200
2026-08-14 12:19:15,Real ESP32 Room Sensor,temperature_humidity_sensor,Demo Room,30.2,46.0,Critical,0,Normal Pattern,100,High,Critical Cold-Storage Failure,Critical Cold-Storage Failure
2026-08-14 12:19:17,ESP32_ROOM_1,ESP32,External,ESP32_ROOM_1,30.2,46.0,-,0,Security Event,0,Low,Continue monitoring and maintain secure sensor authentication,Valid ESP32 HMAC Reading,Valid ESP32 HMAC Reading,200
2026-08-14 12:19:17,Real ESP32 Room Sensor,temperature_humidity_sensor,Demo Room,30.2,46.0,Critical,0,Normal Pattern,100,High,Critical Cold-Storage Failure,Critical Cold-Storage Failure
2026-08-14 12:19:19,ESP32_ROOM_1,ESP32,External,ESP32_ROOM_1,30.2,46.0,-,0,Security Event,0,Low,Continue monitoring and maintain secure sensor authentication,Valid ESP32 HMAC Reading,Valid ESP32 HMAC Reading,200
2026-08-14 12:19:19,Real ESP32 Room Sensor,temperature_humidity_sensor,Demo Room,30.2,46.0,Critical,0,Normal Pattern,100,High,Critical Cold-Storage Failure,Critical Cold-Storage Failure
2026-08-14 12:19:22,ESP32_ROOM_1,ESP32,External,ESP32_ROOM_1,30.2,46.0,-,0,Security Event,0,Low,Continue monitoring and maintain secure sensor authentication,Valid ESP32 HMAC Reading,Valid ESP32 HMAC Reading,200
2026-08-14 12:19:22,Real ESP32 Room Sensor,temperature_humidity_sensor,Demo Room,30.2,46.0,Critical,0,Normal Pattern,100,High,Critical Cold-Storage Failure,Critical Cold-Storage Failure
2026-08-14 12:19:24,ESP32_ROOM_1,ESP32,External,ESP32_ROOM_1,30.2,46.0,-,0,Security Event,0,Low,Continue monitoring and maintain secure sensor authentication,Valid ESP32 HMAC Reading,Valid ESP32 HMAC Reading,200
2026-08-14 12:19:24,Real ESP32 Room Sensor,temperature_humidity_sensor,Demo Room,30.2,46.0,Critical,0,Normal Pattern,100,High,Critical Cold-Storage Failure,Critical Cold-Storage Failure
2026-08-14 12:19:26,ESP32_ROOM_1,ESP32,External,ESP32_ROOM_1,30.2,46.0,-,0,Security Event,0,Low,Continue monitoring and maintain secure sensor authentication,Valid ESP32 HMAC Reading,Valid ESP32 HMAC Reading,200
2026-08-14 12:19:26,Real ESP32 Room Sensor,temperature_humidity_sensor,Demo Room,30.2,46.0,Critical,0,Normal Pattern,100,High,Critical Cold-Storage Failure,Critical Cold-Storage Failure
2026-08-14 12:19:28,ESP32_ROOM_1,ESP32,External,ESP32_ROOM_1,30.2,46.0,-,0,Security Event,0,Low,Continue monitoring and maintain secure sensor authentication,Valid ESP32 HMAC Reading,Valid ESP32 HMAC Reading,200
2026-08-14 12:19:29,Real ESP32 Room Sensor,temperature_humidity_sensor,Demo Room,30.2,46.0,Critical,0,Normal Pattern,100,High,Critical Cold-Storage Failure,Critical Cold-Storage Failure
2026-08-14 12:19:31,ESP32_ROOM_1,ESP32,External,ESP32_ROOM_1,30.2,46.0,-,0,Security Event,0,Low,Continue monitoring and maintain secure sensor authentication,Valid ESP32 HMAC Reading,Valid ESP32 HMAC Reading,200
2026-08-14 12:19:31,Real ESP32 Room Sensor,temperature_humidity_sensor,Demo Room,30.2,46.0,Critical,0,Normal Pattern,100,High,Critical Cold-Storage Failure,Critical Cold-Storage Failure
2026-08-14 12:19:33,ESP32_ROOM_1,ESP32,External,ESP32_ROOM_1,30.2,46.0,-,0,Security Event,0,Low,Continue monitoring and maintain secure sensor authentication,Valid ESP32 HMAC Reading,Valid ESP32 HMAC Reading,200
2026-08-14 12:19:33,Real ESP32 Room Sensor,temperature_humidity_sensor,Demo Room,30.2,46.0,Critical,0,Normal Pattern,100,High,Critical Cold-Storage Failure,Critical Cold-Storage Failure
2026-08-14 12:19:35,ESP32_ROOM_1,ESP32,External,ESP32_ROOM_1,30.2,46.0,-,0,Security Event,0,Low,Continue monitoring and maintain secure sensor authentication,Valid ESP32 HMAC Reading,Valid ESP32 HMAC Reading,200
2026-08-14 12:19:35,Real ESP32 Room Sensor,temperature_humidity_sensor,Demo Room,30.2,46.0,Critical,0,Normal Pattern,100,High,Critical Cold-Storage Failure,Critical Cold-Storage Failure
2026-08-14 12:19:38,ESP32_ROOM_1,ESP32,External,ESP32_ROOM_1,30.2,46.0,-,0,Security Event,0,Low,Continue monitoring and maintain secure sensor authentication,Valid ESP32 HMAC Reading,Valid ESP32 HMAC Reading,200
2026-08-14 12:19:38,Real ESP32 Room Sensor,temperature_humidity_sensor,Demo Room,30.2,46.0,Critical,0,Normal Pattern,100,High,Critical Cold-Storage Failure,Critical Cold-Storage Failure
2026-08-14 12:19:40,ESP32_ROOM_1,ESP32,External,ESP32_ROOM_1,30.2,46.0,-,0,Security Event,0,Low,Continue monitoring and maintain secure sensor authentication,Valid ESP32 HMAC Reading,Valid ESP32 HMAC Reading,200
2026-08-14 12:19:40,Real ESP32 Room Sensor,temperature_humidity_sensor,Demo Room,30.2,46.0,Critical,0,Normal Pattern,100,High,Critical Cold-Storage Failure,Critical Cold-Storage Failure
2026-08-14 12:19:42,ESP32_ROOM_1,ESP32,External,ESP32_ROOM_1,30.2,46.0,-,0,Security Event,0,Low,Continue monitoring and maintain secure sensor authentication,Valid ESP32 HMAC Reading,Valid ESP32 HMAC Reading,200
2026-08-14 12:19:42,Real ESP32 Room Sensor,temperature_humidity_sensor,Demo Room,30.2,46.0,Critical,0,Normal Pattern,100,High,Critical Cold-Storage Failure,Critical Cold-Storage Failure
2026-08-14 12:19:45,ESP32_ROOM_1,ESP32,External,ESP32_ROOM_1,30.2,46.0,-,0,Security Event,0,Low,Continue monitoring and maintain secure sensor authentication,Valid ESP32 HMAC Reading,Valid ESP32 HMAC Reading,200
2026-08-14 12:19:45,Real ESP32 Room Sensor,temperature_humidity_sensor,Demo Room,30.2,46.0,Critical,0,Normal Pattern,100,High,Critical Cold-Storage Failure,Critical Cold-Storage Failure
2026-08-14 12:19:47,ESP32_ROOM_1,ESP32,External,ESP32_ROOM_1,30.2,46.0,-,0,Security Event,0,Low,Continue monitoring and maintain secure sensor authentication,Valid ESP32 HMAC Reading,Valid ESP32 HMAC Reading,200
2026-08-14 12:19:47,Real ESP32 Room Sensor,temperature_humidity_sensor,Demo Room,30.2,46.0,Critical,0,Normal Pattern,100,High,Critical Cold-Storage Failure,Critical Cold-Storage Failure
2026-08-14 12:19:49,ESP32_ROOM_1,ESP32,External,ESP32_ROOM_1,30.2,46.0,-,0,Security Event,0,Low,Continue monitoring and maintain secure sensor authentication,Valid ESP32 HMAC Reading,Valid ESP32 HMAC Reading,200
2026-08-14 12:19:49,Real ESP32 Room Sensor,temperature_humidity_sensor,Demo Room,30.2,46.0,Critical,0,Normal Pattern,100,High,Critical Cold-Storage Failure,Critical Cold-Storage Failure
2026-08-14 12:19:52,ESP32_ROOM_1,ESP32,External,ESP32_ROOM_1,30.2,46.0,-,0,Security Event,0,Low,Continue monitoring and maintain secure sensor authentication,Valid ESP32 HMAC Reading,Valid ESP32 HMAC Reading,200
2026-08-14 12:19:52,Real ESP32 Room Sensor,temperature_humidity_sensor,Demo Room,30.2,46.0,Critical,0,Normal Pattern,100,High,Critical Cold-Storage Failure,Critical Cold-Storage Failure
2026-08-14 12:19:54,ESP32_ROOM_1,ESP32,External,ESP32_ROOM_1,30.2,46.0,-,0,Security Event,0,Low,Continue monitoring and maintain secure sensor authentication,Valid ESP32 HMAC Reading,Valid ESP32 HMAC Reading,200
2026-08-14 12:19:54,Real ESP32 Room Sensor,temperature_humidity_sensor,Demo Room,30.2,46.0,Critical,0,Normal Pattern,100,High,Critical Cold-Storage Failure,Critical Cold-Storage Failure
2026-08-14 12:19:57,ESP32_ROOM_1,ESP32,External,ESP32_ROOM_1,30.2,46.0,-,0,Security Event,0,Low,Continue monitoring and maintain secure sensor authentication,Valid ESP32 HMAC Reading,Valid ESP32 HMAC Reading,200
2026-08-14 12:19:57,Real ESP32 Room Sensor,temperature_humidity_sensor,Demo Room,30.2,46.0,Critical,0,Normal Pattern,100,High,Critical Cold-Storage Failure,Critical Cold-Storage Failure
2026-08-14 12:19:59,ESP32_ROOM_1,ESP32,External,ESP32_ROOM_1,30.2,46.0,-,0,Security Event,0,Low,Continue monitoring and maintain secure sensor authentication,Valid ESP32 HMAC Reading,Valid ESP32 HMAC Reading,200
2026-08-14 12:19:59,Real ESP32 Room Sensor,temperature_humidity_sensor,Demo Room,30.2,46.0,Critical,0,Normal Pattern,100,High,Critical Cold-Storage Failure,Critical Cold-Storage Failure
2026-08-14 12:20:01,ESP32_ROOM_1,ESP32,External,ESP32_ROOM_1,30.2,46.0,-,0,Security Event,0,Low,Continue monitoring and maintain secure sensor authentication,Valid ESP32 HMAC Reading,Valid ESP32 HMAC Reading,200
2026-08-14 12:20:01,Real ESP32 Room Sensor,temperature_humidity_sensor,Demo Room,30.2,46.0,Critical,0,Normal Pattern,100,High,Critical Cold-Storage Failure,Critical Cold-Storage Failure
2026-08-14 12:20:03,ESP32_ROOM_1,ESP32,External,ESP32_ROOM_1,30.2,46.0,-,0,Security Event,0,Low,Continue monitoring and maintain secure sensor authentication,Valid ESP32 HMAC Reading,Valid ESP32 HMAC Reading,200
2026-08-14 12:20:03,Real ESP32 Room Sensor,temperature_humidity_sensor,Demo Room,30.2,46.0,Critical,0,Normal Pattern,100,High,Critical Cold-Storage Failure,Critical Cold-Storage Failure
2026-08-14 12:20:06,ESP32_ROOM_1,ESP32,External,ESP32_ROOM_1,30.2,46.0,-,0,Security Event,0,Low,Continue monitoring and maintain secure sensor authentication,Valid ESP32 HMAC Reading,Valid ESP32 HMAC Reading,200
2026-08-14 12:20:06,Real ESP32 Room Sensor,temperature_humidity_sensor,Demo Room,30.2,46.0,Critical,0,Normal Pattern,100,High,Critical Cold-Storage Failure,Critical Cold-Storage Failure
2026-08-14 12:20:08,ESP32_ROOM_1,ESP32,External,ESP32_ROOM_1,30.2,46.0,-,0,Security Event,0,Low,Continue monitoring and maintain secure sensor authentication,Valid ESP32 HMAC Reading,Valid ESP32 HMAC Reading,200
2026-08-14 12:20:08,Real ESP32 Room Sensor,temperature_humidity_sensor,Demo Room,30.2,46.0,Critical,0,Normal Pattern,100,High,Critical Cold-Storage Failure,Critical Cold-Storage Failure
2026-08-14 12:20:10,ESP32_ROOM_1,ESP32,External,ESP32_ROOM_1,30.2,46.0,-,0,Security Event,0,Low,Continue monitoring and maintain secure sensor authentication,Valid ESP32 HMAC Reading,Valid ESP32 HMAC Reading,200
2026-08-14 12:20:10,Real ESP32 Room Sensor,temperature_humidity_sensor,Demo Room,30.2,46.0,Critical,0,Normal Pattern,100,High,Critical Cold-Storage Failure,Critical Cold-Storage Failure
2026-08-14 12:20:13,ESP32_ROOM_1,ESP32,External,ESP32_ROOM_1,30.2,46.0,-,0,Security Event,0,Low,Continue monitoring and maintain secure sensor authentication,Valid ESP32 HMAC Reading,Valid ESP32 HMAC Reading,200
2026-08-14 12:20:13,Real ESP32 Room Sensor,temperature_humidity_sensor,Demo Room,30.2,46.0,Critical,0,Normal Pattern,100,High,Critical Cold-Storage Failure,Critical Cold-Storage Failure
2026-08-14 12:20:15,ESP32_ROOM_1,ESP32,External,ESP32_ROOM_1,30.2,46.0,-,0,Security Event,0,Low,Continue monitoring and maintain secure sensor authentication,Valid ESP32 HMAC Reading,Valid ESP32 HMAC Reading,200
2026-08-14 12:20:15,Real ESP32 Room Sensor,temperature_humidity_sensor,Demo Room,30.2,46.0,Critical,0,Normal Pattern,100,High,Critical Cold-Storage Failure,Critical Cold-Storage Failure
2026-08-14 12:20:17,ESP32_ROOM_1,ESP32,External,ESP32_ROOM_1,30.2,46.0,-,0,Security Event,0,Low,Continue monitoring and maintain secure sensor authentication,Valid ESP32 HMAC Reading,Valid ESP32 HMAC Reading,200
2026-08-14 12:20:17,Real ESP32 Room Sensor,temperature_humidity_sensor,Demo Room,30.2,46.0,Critical,0,Normal Pattern,100,High,Critical Cold-Storage Failure,Critical Cold-Storage Failure
2026-08-14 12:20:20,ESP32_ROOM_1,ESP32,External,ESP32_ROOM_1,30.2,46.0,-,0,Security Event,0,Low,Continue monitoring and maintain secure sensor authentication,Valid ESP32 HMAC Reading,Valid ESP32 HMAC Reading,200
2026-08-14 12:20:20,Real ESP32 Room Sensor,temperature_humidity_sensor,Demo Room,30.2,46.0,Critical,0,Normal Pattern,100,High,Critical Cold-Storage Failure,Critical Cold-Storage Failure
2026-08-14 12:20:22,ESP32_ROOM_1,ESP32,External,ESP32_ROOM_1,30.2,46.0,-,0,Security Event,0,Low,Continue monitoring and maintain secure sensor authentication,Valid ESP32 HMAC Reading,Valid ESP32 HMAC Reading,200
2026-08-14 12:20:22,Real ESP32 Room Sensor,temperature_humidity_sensor,Demo Room,30.2,46.0,Critical,0,Normal Pattern,100,High,Critical Cold-Storage Failure,Critical Cold-Storage Failure
2026-08-14 12:20:24,ESP32_ROOM_1,ESP32,External,ESP32_ROOM_1,30.2,46.0,-,0,Security Event,0,Low,Continue monitoring and maintain secure sensor authentication,Valid ESP32 HMAC Reading,Valid ESP32 HMAC Reading,200
2026-08-14 12:20:24,Real ESP32 Room Sensor,temperature_humidity_sensor,Demo Room,30.2,46.0,Critical,0,Normal Pattern,100,High,Critical Cold-Storage Failure,Critical Cold-Storage Failure
2026-08-14 12:20:26,ESP32_ROOM_1,ESP32,External,ESP32_ROOM_1,30.2,46.0,-,0,Security Event,0,Low,Continue monitoring and maintain secure sensor authentication,Valid ESP32 HMAC Reading,Valid ESP32 HMAC Reading,200
2026-08-14 12:20:27,Real ESP32 Room Sensor,temperature_humidity_sensor,Demo Room,30.2,46.0,Critical,0,Normal Pattern,100,High,Critical Cold-Storage Failure,Critical Cold-Storage Failure
2026-08-14 12:20:29,ESP32_ROOM_1,ESP32,External,ESP32_ROOM_1,30.2,46.0,-,0,Security Event,0,Low,Continue monitoring and maintain secure sensor authentication,Valid ESP32 HMAC Reading,Valid ESP32 HMAC Reading,200
2026-08-14 12:20:29,Real ESP32 Room Sensor,temperature_humidity_sensor,Demo Room,30.2,46.0,Critical,0,Normal Pattern,100,High,Critical Cold-Storage Failure,Critical Cold-Storage Failure
2026-08-14 12:20:31,ESP32_ROOM_1,ESP32,External,ESP32_ROOM_1,30.2,46.0,-,0,Security Event,0,Low,Continue monitoring and maintain secure sensor authentication,Valid ESP32 HMAC Reading,Valid ESP32 HMAC Reading,200
2026-08-14 12:20:31,Real ESP32 Room Sensor,temperature_humidity_sensor,Demo Room,30.2,46.0,Critical,0,Normal Pattern,100,High,Critical Cold-Storage Failure,Critical Cold-Storage Failure
2026-08-14 12:20:33,ESP32_ROOM_1,ESP32,External,ESP32_ROOM_1,30.2,46.0,-,0,Security Event,0,Low,Continue monitoring and maintain secure sensor authentication,Valid ESP32 HMAC Reading,Valid ESP32 HMAC Reading,200
2026-08-14 12:20:34,Real ESP32 Room Sensor,temperature_humidity_sensor,Demo Room,30.2,46.0,Critical,0,Normal Pattern,100,High,Critical Cold-Storage Failure,Critical Cold-Storage Failure
2026-08-14 12:20:36,ESP32_ROOM_1,ESP32,External,ESP32_ROOM_1,30.2,46.0,-,0,Security Event,0,Low,Continue monitoring and maintain secure sensor authentication,Valid ESP32 HMAC Reading,Valid ESP32 HMAC Reading,200
2026-08-14 12:20:36,Real ESP32 Room Sensor,temperature_humidity_sensor,Demo Room,30.2,46.0,Critical,0,Normal Pattern,100,High,Critical Cold-Storage Failure,Critical Cold-Storage Failure
2026-08-14 12:20:38,ESP32_ROOM_1,ESP32,External,ESP32_ROOM_1,30.2,46.0,-,0,Security Event,0,Low,Continue monitoring and maintain secure sensor authentication,Valid ESP32 HMAC Reading,Valid ESP32 HMAC Reading,200
2026-08-14 12:20:38,Real ESP32 Room Sensor,temperature_humidity_sensor,Demo Room,30.2,46.0,Critical,0,Normal Pattern,100,High,Critical Cold-Storage Failure,Critical Cold-Storage Failure
2026-08-14 12:20:40,ESP32_ROOM_1,ESP32,External,ESP32_ROOM_1,30.2,46.0,-,0,Security Event,0,Low,Continue monitoring and maintain secure sensor authentication,Valid ESP32 HMAC Reading,Valid ESP32 HMAC Reading,200
2026-08-14 12:20:40,Real ESP32 Room Sensor,temperature_humidity_sensor,Demo Room,30.2,46.0,Critical,0,Normal Pattern,100,High,Critical Cold-Storage Failure,Critical Cold-Storage Failure
2026-08-14 12:20:42,ESP32_ROOM_1,ESP32,External,ESP32_ROOM_1,30.2,46.0,-,0,Security Event,0,Low,Continue monitoring and maintain secure sensor authentication,Valid ESP32 HMAC Reading,Valid ESP32 HMAC Reading,200
2026-08-14 12:20:43,Real ESP32 Room Sensor,temperature_humidity_sensor,Demo Room,30.2,46.0,Critical,0,Normal Pattern,100,High,Critical Cold-Storage Failure,Critical Cold-Storage Failure
2026-08-14 12:20:45,ESP32_ROOM_1,ESP32,External,ESP32_ROOM_1,30.2,46.0,-,0,Security Event,0,Low,Continue monitoring and maintain secure sensor authentication,Valid ESP32 HMAC Reading,Valid ESP32 HMAC Reading,200
2026-08-14 12:20:45,Real ESP32 Room Sensor,temperature_humidity_sensor,Demo Room,30.2,46.0,Critical,0,Normal Pattern,100,High,Critical Cold-Storage Failure,Critical Cold-Storage Failure
2026-08-14 12:20:47,ESP32_ROOM_1,ESP32,External,ESP32_ROOM_1,30.2,46.0,-,0,Security Event,0,Low,Continue monitoring and maintain secure sensor authentication,Valid ESP32 HMAC Reading,Valid ESP32 HMAC Reading,200
2026-08-14 12:20:47,Real ESP32 Room Sensor,temperature_humidity_sensor,Demo Room,30.2,46.0,Critical,0,Normal Pattern,100,High,Critical Cold-Storage Failure,Critical Cold-Storage Failure
2026-08-14 12:20:50,ESP32_ROOM_1,ESP32,External,ESP32_ROOM_1,30.2,46.0,-,0,Security Event,0,Low,Continue monitoring and maintain secure sensor authentication,Valid ESP32 HMAC Reading,Valid ESP32 HMAC Reading,200
2026-08-14 12:20:50,Real ESP32 Room Sensor,temperature_humidity_sensor,Demo Room,30.2,46.0,Critical,0,Normal Pattern,100,High,Critical Cold-Storage Failure,Critical Cold-Storage Failure
2026-08-14 12:20:52,ESP32_ROOM_1,ESP32,External,ESP32_ROOM_1,30.2,46.0,-,0,Security Event,0,Low,Continue monitoring and maintain secure sensor authentication,Valid ESP32 HMAC Reading,Valid ESP32 HMAC Reading,200
2026-08-14 12:20:52,Real ESP32 Room Sensor,temperature_humidity_sensor,Demo Room,30.2,46.0,Critical,0,Normal Pattern,100,High,Critical Cold-Storage Failure,Critical Cold-Storage Failure
2026-08-14 12:20:54,ESP32_ROOM_1,ESP32,External,ESP32_ROOM_1,30.2,46.0,-,0,Security Event,0,Low,Continue monitoring and maintain secure sensor authentication,Valid ESP32 HMAC Reading,Valid ESP32 HMAC Reading,200
2026-08-14 12:20:54,Real ESP32 Room Sensor,temperature_humidity_sensor,Demo Room,30.2,46.0,Critical,0,Normal Pattern,100,High,Critical Cold-Storage Failure,Critical Cold-Storage Failure
2026-08-14 12:20:56,ESP32_ROOM_1,ESP32,External,ESP32_ROOM_1,30.2,46.0,-,0,Security Event,0,Low,Continue monitoring and maintain secure sensor authentication,Valid ESP32 HMAC Reading,Valid ESP32 HMAC Reading,200
2026-08-14 12:20:56,Real ESP32 Room Sensor,temperature_humidity_sensor,Demo Room,30.2,46.0,Critical,0,Normal Pattern,100,High,Critical Cold-Storage Failure,Critical Cold-Storage Failure
2026-08-14 12:20:59,ESP32_ROOM_1,ESP32,External,ESP32_ROOM_1,30.2,46.0,-,0,Security Event,0,Low,Continue monitoring and maintain secure sensor authentication,Valid ESP32 HMAC Reading,Valid ESP32 HMAC Reading,200
2026-08-14 12:20:59,Real ESP32 Room Sensor,temperature_humidity_sensor,Demo Room,30.2,46.0,Critical,0,Normal Pattern,100,High,Critical Cold-Storage Failure,Critical Cold-Storage Failure
2026-08-14 12:21:01,ESP32_ROOM_1,ESP32,External,ESP32_ROOM_1,30.2,46.0,-,0,Security Event,0,Low,Continue monitoring and maintain secure sensor authentication,Valid ESP32 HMAC Reading,Valid ESP32 HMAC Reading,200
2026-08-14 12:21:01,Real ESP32 Room Sensor,temperature_humidity_sensor,Demo Room,30.2,46.0,Critical,0,Normal Pattern,100,High,Critical Cold-Storage Failure,Critical Cold-Storage Failure
2026-08-14 12:21:03,ESP32_ROOM_1,ESP32,External,ESP32_ROOM_1,30.2,46.0,-,0,Security Event,0,Low,Continue monitoring and maintain secure sensor authentication,Valid ESP32 HMAC Reading,Valid ESP32 HMAC Reading,200
2026-08-14 12:21:03,Real ESP32 Room Sensor,temperature_humidity_sensor,Demo Room,30.2,46.0,Critical,0,Normal Pattern,100,High,Critical Cold-Storage Failure,Critical Cold-Storage Failure
2026-08-14 12:21:06,ESP32_ROOM_1,ESP32,External,ESP32_ROOM_1,30.2,46.0,-,0,Security Event,0,Low,Continue monitoring and maintain secure sensor authentication,Valid ESP32 HMAC Reading,Valid ESP32 HMAC Reading,200
2026-08-14 12:21:06,Real ESP32 Room Sensor,temperature_humidity_sensor,Demo Room,30.2,46.0,Critical,0,Normal Pattern,100,High,Critical Cold-Storage Failure,Critical Cold-Storage Failure
2026-08-14 12:21:08,ESP32_ROOM_1,ESP32,External,ESP32_ROOM_1,30.2,46.0,-,0,Security Event,0,Low,Continue monitoring and maintain secure sensor authentication,Valid ESP32 HMAC Reading,Valid ESP32 HMAC Reading,200
2026-08-14 12:21:08,Real ESP32 Room Sensor,temperature_humidity_sensor,Demo Room,30.2,46.0,Critical,0,Normal Pattern,100,High,Critical Cold-Storage Failure,Critical Cold-Storage Failure
2026-08-14 12:21:10,ESP32_ROOM_1,ESP32,External,ESP32_ROOM_1,30.2,46.0,-,0,Security Event,0,Low,Continue monitoring and maintain secure sensor authentication,Valid ESP32 HMAC Reading,Valid ESP32 HMAC Reading,200
2026-08-14 12:21:10,Real ESP32 Room Sensor,temperature_humidity_sensor,Demo Room,30.2,46.0,Critical,0,Normal Pattern,100,High,Critical Cold-Storage Failure,Critical Cold-Storage Failure
2026-08-14 12:21:12,ESP32_ROOM_1,ESP32,External,ESP32_ROOM_1,30.2,46.0,-,0,Security Event,0,Low,Continue monitoring and maintain secure sensor authentication,Valid ESP32 HMAC Reading,Valid ESP32 HMAC Reading,200
2026-08-14 12:21:13,Real ESP32 Room Sensor,temperature_humidity_sensor,Demo Room,30.2,46.0,Critical,0,Normal Pattern,100,High,Critical Cold-Storage Failure,Critical Cold-Storage Failure
2026-08-14 12:21:15,ESP32_ROOM_1,ESP32,External,ESP32_ROOM_1,30.2,46.0,-,0,Security Event,0,Low,Continue monitoring and maintain secure sensor authentication,Valid ESP32 HMAC Reading,Valid ESP32 HMAC Reading,200
2026-08-14 12:21:15,Real ESP32 Room Sensor,temperature_humidity_sensor,Demo Room,30.2,46.0,Critical,0,Normal Pattern,100,High,Critical Cold-Storage Failure,Critical Cold-Storage Failure
2026-08-14 12:21:17,ESP32_ROOM_1,ESP32,External,ESP32_ROOM_1,30.2,46.0,-,0,Security Event,0,Low,Continue monitoring and maintain secure sensor authentication,Valid ESP32 HMAC Reading,Valid ESP32 HMAC Reading,200
2026-08-14 12:21:17,Real ESP32 Room Sensor,temperature_humidity_sensor,Demo Room,30.2,46.0,Critical,0,Normal Pattern,100,High,Critical Cold-Storage Failure,Critical Cold-Storage Failure
2026-08-14 12:21:19,ESP32_ROOM_1,ESP32,External,ESP32_ROOM_1,30.2,46.0,-,0,Security Event,0,Low,Continue monitoring and maintain secure sensor authentication,Valid ESP32 HMAC Reading,Valid ESP32 HMAC Reading,200
2026-08-14 12:21:19,Real ESP32 Room Sensor,temperature_humidity_sensor,Demo Room,30.2,46.0,Critical,0,Normal Pattern,100,High,Critical Cold-Storage Failure,Critical Cold-Storage Failure
2026-08-14 12:21:22,ESP32_ROOM_1,ESP32,External,ESP32_ROOM_1,30.2,46.0,-,0,Security Event,0,Low,Continue monitoring and maintain secure sensor authentication,Valid ESP32 HMAC Reading,Valid ESP32 HMAC Reading,200
2026-08-14 12:21:22,Real ESP32 Room Sensor,temperature_humidity_sensor,Demo Room,30.2,46.0,Critical,0,Normal Pattern,100,High,Critical Cold-Storage Failure,Critical Cold-Storage Failure
2026-08-14 12:21:24,ESP32_ROOM_1,ESP32,External,ESP32_ROOM_1,30.2,46.0,-,0,Security Event,0,Low,Continue monitoring and maintain secure sensor authentication,Valid ESP32 HMAC Reading,Valid ESP32 HMAC Reading,200
2026-08-14 12:21:24,Real ESP32 Room Sensor,temperature_humidity_sensor,Demo Room,30.2,46.0,Critical,0,Normal Pattern,100,High,Critical Cold-Storage Failure,Critical Cold-Storage Failure
2026-08-14 12:21:26,ESP32_ROOM_1,ESP32,External,ESP32_ROOM_1,30.2,46.0,-,0,Security Event,0,Low,Continue monitoring and maintain secure sensor authentication,Valid ESP32 HMAC Reading,Valid ESP32 HMAC Reading,200
2026-08-14 12:21:26,Real ESP32 Room Sensor,temperature_humidity_sensor,Demo Room,30.2,46.0,Critical,0,Normal Pattern,100,High,Critical Cold-Storage Failure,Critical Cold-Storage Failure
2026-08-14 12:21:29,ESP32_ROOM_1,ESP32,External,ESP32_ROOM_1,30.2,46.0,-,0,Security Event,0,Low,Continue monitoring and maintain secure sensor authentication,Valid ESP32 HMAC Reading,Valid ESP32 HMAC Reading,200
2026-08-14 12:21:29,Real ESP32 Room Sensor,temperature_humidity_sensor,Demo Room,30.2,46.0,Critical,0,Normal Pattern,100,High,Critical Cold-Storage Failure,Critical Cold-Storage Failure
2026-08-14 12:21:31,ESP32_ROOM_1,ESP32,External,ESP32_ROOM_1,30.2,46.0,-,0,Security Event,0,Low,Continue monitoring and maintain secure sensor authentication,Valid ESP32 HMAC Reading,Valid ESP32 HMAC Reading,200
2026-08-14 12:21:31,Real ESP32 Room Sensor,temperature_humidity_sensor,Demo Room,30.2,46.0,Critical,0,Normal Pattern,100,High,Critical Cold-Storage Failure,Critical Cold-Storage Failure
2026-08-14 12:21:33,ESP32_ROOM_1,ESP32,External,ESP32_ROOM_1,30.2,46.0,-,0,Security Event,0,Low,Continue monitoring and maintain secure sensor authentication,Valid ESP32 HMAC Reading,Valid ESP32 HMAC Reading,200
2026-08-14 12:21:33,Real ESP32 Room Sensor,temperature_humidity_sensor,Demo Room,30.2,46.0,Critical,0,Normal Pattern,100,High,Critical Cold-Storage Failure,Critical Cold-Storage Failure
2026-08-14 12:21:36,ESP32_ROOM_1,ESP32,External,ESP32_ROOM_1,30.2,46.0,-,0,Security Event,0,Low,Continue monitoring and maintain secure sensor authentication,Valid ESP32 HMAC Reading,Valid ESP32 HMAC Reading,200
2026-08-14 12:21:36,Real ESP32 Room Sensor,temperature_humidity_sensor,Demo Room,30.2,46.0,Critical,0,Normal Pattern,100,High,Critical Cold-Storage Failure,Critical Cold-Storage Failure
2026-08-14 12:21:38,ESP32_ROOM_1,ESP32,External,ESP32_ROOM_1,30.2,46.0,-,0,Security Event,0,Low,Continue monitoring and maintain secure sensor authentication,Valid ESP32 HMAC Reading,Valid ESP32 HMAC Reading,200
2026-08-14 12:21:38,Real ESP32 Room Sensor,temperature_humidity_sensor,Demo Room,30.2,46.0,Critical,0,Normal Pattern,100,High,Critical Cold-Storage Failure,Critical Cold-Storage Failure
2026-08-14 12:21:40,ESP32_ROOM_1,ESP32,External,ESP32_ROOM_1,30.2,46.0,-,0,Security Event,0,Low,Continue monitoring and maintain secure sensor authentication,Valid ESP32 HMAC Reading,Valid ESP32 HMAC Reading,200
2026-08-14 12:21:40,Real ESP32 Room Sensor,temperature_humidity_sensor,Demo Room,30.2,46.0,Critical,0,Normal Pattern,100,High,Critical Cold-Storage Failure,Critical Cold-Storage Failure
2026-08-14 12:21:43,ESP32_ROOM_1,ESP32,External,ESP32_ROOM_1,30.2,46.0,-,0,Security Event,0,Low,Continue monitoring and maintain secure sensor authentication,Valid ESP32 HMAC Reading,Valid ESP32 HMAC Reading,200
2026-08-14 12:21:43,Real ESP32 Room Sensor,temperature_humidity_sensor,Demo Room,30.2,46.0,Critical,0,Normal Pattern,100,High,Critical Cold-Storage Failure,Critical Cold-Storage Failure
2026-08-14 12:21:45,ESP32_ROOM_1,ESP32,External,ESP32_ROOM_1,30.2,46.0,-,0,Security Event,0,Low,Continue monitoring and maintain secure sensor authentication,Valid ESP32 HMAC Reading,Valid ESP32 HMAC Reading,200
2026-08-14 12:21:45,Real ESP32 Room Sensor,temperature_humidity_sensor,Demo Room,30.2,46.0,Critical,0,Normal Pattern,100,High,Critical Cold-Storage Failure,Critical Cold-Storage Failure
2026-08-14 12:21:47,ESP32_ROOM_1,ESP32,External,ESP32_ROOM_1,30.2,46.0,-,0,Security Event,0,Low,Continue monitoring and maintain secure sensor authentication,Valid ESP32 HMAC Reading,Valid ESP32 HMAC Reading,200
2026-08-14 12:21:48,Real ESP32 Room Sensor,temperature_humidity_sensor,Demo Room,30.2,46.0,Critical,0,Normal Pattern,100,High,Critical Cold-Storage Failure,Critical Cold-Storage Failure
2026-08-14 12:21:50,ESP32_ROOM_1,ESP32,External,ESP32_ROOM_1,30.2,46.0,-,0,Security Event,0,Low,Continue monitoring and maintain secure sensor authentication,Valid ESP32 HMAC Reading,Valid ESP32 HMAC Reading,200
2026-08-14 12:21:50,Real ESP32 Room Sensor,temperature_humidity_sensor,Demo Room,30.2,46.0,Critical,0,Normal Pattern,100,High,Critical Cold-Storage Failure,Critical Cold-Storage Failure
2026-08-14 12:21:52,ESP32_ROOM_1,ESP32,External,ESP32_ROOM_1,30.2,46.0,-,0,Security Event,0,Low,Continue monitoring and maintain secure sensor authentication,Valid ESP32 HMAC Reading,Valid ESP32 HMAC Reading,200
2026-08-14 12:21:52,Real ESP32 Room Sensor,temperature_humidity_sensor,Demo Room,30.2,46.0,Critical,0,Normal Pattern,100,High,Critical Cold-Storage Failure,Critical Cold-Storage Failure
2026-08-14 12:21:55,ESP32_ROOM_1,ESP32,External,ESP32_ROOM_1,30.2,46.0,-,0,Security Event,0,Low,Continue monitoring and maintain secure sensor authentication,Valid ESP32 HMAC Reading,Valid ESP32 HMAC Reading,200
2026-08-14 12:21:55,Real ESP32 Room Sensor,temperature_humidity_sensor,Demo Room,30.2,46.0,Critical,0,Normal Pattern,100,High,Critical Cold-Storage Failure,Critical Cold-Storage Failure
2026-08-14 12:21:57,ESP32_ROOM_1,ESP32,External,ESP32_ROOM_1,30.2,46.0,-,0,Security Event,0,Low,Continue monitoring and maintain secure sensor authentication,Valid ESP32 HMAC Reading,Valid ESP32 HMAC Reading,200
2026-08-14 12:21:57,Real ESP32 Room Sensor,temperature_humidity_sensor,Demo Room,30.2,46.0,Critical,0,Normal Pattern,100,High,Critical Cold-Storage Failure,Critical Cold-Storage Failure
2026-08-14 12:21:59,ESP32_ROOM_1,ESP32,External,ESP32_ROOM_1,30.2,46.0,-,0,Security Event,0,Low,Continue monitoring and maintain secure sensor authentication,Valid ESP32 HMAC Reading,Valid ESP32 HMAC Reading,200
2026-08-14 12:21:59,Real ESP32 Room Sensor,temperature_humidity_sensor,Demo Room,30.2,46.0,Critical,0,Normal Pattern,100,High,Critical Cold-Storage Failure,Critical Cold-Storage Failure
2026-08-14 12:22:02,ESP32_ROOM_1,ESP32,External,ESP32_ROOM_1,30.2,46.0,-,0,Security Event,0,Low,Continue monitoring and maintain secure sensor authentication,Valid ESP32 HMAC Reading,Valid ESP32 HMAC Reading,200
2026-08-14 12:22:02,Real ESP32 Room Sensor,temperature_humidity_sensor,Demo Room,30.2,46.0,Critical,0,Normal Pattern,100,High,Critical Cold-Storage Failure,Critical Cold-Storage Failure
2026-08-14 12:22:04,ESP32_ROOM_1,ESP32,External,ESP32_ROOM_1,30.2,46.0,-,0,Security Event,0,Low,Continue monitoring and maintain secure sensor authentication,Valid ESP32 HMAC Reading,Valid ESP32 HMAC Reading,200
2026-08-14 12:22:04,Real ESP32 Room Sensor,temperature_humidity_sensor,Demo Room,30.2,46.0,Critical,0,Normal Pattern,100,High,Critical Cold-Storage Failure,Critical Cold-Storage Failure
2026-08-14 12:22:06,ESP32_ROOM_1,ESP32,External,ESP32_ROOM_1,30.2,46.0,-,0,Security Event,0,Low,Continue monitoring and maintain secure sensor authentication,Valid ESP32 HMAC Reading,Valid ESP32 HMAC Reading,200
2026-08-14 12:22:06,Real ESP32 Room Sensor,temperature_humidity_sensor,Demo Room,30.2,46.0,Critical,0,Normal Pattern,100,High,Critical Cold-Storage Failure,Critical Cold-Storage Failure
2026-08-14 12:22:09,ESP32_ROOM_1,ESP32,External,ESP32_ROOM_1,30.2,46.0,-,0,Security Event,0,Low,Continue monitoring and maintain secure sensor authentication,Valid ESP32 HMAC Reading,Valid ESP32 HMAC Reading,200
2026-08-14 12:22:09,Real ESP32 Room Sensor,temperature_humidity_sensor,Demo Room,30.2,46.0,Critical,0,Normal Pattern,100,High,Critical Cold-Storage Failure,Critical Cold-Storage Failure
2026-08-14 12:22:11,ESP32_ROOM_1,ESP32,External,ESP32_ROOM_1,30.2,46.0,-,0,Security Event,0,Low,Continue monitoring and maintain secure sensor authentication,Valid ESP32 HMAC Reading,Valid ESP32 HMAC Reading,200
2026-08-14 12:22:11,Real ESP32 Room Sensor,temperature_humidity_sensor,Demo Room,30.2,46.0,Critical,0,Normal Pattern,100,High,Critical Cold-Storage Failure,Critical Cold-Storage Failure
2026-08-14 12:22:13,ESP32_ROOM_1,ESP32,External,ESP32_ROOM_1,30.2,46.0,-,0,Security Event,0,Low,Continue monitoring and maintain secure sensor authentication,Valid ESP32 HMAC Reading,Valid ESP32 HMAC Reading,200
2026-08-14 12:22:13,Real ESP32 Room Sensor,temperature_humidity_sensor,Demo Room,30.2,46.0,Critical,0,Normal Pattern,100,High,Critical Cold-Storage Failure,Critical Cold-Storage Failure
2026-08-14 12:22:16,ESP32_ROOM_1,ESP32,External,ESP32_ROOM_1,30.2,46.0,-,0,Security Event,0,Low,Continue monitoring and maintain secure sensor authentication,Valid ESP32 HMAC Reading,Valid ESP32 HMAC Reading,200
2026-08-14 12:22:16,Real ESP32 Room Sensor,temperature_humidity_sensor,Demo Room,30.2,46.0,Critical,0,Normal Pattern,100,High,Critical Cold-Storage Failure,Critical Cold-Storage Failure
2026-08-14 12:22:18,ESP32_ROOM_1,ESP32,External,ESP32_ROOM_1,30.2,46.0,-,0,Security Event,0,Low,Continue monitoring and maintain secure sensor authentication,Valid ESP32 HMAC Reading,Valid ESP32 HMAC Reading,200
2026-08-14 12:22:18,Real ESP32 Room Sensor,temperature_humidity_sensor,Demo Room,30.2,46.0,Critical,0,Normal Pattern,100,High,Critical Cold-Storage Failure,Critical Cold-Storage Failure
2026-08-14 12:22:20,ESP32_ROOM_1,ESP32,External,ESP32_ROOM_1,30.2,46.0,-,0,Security Event,0,Low,Continue monitoring and maintain secure sensor authentication,Valid ESP32 HMAC Reading,Valid ESP32 HMAC Reading,200
2026-08-14 12:22:20,Real ESP32 Room Sensor,temperature_humidity_sensor,Demo Room,30.2,46.0,Critical,0,Normal Pattern,100,High,Critical Cold-Storage Failure,Critical Cold-Storage Failure
2026-08-14 12:22:23,ESP32_ROOM_1,ESP32,External,ESP32_ROOM_1,30.2,46.0,-,0,Security Event,0,Low,Continue monitoring and maintain secure sensor authentication,Valid ESP32 HMAC Reading,Valid ESP32 HMAC Reading,200
2026-08-14 12:22:23,Real ESP32 Room Sensor,temperature_humidity_sensor,Demo Room,30.2,46.0,Critical,0,Normal Pattern,100,High,Critical Cold-Storage Failure,Critical Cold-Storage Failure
2026-08-14 12:22:25,ESP32_ROOM_1,ESP32,External,ESP32_ROOM_1,30.2,46.0,-,0,Security Event,0,Low,Continue monitoring and maintain secure sensor authentication,Valid ESP32 HMAC Reading,Valid ESP32 HMAC Reading,200
2026-08-14 12:22:25,Real ESP32 Room Sensor,temperature_humidity_sensor,Demo Room,30.2,46.0,Critical,0,Normal Pattern,100,High,Critical Cold-Storage Failure,Critical Cold-Storage Failure
2026-08-14 12:22:27,ESP32_ROOM_1,ESP32,External,ESP32_ROOM_1,30.2,46.0,-,0,Security Event,0,Low,Continue monitoring and maintain secure sensor authentication,Valid ESP32 HMAC Reading,Valid ESP32 HMAC Reading,200
2026-08-14 12:22:27,Real ESP32 Room Sensor,temperature_humidity_sensor,Demo Room,30.2,46.0,Critical,0,Normal Pattern,100,High,Critical Cold-Storage Failure,Critical Cold-Storage Failure
2026-08-14 12:22:30,ESP32_ROOM_1,ESP32,External,ESP32_ROOM_1,30.2,46.0,-,0,Security Event,0,Low,Continue monitoring and maintain secure sensor authentication,Valid ESP32 HMAC Reading,Valid ESP32 HMAC Reading,200
2026-08-14 12:22:30,Real ESP32 Room Sensor,temperature_humidity_sensor,Demo Room,30.2,46.0,Critical,0,Normal Pattern,100,High,Critical Cold-Storage Failure,Critical Cold-Storage Failure
2026-08-14 12:22:32,ESP32_ROOM_1,ESP32,External,ESP32_ROOM_1,30.2,46.0,-,0,Security Event,0,Low,Continue monitoring and maintain secure sensor authentication,Valid ESP32 HMAC Reading,Valid ESP32 HMAC Reading,200
2026-08-14 12:22:32,Real ESP32 Room Sensor,temperature_humidity_sensor,Demo Room,30.2,46.0,Critical,0,Normal Pattern,100,High,Critical Cold-Storage Failure,Critical Cold-Storage Failure
2026-08-14 12:22:34,ESP32_ROOM_1,ESP32,External,ESP32_ROOM_1,30.2,46.0,-,0,Security Event,0,Low,Continue monitoring and maintain secure sensor authentication,Valid ESP32 HMAC Reading,Valid ESP32 HMAC Reading,200
2026-08-14 12:22:34,Real ESP32 Room Sensor,temperature_humidity_sensor,Demo Room,30.2,46.0,Critical,0,Normal Pattern,100,High,Critical Cold-Storage Failure,Critical Cold-Storage Failure
2026-08-14 12:22:37,ESP32_ROOM_1,ESP32,External,ESP32_ROOM_1,30.2,46.0,-,0,Security Event,0,Low,Continue monitoring and maintain secure sensor authentication,Valid ESP32 HMAC Reading,Valid ESP32 HMAC Reading,200
2026-08-14 12:22:37,Real ESP32 Room Sensor,temperature_humidity_sensor,Demo Room,30.2,46.0,Critical,0,Normal Pattern,100,High,Critical Cold-Storage Failure,Critical Cold-Storage Failure
2026-08-14 12:22:39,ESP32_ROOM_1,ESP32,External,ESP32_ROOM_1,30.2,46.0,-,0,Security Event,0,Low,Continue monitoring and maintain secure sensor authentication,Valid ESP32 HMAC Reading,Valid ESP32 HMAC Reading,200
2026-08-14 12:22:39,Real ESP32 Room Sensor,temperature_humidity_sensor,Demo Room,30.2,46.0,Critical,0,Normal Pattern,100,High,Critical Cold-Storage Failure,Critical Cold-Storage Failure
2026-08-14 12:22:41,ESP32_ROOM_1,ESP32,External,ESP32_ROOM_1,30.2,46.0,-,0,Security Event,0,Low,Continue monitoring and maintain secure sensor authentication,Valid ESP32 HMAC Reading,Valid ESP32 HMAC Reading,200
2026-08-14 12:22:41,Real ESP32 Room Sensor,temperature_humidity_sensor,Demo Room,30.2,46.0,Critical,0,Normal Pattern,100,High,Critical Cold-Storage Failure,Critical Cold-Storage Failure
2026-08-14 12:22:44,ESP32_ROOM_1,ESP32,External,ESP32_ROOM_1,30.2,46.0,-,0,Security Event,0,Low,Continue monitoring and maintain secure sensor authentication,Valid ESP32 HMAC Reading,Valid ESP32 HMAC Reading,200
2026-08-14 12:22:44,Real ESP32 Room Sensor,temperature_humidity_sensor,Demo Room,30.2,46.0,Critical,0,Normal Pattern,100,High,Critical Cold-Storage Failure,Critical Cold-Storage Failure
2026-08-14 12:22:46,ESP32_ROOM_1,ESP32,External,ESP32_ROOM_1,30.2,46.0,-,0,Security Event,0,Low,Continue monitoring and maintain secure sensor authentication,Valid ESP32 HMAC Reading,Valid ESP32 HMAC Reading,200
2026-08-14 12:22:46,Real ESP32 Room Sensor,temperature_humidity_sensor,Demo Room,30.2,46.0,Critical,0,Normal Pattern,100,High,Critical Cold-Storage Failure,Critical Cold-Storage Failure
2026-08-14 12:22:48,ESP32_ROOM_1,ESP32,External,ESP32_ROOM_1,30.2,46.0,-,0,Security Event,0,Low,Continue monitoring and maintain secure sensor authentication,Valid ESP32 HMAC Reading,Valid ESP32 HMAC Reading,200
2026-08-14 12:22:48,Real ESP32 Room Sensor,temperature_humidity_sensor,Demo Room,30.2,46.0,Critical,0,Normal Pattern,100,High,Critical Cold-Storage Failure,Critical Cold-Storage Failure
2026-08-14 12:22:51,ESP32_ROOM_1,ESP32,External,ESP32_ROOM_1,30.2,46.0,-,0,Security Event,0,Low,Continue monitoring and maintain secure sensor authentication,Valid ESP32 HMAC Reading,Valid ESP32 HMAC Reading,200
2026-08-14 12:22:51,Real ESP32 Room Sensor,temperature_humidity_sensor,Demo Room,30.2,46.0,Critical,0,Normal Pattern,100,High,Critical Cold-Storage Failure,Critical Cold-Storage Failure
2026-08-14 12:22:53,ESP32_ROOM_1,ESP32,External,ESP32_ROOM_1,30.2,46.0,-,0,Security Event,0,Low,Continue monitoring and maintain secure sensor authentication,Valid ESP32 HMAC Reading,Valid ESP32 HMAC Reading,200
2026-08-14 12:22:53,Real ESP32 Room Sensor,temperature_humidity_sensor,Demo Room,30.2,46.0,Critical,0,Normal Pattern,100,High,Critical Cold-Storage Failure,Critical Cold-Storage Failure
2026-08-14 12:22:55,ESP32_ROOM_1,ESP32,External,ESP32_ROOM_1,30.2,46.0,-,0,Security Event,0,Low,Continue monitoring and maintain secure sensor authentication,Valid ESP32 HMAC Reading,Valid ESP32 HMAC Reading,200
2026-08-14 12:22:55,Real ESP32 Room Sensor,temperature_humidity_sensor,Demo Room,30.2,46.0,Critical,0,Normal Pattern,100,High,Critical Cold-Storage Failure,Critical Cold-Storage Failure
2026-08-14 12:22:57,ESP32_ROOM_1,ESP32,External,ESP32_ROOM_1,30.2,46.0,-,0,Security Event,0,Low,Continue monitoring and maintain secure sensor authentication,Valid ESP32 HMAC Reading,Valid ESP32 HMAC Reading,200
2026-08-14 12:22:57,Real ESP32 Room Sensor,temperature_humidity_sensor,Demo Room,30.2,46.0,Critical,0,Normal Pattern,100,High,Critical Cold-Storage Failure,Critical Cold-Storage Failure
2026-08-14 12:23:00,ESP32_ROOM_1,ESP32,External,ESP32_ROOM_1,30.2,46.0,-,0,Security Event,0,Low,Continue monitoring and maintain secure sensor authentication,Valid ESP32 HMAC Reading,Valid ESP32 HMAC Reading,200
2026-08-14 12:23:00,Real ESP32 Room Sensor,temperature_humidity_sensor,Demo Room,30.2,46.0,Critical,0,Normal Pattern,100,High,Critical Cold-Storage Failure,Critical Cold-Storage Failure
2026-08-14 12:23:02,ESP32_ROOM_1,ESP32,External,ESP32_ROOM_1,30.2,46.0,-,0,Security Event,0,Low,Continue monitoring and maintain secure sensor authentication,Valid ESP32 HMAC Reading,Valid ESP32 HMAC Reading,200
2026-08-14 12:23:02,Real ESP32 Room Sensor,temperature_humidity_sensor,Demo Room,30.2,46.0,Critical,0,Normal Pattern,100,High,Critical Cold-Storage Failure,Critical Cold-Storage Failure
2026-08-14 12:23:04,ESP32_ROOM_1,ESP32,External,ESP32_ROOM_1,30.2,46.0,-,0,Security Event,0,Low,Continue monitoring and maintain secure sensor authentication,Valid ESP32 HMAC Reading,Valid ESP32 HMAC Reading,200
2026-08-14 12:23:04,Real ESP32 Room Sensor,temperature_humidity_sensor,Demo Room,30.2,46.0,Critical,0,Normal Pattern,100,High,Critical Cold-Storage Failure,Critical Cold-Storage Failure
2026-08-14 12:23:06,ESP32_ROOM_1,ESP32,External,ESP32_ROOM_1,30.2,46.0,-,0,Security Event,0,Low,Continue monitoring and maintain secure sensor authentication,Valid ESP32 HMAC Reading,Valid ESP32 HMAC Reading,200
2026-08-14 12:23:06,Real ESP32 Room Sensor,temperature_humidity_sensor,Demo Room,30.2,46.0,Critical,0,Normal Pattern,100,High,Critical Cold-Storage Failure,Critical Cold-Storage Failure
2026-08-14 12:23:09,ESP32_ROOM_1,ESP32,External,ESP32_ROOM_1,30.2,46.0,-,0,Security Event,0,Low,Continue monitoring and maintain secure sensor authentication,Valid ESP32 HMAC Reading,Valid ESP32 HMAC Reading,200
2026-08-14 12:23:09,Real ESP32 Room Sensor,temperature_humidity_sensor,Demo Room,30.2,46.0,Critical,0,Normal Pattern,100,High,Critical Cold-Storage Failure,Critical Cold-Storage Failure
2026-08-14 12:23:11,ESP32_ROOM_1,ESP32,External,ESP32_ROOM_1,30.2,46.0,-,0,Security Event,0,Low,Continue monitoring and maintain secure sensor authentication,Valid ESP32 HMAC Reading,Valid ESP32 HMAC Reading,200
2026-08-14 12:23:11,Real ESP32 Room Sensor,temperature_humidity_sensor,Demo Room,30.2,46.0,Critical,0,Normal Pattern,100,High,Critical Cold-Storage Failure,Critical Cold-Storage Failure
2026-08-14 12:23:13,ESP32_ROOM_1,ESP32,External,ESP32_ROOM_1,30.2,46.0,-,0,Security Event,0,Low,Continue monitoring and maintain secure sensor authentication,Valid ESP32 HMAC Reading,Valid ESP32 HMAC Reading,200
2026-08-14 12:23:13,Real ESP32 Room Sensor,temperature_humidity_sensor,Demo Room,30.2,46.0,Critical,0,Normal Pattern,100,High,Critical Cold-Storage Failure,Critical Cold-Storage Failure
2026-08-14 12:23:15,ESP32_ROOM_1,ESP32,External,ESP32_ROOM_1,30.2,46.0,-,0,Security Event,0,Low,Continue monitoring and maintain secure sensor authentication,Valid ESP32 HMAC Reading,Valid ESP32 HMAC Reading,200
2026-08-14 12:23:15,Real ESP32 Room Sensor,temperature_humidity_sensor,Demo Room,30.2,46.0,Critical,0,Normal Pattern,100,High,Critical Cold-Storage Failure,Critical Cold-Storage Failure
2026-08-14 12:23:18,ESP32_ROOM_1,ESP32,External,ESP32_ROOM_1,30.2,46.0,-,0,Security Event,0,Low,Continue monitoring and maintain secure sensor authentication,Valid ESP32 HMAC Reading,Valid ESP32 HMAC Reading,200
2026-08-14 12:23:18,Real ESP32 Room Sensor,temperature_humidity_sensor,Demo Room,30.2,46.0,Critical,0,Normal Pattern,100,High,Critical Cold-Storage Failure,Critical Cold-Storage Failure
2026-08-14 12:23:20,ESP32_ROOM_1,ESP32,External,ESP32_ROOM_1,30.2,46.0,-,0,Security Event,0,Low,Continue monitoring and maintain secure sensor authentication,Valid ESP32 HMAC Reading,Valid ESP32 HMAC Reading,200
2026-08-14 12:23:20,Real ESP32 Room Sensor,temperature_humidity_sensor,Demo Room,30.2,46.0,Critical,0,Normal Pattern,100,High,Critical Cold-Storage Failure,Critical Cold-Storage Failure
2026-08-14 12:23:23,ESP32_ROOM_1,ESP32,External,ESP32_ROOM_1,30.2,46.0,-,0,Security Event,0,Low,Continue monitoring and maintain secure sensor authentication,Valid ESP32 HMAC Reading,Valid ESP32 HMAC Reading,200
2026-08-14 12:23:23,Real ESP32 Room Sensor,temperature_humidity_sensor,Demo Room,30.2,46.0,Critical,0,Normal Pattern,100,High,Critical Cold-Storage Failure,Critical Cold-Storage Failure
2026-08-14 12:23:25,ESP32_ROOM_1,ESP32,External,ESP32_ROOM_1,30.2,46.0,-,0,Security Event,0,Low,Continue monitoring and maintain secure sensor authentication,Valid ESP32 HMAC Reading,Valid ESP32 HMAC Reading,200
2026-08-14 12:23:25,Real ESP32 Room Sensor,temperature_humidity_sensor,Demo Room,30.2,46.0,Critical,0,Normal Pattern,100,High,Critical Cold-Storage Failure,Critical Cold-Storage Failure
2026-08-14 12:23:27,ESP32_ROOM_1,ESP32,External,ESP32_ROOM_1,30.2,46.0,-,0,Security Event,0,Low,Continue monitoring and maintain secure sensor authentication,Valid ESP32 HMAC Reading,Valid ESP32 HMAC Reading,200
2026-08-14 12:23:27,Real ESP32 Room Sensor,temperature_humidity_sensor,Demo Room,30.2,46.0,Critical,0,Normal Pattern,100,High,Critical Cold-Storage Failure,Critical Cold-Storage Failure
2026-08-14 12:23:30,ESP32_ROOM_1,ESP32,External,ESP32_ROOM_1,30.2,46.0,-,0,Security Event,0,Low,Continue monitoring and maintain secure sensor authentication,Valid ESP32 HMAC Reading,Valid ESP32 HMAC Reading,200
2026-08-14 12:23:30,Real ESP32 Room Sensor,temperature_humidity_sensor,Demo Room,30.2,46.0,Critical,0,Normal Pattern,100,High,Critical Cold-Storage Failure,Critical Cold-Storage Failure
2026-08-14 12:23:32,ESP32_ROOM_1,ESP32,External,ESP32_ROOM_1,30.2,46.0,-,0,Security Event,0,Low,Continue monitoring and maintain secure sensor authentication,Valid ESP32 HMAC Reading,Valid ESP32 HMAC Reading,200
2026-08-14 12:23:32,Real ESP32 Room Sensor,temperature_humidity_sensor,Demo Room,30.2,46.0,Critical,0,Normal Pattern,100,High,Critical Cold-Storage Failure,Critical Cold-Storage Failure
2026-08-14 12:23:34,ESP32_ROOM_1,ESP32,External,ESP32_ROOM_1,30.2,46.0,-,0,Security Event,0,Low,Continue monitoring and maintain secure sensor authentication,Valid ESP32 HMAC Reading,Valid ESP32 HMAC Reading,200
2026-08-14 12:23:34,Real ESP32 Room Sensor,temperature_humidity_sensor,Demo Room,30.2,46.0,Critical,0,Normal Pattern,100,High,Critical Cold-Storage Failure,Critical Cold-Storage Failure
2026-08-14 12:23:36,ESP32_ROOM_1,ESP32,External,ESP32_ROOM_1,30.2,46.0,-,0,Security Event,0,Low,Continue monitoring and maintain secure sensor authentication,Valid ESP32 HMAC Reading,Valid ESP32 HMAC Reading,200
2026-08-14 12:23:36,Real ESP32 Room Sensor,temperature_humidity_sensor,Demo Room,30.2,46.0,Critical,0,Normal Pattern,100,High,Critical Cold-Storage Failure,Critical Cold-Storage Failure
2026-08-14 12:23:39,ESP32_ROOM_1,ESP32,External,ESP32_ROOM_1,30.2,46.0,-,0,Security Event,0,Low,Continue monitoring and maintain secure sensor authentication,Valid ESP32 HMAC Reading,Valid ESP32 HMAC Reading,200
2026-08-14 12:23:39,Real ESP32 Room Sensor,temperature_humidity_sensor,Demo Room,30.2,46.0,Critical,0,Normal Pattern,100,High,Critical Cold-Storage Failure,Critical Cold-Storage Failure
2026-08-14 12:23:41,ESP32_ROOM_1,ESP32,External,ESP32_ROOM_1,30.2,46.0,-,0,Security Event,0,Low,Continue monitoring and maintain secure sensor authentication,Valid ESP32 HMAC Reading,Valid ESP32 HMAC Reading,200
2026-08-14 12:23:41,Real ESP32 Room Sensor,temperature_humidity_sensor,Demo Room,30.2,46.0,Critical,0,Normal Pattern,100,High,Critical Cold-Storage Failure,Critical Cold-Storage Failure
2026-08-14 12:23:43,ESP32_ROOM_1,ESP32,External,ESP32_ROOM_1,30.2,46.0,-,0,Security Event,0,Low,Continue monitoring and maintain secure sensor authentication,Valid ESP32 HMAC Reading,Valid ESP32 HMAC Reading,200
2026-08-14 12:23:43,Real ESP32 Room Sensor,temperature_humidity_sensor,Demo Room,30.2,46.0,Critical,0,Normal Pattern,100,High,Critical Cold-Storage Failure,Critical Cold-Storage Failure
2026-08-14 12:23:46,ESP32_ROOM_1,ESP32,External,ESP32_ROOM_1,30.2,46.0,-,0,Security Event,0,Low,Continue monitoring and maintain secure sensor authentication,Valid ESP32 HMAC Reading,Valid ESP32 HMAC Reading,200
2026-08-14 12:23:46,Real ESP32 Room Sensor,temperature_humidity_sensor,Demo Room,30.2,46.0,Critical,0,Normal Pattern,100,High,Critical Cold-Storage Failure,Critical Cold-Storage Failure
2026-08-14 12:23:48,ESP32_ROOM_1,ESP32,External,ESP32_ROOM_1,30.2,46.0,-,0,Security Event,0,Low,Continue monitoring and maintain secure sensor authentication,Valid ESP32 HMAC Reading,Valid ESP32 HMAC Reading,200
2026-08-14 12:23:48,Real ESP32 Room Sensor,temperature_humidity_sensor,Demo Room,30.2,46.0,Critical,0,Normal Pattern,100,High,Critical Cold-Storage Failure,Critical Cold-Storage Failure
2026-08-14 12:23:50,ESP32_ROOM_1,ESP32,External,ESP32_ROOM_1,30.2,46.0,-,0,Security Event,0,Low,Continue monitoring and maintain secure sensor authentication,Valid ESP32 HMAC Reading,Valid ESP32 HMAC Reading,200
2026-08-14 12:23:50,Real ESP32 Room Sensor,temperature_humidity_sensor,Demo Room,30.2,46.0,Critical,0,Normal Pattern,100,High,Critical Cold-Storage Failure,Critical Cold-Storage Failure
2026-08-14 12:23:52,ESP32_ROOM_1,ESP32,External,ESP32_ROOM_1,30.2,46.0,-,0,Security Event,0,Low,Continue monitoring and maintain secure sensor authentication,Valid ESP32 HMAC Reading,Valid ESP32 HMAC Reading,200
2026-08-14 12:23:53,Real ESP32 Room Sensor,temperature_humidity_sensor,Demo Room,30.2,46.0,Critical,0,Normal Pattern,100,High,Critical Cold-Storage Failure,Critical Cold-Storage Failure
2026-08-14 12:23:55,ESP32_ROOM_1,ESP32,External,ESP32_ROOM_1,30.2,46.0,-,0,Security Event,0,Low,Continue monitoring and maintain secure sensor authentication,Valid ESP32 HMAC Reading,Valid ESP32 HMAC Reading,200
2026-08-14 12:23:55,Real ESP32 Room Sensor,temperature_humidity_sensor,Demo Room,30.2,46.0,Critical,0,Normal Pattern,100,High,Critical Cold-Storage Failure,Critical Cold-Storage Failure
2026-08-14 12:23:57,ESP32_ROOM_1,ESP32,External,ESP32_ROOM_1,30.2,46.0,-,0,Security Event,0,Low,Continue monitoring and maintain secure sensor authentication,Valid ESP32 HMAC Reading,Valid ESP32 HMAC Reading,200
2026-08-14 12:23:57,Real ESP32 Room Sensor,temperature_humidity_sensor,Demo Room,30.2,46.0,Critical,0,Normal Pattern,100,High,Critical Cold-Storage Failure,Critical Cold-Storage Failure
2026-08-14 12:23:59,ESP32_ROOM_1,ESP32,External,ESP32_ROOM_1,30.2,46.0,-,0,Security Event,0,Low,Continue monitoring and maintain secure sensor authentication,Valid ESP32 HMAC Reading,Valid ESP32 HMAC Reading,200
2026-08-14 12:23:59,Real ESP32 Room Sensor,temperature_humidity_sensor,Demo Room,30.2,46.0,Critical,0,Normal Pattern,100,High,Critical Cold-Storage Failure,Critical Cold-Storage Failure
2026-08-14 12:24:02,ESP32_ROOM_1,ESP32,External,ESP32_ROOM_1,30.2,46.0,-,0,Security Event,0,Low,Continue monitoring and maintain secure sensor authentication,Valid ESP32 HMAC Reading,Valid ESP32 HMAC Reading,200
2026-08-14 12:24:02,Real ESP32 Room Sensor,temperature_humidity_sensor,Demo Room,30.2,46.0,Critical,0,Normal Pattern,100,High,Critical Cold-Storage Failure,Critical Cold-Storage Failure
2026-08-14 12:24:04,ESP32_ROOM_1,ESP32,External,ESP32_ROOM_1,30.2,46.0,-,0,Security Event,0,Low,Continue monitoring and maintain secure sensor authentication,Valid ESP32 HMAC Reading,Valid ESP32 HMAC Reading,200
2026-08-14 12:24:04,Real ESP32 Room Sensor,temperature_humidity_sensor,Demo Room,30.2,46.0,Critical,0,Normal Pattern,100,High,Critical Cold-Storage Failure,Critical Cold-Storage Failure
2026-08-14 12:24:07,ESP32_ROOM_1,ESP32,External,ESP32_ROOM_1,30.2,46.0,-,0,Security Event,0,Low,Continue monitoring and maintain secure sensor authentication,Valid ESP32 HMAC Reading,Valid ESP32 HMAC Reading,200
2026-08-14 12:24:07,Real ESP32 Room Sensor,temperature_humidity_sensor,Demo Room,30.2,46.0,Critical,0,Normal Pattern,100,High,Critical Cold-Storage Failure,Critical Cold-Storage Failure
2026-08-14 12:24:09,ESP32_ROOM_1,ESP32,External,ESP32_ROOM_1,30.2,46.0,-,0,Security Event,0,Low,Continue monitoring and maintain secure sensor authentication,Valid ESP32 HMAC Reading,Valid ESP32 HMAC Reading,200
2026-08-14 12:24:09,Real ESP32 Room Sensor,temperature_humidity_sensor,Demo Room,30.2,46.0,Critical,0,Normal Pattern,100,High,Critical Cold-Storage Failure,Critical Cold-Storage Failure
2026-08-14 12:24:11,ESP32_ROOM_1,ESP32,External,ESP32_ROOM_1,30.2,46.0,-,0,Security Event,0,Low,Continue monitoring and maintain secure sensor authentication,Valid ESP32 HMAC Reading,Valid ESP32 HMAC Reading,200
2026-08-14 12:24:11,Real ESP32 Room Sensor,temperature_humidity_sensor,Demo Room,30.2,46.0,Critical,0,Normal Pattern,100,High,Critical Cold-Storage Failure,Critical Cold-Storage Failure
2026-08-14 12:24:13,ESP32_ROOM_1,ESP32,External,ESP32_ROOM_1,30.2,46.0,-,0,Security Event,0,Low,Continue monitoring and maintain secure sensor authentication,Valid ESP32 HMAC Reading,Valid ESP32 HMAC Reading,200
2026-08-14 12:24:13,Real ESP32 Room Sensor,temperature_humidity_sensor,Demo Room,30.2,46.0,Critical,0,Normal Pattern,100,High,Critical Cold-Storage Failure,Critical Cold-Storage Failure
2026-08-14 12:24:16,ESP32_ROOM_1,ESP32,External,ESP32_ROOM_1,30.2,46.0,-,0,Security Event,0,Low,Continue monitoring and maintain secure sensor authentication,Valid ESP32 HMAC Reading,Valid ESP32 HMAC Reading,200
2026-08-14 12:24:16,Real ESP32 Room Sensor,temperature_humidity_sensor,Demo Room,30.2,46.0,Critical,0,Normal Pattern,100,High,Critical Cold-Storage Failure,Critical Cold-Storage Failure
2026-08-14 12:24:18,ESP32_ROOM_1,ESP32,External,ESP32_ROOM_1,30.2,46.0,-,0,Security Event,0,Low,Continue monitoring and maintain secure sensor authentication,Valid ESP32 HMAC Reading,Valid ESP32 HMAC Reading,200
2026-08-14 12:24:18,Real ESP32 Room Sensor,temperature_humidity_sensor,Demo Room,30.2,46.0,Critical,0,Normal Pattern,100,High,Critical Cold-Storage Failure,Critical Cold-Storage Failure
2026-08-14 12:24:20,ESP32_ROOM_1,ESP32,External,ESP32_ROOM_1,30.2,46.0,-,0,Security Event,0,Low,Continue monitoring and maintain secure sensor authentication,Valid ESP32 HMAC Reading,Valid ESP32 HMAC Reading,200
2026-08-14 12:24:20,Real ESP32 Room Sensor,temperature_humidity_sensor,Demo Room,30.2,46.0,Critical,0,Normal Pattern,100,High,Critical Cold-Storage Failure,Critical Cold-Storage Failure
2026-08-14 12:24:23,ESP32_ROOM_1,ESP32,External,ESP32_ROOM_1,30.2,46.0,-,0,Security Event,0,Low,Continue monitoring and maintain secure sensor authentication,Valid ESP32 HMAC Reading,Valid ESP32 HMAC Reading,200
2026-08-14 12:24:23,Real ESP32 Room Sensor,temperature_humidity_sensor,Demo Room,30.2,46.0,Critical,0,Normal Pattern,100,High,Critical Cold-Storage Failure,Critical Cold-Storage Failure
2026-08-14 12:24:25,ESP32_ROOM_1,ESP32,External,ESP32_ROOM_1,30.2,46.0,-,0,Security Event,0,Low,Continue monitoring and maintain secure sensor authentication,Valid ESP32 HMAC Reading,Valid ESP32 HMAC Reading,200
2026-08-14 12:24:25,Real ESP32 Room Sensor,temperature_humidity_sensor,Demo Room,30.2,46.0,Critical,0,Normal Pattern,100,High,Critical Cold-Storage Failure,Critical Cold-Storage Failure
2026-08-14 12:24:27,ESP32_ROOM_1,ESP32,External,ESP32_ROOM_1,30.2,46.0,-,0,Security Event,0,Low,Continue monitoring and maintain secure sensor authentication,Valid ESP32 HMAC Reading,Valid ESP32 HMAC Reading,200
2026-08-14 12:24:27,Real ESP32 Room Sensor,temperature_humidity_sensor,Demo Room,30.2,46.0,Critical,0,Normal Pattern,100,High,Critical Cold-Storage Failure,Critical Cold-Storage Failure
2026-08-14 12:24:30,ESP32_ROOM_1,ESP32,External,ESP32_ROOM_1,30.2,46.0,-,0,Security Event,0,Low,Continue monitoring and maintain secure sensor authentication,Valid ESP32 HMAC Reading,Valid ESP32 HMAC Reading,200
2026-08-14 12:24:30,Real ESP32 Room Sensor,temperature_humidity_sensor,Demo Room,30.2,46.0,Critical,0,Normal Pattern,100,High,Critical Cold-Storage Failure,Critical Cold-Storage Failure
2026-08-14 12:24:32,ESP32_ROOM_1,ESP32,External,ESP32_ROOM_1,30.2,46.0,-,0,Security Event,0,Low,Continue monitoring and maintain secure sensor authentication,Valid ESP32 HMAC Reading,Valid ESP32 HMAC Reading,200
2026-08-14 12:24:32,Real ESP32 Room Sensor,temperature_humidity_sensor,Demo Room,30.2,46.0,Critical,0,Normal Pattern,100,High,Critical Cold-Storage Failure,Critical Cold-Storage Failure
2026-08-14 12:24:34,ESP32_ROOM_1,ESP32,External,ESP32_ROOM_1,30.2,46.0,-,0,Security Event,0,Low,Continue monitoring and maintain secure sensor authentication,Valid ESP32 HMAC Reading,Valid ESP32 HMAC Reading,200
2026-08-14 12:24:34,Real ESP32 Room Sensor,temperature_humidity_sensor,Demo Room,30.2,46.0,Critical,0,Normal Pattern,100,High,Critical Cold-Storage Failure,Critical Cold-Storage Failure
2026-08-14 12:24:36,ESP32_ROOM_1,ESP32,External,ESP32_ROOM_1,30.2,46.0,-,0,Security Event,0,Low,Continue monitoring and maintain secure sensor authentication,Valid ESP32 HMAC Reading,Valid ESP32 HMAC Reading,200
2026-08-14 12:24:36,Real ESP32 Room Sensor,temperature_humidity_sensor,Demo Room,30.2,46.0,Critical,0,Normal Pattern,100,High,Critical Cold-Storage Failure,Critical Cold-Storage Failure
2026-08-14 12:24:39,ESP32_ROOM_1,ESP32,External,ESP32_ROOM_1,30.2,46.0,-,0,Security Event,0,Low,Continue monitoring and maintain secure sensor authentication,Valid ESP32 HMAC Reading,Valid ESP32 HMAC Reading,200
2026-08-14 12:24:39,Real ESP32 Room Sensor,temperature_humidity_sensor,Demo Room,30.2,46.0,Critical,0,Normal Pattern,100,High,Critical Cold-Storage Failure,Critical Cold-Storage Failure
2026-08-14 12:24:41,ESP32_ROOM_1,ESP32,External,ESP32_ROOM_1,30.2,46.0,-,0,Security Event,0,Low,Continue monitoring and maintain secure sensor authentication,Valid ESP32 HMAC Reading,Valid ESP32 HMAC Reading,200
2026-08-14 12:24:41,Real ESP32 Room Sensor,temperature_humidity_sensor,Demo Room,30.2,46.0,Critical,0,Normal Pattern,100,High,Critical Cold-Storage Failure,Critical Cold-Storage Failure
2026-08-14 12:24:43,ESP32_ROOM_1,ESP32,External,ESP32_ROOM_1,30.2,46.0,-,0,Security Event,0,Low,Continue monitoring and maintain secure sensor authentication,Valid ESP32 HMAC Reading,Valid ESP32 HMAC Reading,200
2026-08-14 12:24:43,Real ESP32 Room Sensor,temperature_humidity_sensor,Demo Room,30.2,46.0,Critical,0,Normal Pattern,100,High,Critical Cold-Storage Failure,Critical Cold-Storage Failure
2026-08-14 12:24:46,ESP32_ROOM_1,ESP32,External,ESP32_ROOM_1,30.2,46.0,-,0,Security Event,0,Low,Continue monitoring and maintain secure sensor authentication,Valid ESP32 HMAC Reading,Valid ESP32 HMAC Reading,200
2026-08-14 12:24:46,Real ESP32 Room Sensor,temperature_humidity_sensor,Demo Room,30.2,46.0,Critical,0,Normal Pattern,100,High,Critical Cold-Storage Failure,Critical Cold-Storage Failure
2026-08-14 12:24:48,ESP32_ROOM_1,ESP32,External,ESP32_ROOM_1,30.2,46.0,-,0,Security Event,0,Low,Continue monitoring and maintain secure sensor authentication,Valid ESP32 HMAC Reading,Valid ESP32 HMAC Reading,200
2026-08-14 12:24:48,Real ESP32 Room Sensor,temperature_humidity_sensor,Demo Room,30.2,46.0,Critical,0,Normal Pattern,100,High,Critical Cold-Storage Failure,Critical Cold-Storage Failure
2026-08-14 12:24:50,ESP32_ROOM_1,ESP32,External,ESP32_ROOM_1,30.2,46.0,-,0,Security Event,0,Low,Continue monitoring and maintain secure sensor authentication,Valid ESP32 HMAC Reading,Valid ESP32 HMAC Reading,200
2026-08-14 12:24:50,Real ESP32 Room Sensor,temperature_humidity_sensor,Demo Room,30.2,46.0,Critical,0,Normal Pattern,100,High,Critical Cold-Storage Failure,Critical Cold-Storage Failure
2026-08-14 12:24:53,ESP32_ROOM_1,ESP32,External,ESP32_ROOM_1,30.2,46.0,-,0,Security Event,0,Low,Continue monitoring and maintain secure sensor authentication,Valid ESP32 HMAC Reading,Valid ESP32 HMAC Reading,200
2026-08-14 12:24:53,Real ESP32 Room Sensor,temperature_humidity_sensor,Demo Room,30.2,46.0,Critical,0,Normal Pattern,100,High,Critical Cold-Storage Failure,Critical Cold-Storage Failure
2026-08-14 12:24:55,ESP32_ROOM_1,ESP32,External,ESP32_ROOM_1,30.2,46.0,-,0,Security Event,0,Low,Continue monitoring and maintain secure sensor authentication,Valid ESP32 HMAC Reading,Valid ESP32 HMAC Reading,200
2026-08-14 12:24:55,Real ESP32 Room Sensor,temperature_humidity_sensor,Demo Room,30.2,46.0,Critical,0,Normal Pattern,100,High,Critical Cold-Storage Failure,Critical Cold-Storage Failure
2026-08-14 12:24:57,ESP32_ROOM_1,ESP32,External,ESP32_ROOM_1,30.2,46.0,-,0,Security Event,0,Low,Continue monitoring and maintain secure sensor authentication,Valid ESP32 HMAC Reading,Valid ESP32 HMAC Reading,200
2026-08-14 12:24:57,Real ESP32 Room Sensor,temperature_humidity_sensor,Demo Room,30.2,46.0,Critical,0,Normal Pattern,100,High,Critical Cold-Storage Failure,Critical Cold-Storage Failure
2026-08-14 12:25:00,ESP32_ROOM_1,ESP32,External,ESP32_ROOM_1,30.2,46.0,-,0,Security Event,0,Low,Continue monitoring and maintain secure sensor authentication,Valid ESP32 HMAC Reading,Valid ESP32 HMAC Reading,200
2026-08-14 12:25:00,Real ESP32 Room Sensor,temperature_humidity_sensor,Demo Room,30.2,46.0,Critical,0,Normal Pattern,100,High,Critical Cold-Storage Failure,Critical Cold-Storage Failure
2026-08-14 12:25:02,ESP32_ROOM_1,ESP32,External,ESP32_ROOM_1,30.2,46.0,-,0,Security Event,0,Low,Continue monitoring and maintain secure sensor authentication,Valid ESP32 HMAC Reading,Valid ESP32 HMAC Reading,200
2026-08-14 12:25:02,Real ESP32 Room Sensor,temperature_humidity_sensor,Demo Room,30.2,46.0,Critical,0,Normal Pattern,100,High,Critical Cold-Storage Failure,Critical Cold-Storage Failure
2026-08-14 12:25:04,ESP32_ROOM_1,ESP32,External,ESP32_ROOM_1,30.2,46.0,-,0,Security Event,0,Low,Continue monitoring and maintain secure sensor authentication,Valid ESP32 HMAC Reading,Valid ESP32 HMAC Reading,200
2026-08-14 12:25:04,Real ESP32 Room Sensor,temperature_humidity_sensor,Demo Room,30.2,46.0,Critical,0,Normal Pattern,100,High,Critical Cold-Storage Failure,Critical Cold-Storage Failure
2026-08-14 12:25:07,ESP32_ROOM_1,ESP32,External,ESP32_ROOM_1,30.2,46.0,-,0,Security Event,0,Low,Continue monitoring and maintain secure sensor authentication,Valid ESP32 HMAC Reading,Valid ESP32 HMAC Reading,200
2026-08-14 12:25:07,Real ESP32 Room Sensor,temperature_humidity_sensor,Demo Room,30.2,46.0,Critical,0,Normal Pattern,100,High,Critical Cold-Storage Failure,Critical Cold-Storage Failure
2026-08-14 12:25:09,ESP32_ROOM_1,ESP32,External,ESP32_ROOM_1,30.2,46.0,-,0,Security Event,0,Low,Continue monitoring and maintain secure sensor authentication,Valid ESP32 HMAC Reading,Valid ESP32 HMAC Reading,200
2026-08-14 12:25:09,Real ESP32 Room Sensor,temperature_humidity_sensor,Demo Room,30.2,46.0,Critical,0,Normal Pattern,100,High,Critical Cold-Storage Failure,Critical Cold-Storage Failure
2026-08-14 12:25:11,ESP32_ROOM_1,ESP32,External,ESP32_ROOM_1,30.2,46.0,-,0,Security Event,0,Low,Continue monitoring and maintain secure sensor authentication,Valid ESP32 HMAC Reading,Valid ESP32 HMAC Reading,200
2026-08-14 12:25:11,Real ESP32 Room Sensor,temperature_humidity_sensor,Demo Room,30.2,46.0,Critical,0,Normal Pattern,100,High,Critical Cold-Storage Failure,Critical Cold-Storage Failure
2026-08-14 12:25:14,ESP32_ROOM_1,ESP32,External,ESP32_ROOM_1,30.2,46.0,-,0,Security Event,0,Low,Continue monitoring and maintain secure sensor authentication,Valid ESP32 HMAC Reading,Valid ESP32 HMAC Reading,200
2026-08-14 12:25:14,Real ESP32 Room Sensor,temperature_humidity_sensor,Demo Room,30.2,46.0,Critical,0,Normal Pattern,100,High,Critical Cold-Storage Failure,Critical Cold-Storage Failure
2026-08-14 12:25:16,ESP32_ROOM_1,ESP32,External,ESP32_ROOM_1,30.2,46.0,-,0,Security Event,0,Low,Continue monitoring and maintain secure sensor authentication,Valid ESP32 HMAC Reading,Valid ESP32 HMAC Reading,200
2026-08-14 12:25:16,Real ESP32 Room Sensor,temperature_humidity_sensor,Demo Room,30.2,46.0,Critical,0,Normal Pattern,100,High,Critical Cold-Storage Failure,Critical Cold-Storage Failure
2026-08-14 12:25:18,ESP32_ROOM_1,ESP32,External,ESP32_ROOM_1,30.2,46.0,-,0,Security Event,0,Low,Continue monitoring and maintain secure sensor authentication,Valid ESP32 HMAC Reading,Valid ESP32 HMAC Reading,200
2026-08-14 12:25:18,Real ESP32 Room Sensor,temperature_humidity_sensor,Demo Room,30.2,46.0,Critical,0,Normal Pattern,100,High,Critical Cold-Storage Failure,Critical Cold-Storage Failure
2026-08-14 12:25:21,ESP32_ROOM_1,ESP32,External,ESP32_ROOM_1,30.2,46.0,-,0,Security Event,0,Low,Continue monitoring and maintain secure sensor authentication,Valid ESP32 HMAC Reading,Valid ESP32 HMAC Reading,200
2026-08-14 12:25:21,Real ESP32 Room Sensor,temperature_humidity_sensor,Demo Room,30.2,46.0,Critical,0,Normal Pattern,100,High,Critical Cold-Storage Failure,Critical Cold-Storage Failure
2026-08-14 12:25:23,ESP32_ROOM_1,ESP32,External,ESP32_ROOM_1,30.2,46.0,-,0,Security Event,0,Low,Continue monitoring and maintain secure sensor authentication,Valid ESP32 HMAC Reading,Valid ESP32 HMAC Reading,200
2026-08-14 12:25:23,Real ESP32 Room Sensor,temperature_humidity_sensor,Demo Room,30.2,46.0,Critical,0,Normal Pattern,100,High,Critical Cold-Storage Failure,Critical Cold-Storage Failure
2026-08-14 12:25:25,ESP32_ROOM_1,ESP32,External,ESP32_ROOM_1,30.2,46.0,-,0,Security Event,0,Low,Continue monitoring and maintain secure sensor authentication,Valid ESP32 HMAC Reading,Valid ESP32 HMAC Reading,200
2026-08-14 12:25:26,Real ESP32 Room Sensor,temperature_humidity_sensor,Demo Room,30.2,46.0,Critical,0,Normal Pattern,100,High,Critical Cold-Storage Failure,Critical Cold-Storage Failure
2026-08-14 12:25:28,ESP32_ROOM_1,ESP32,External,ESP32_ROOM_1,30.2,46.0,-,0,Security Event,0,Low,Continue monitoring and maintain secure sensor authentication,Valid ESP32 HMAC Reading,Valid ESP32 HMAC Reading,200
2026-08-14 12:25:28,Real ESP32 Room Sensor,temperature_humidity_sensor,Demo Room,30.2,46.0,Critical,0,Normal Pattern,100,High,Critical Cold-Storage Failure,Critical Cold-Storage Failure
2026-08-14 12:25:30,ESP32_ROOM_1,ESP32,External,ESP32_ROOM_1,30.2,46.0,-,0,Security Event,0,Low,Continue monitoring and maintain secure sensor authentication,Valid ESP32 HMAC Reading,Valid ESP32 HMAC Reading,200
2026-08-14 12:25:30,Real ESP32 Room Sensor,temperature_humidity_sensor,Demo Room,30.2,46.0,Critical,0,Normal Pattern,100,High,Critical Cold-Storage Failure,Critical Cold-Storage Failure
2026-08-14 12:25:32,ESP32_ROOM_1,ESP32,External,ESP32_ROOM_1,30.2,46.0,-,0,Security Event,0,Low,Continue monitoring and maintain secure sensor authentication,Valid ESP32 HMAC Reading,Valid ESP32 HMAC Reading,200
2026-08-14 12:25:32,Real ESP32 Room Sensor,temperature_humidity_sensor,Demo Room,30.2,46.0,Critical,0,Normal Pattern,100,High,Critical Cold-Storage Failure,Critical Cold-Storage Failure
2026-08-14 12:25:35,ESP32_ROOM_1,ESP32,External,ESP32_ROOM_1,30.2,46.0,-,0,Security Event,0,Low,Continue monitoring and maintain secure sensor authentication,Valid ESP32 HMAC Reading,Valid ESP32 HMAC Reading,200
2026-08-14 12:25:35,Real ESP32 Room Sensor,temperature_humidity_sensor,Demo Room,30.2,46.0,Critical,0,Normal Pattern,100,High,Critical Cold-Storage Failure,Critical Cold-Storage Failure
2026-08-14 12:25:37,ESP32_ROOM_1,ESP32,External,ESP32_ROOM_1,30.2,46.0,-,0,Security Event,0,Low,Continue monitoring and maintain secure sensor authentication,Valid ESP32 HMAC Reading,Valid ESP32 HMAC Reading,200
2026-08-14 12:25:37,Real ESP32 Room Sensor,temperature_humidity_sensor,Demo Room,30.2,46.0,Critical,0,Normal Pattern,100,High,Critical Cold-Storage Failure,Critical Cold-Storage Failure
2026-08-14 12:25:39,ESP32_ROOM_1,ESP32,External,ESP32_ROOM_1,30.2,46.0,-,0,Security Event,0,Low,Continue monitoring and maintain secure sensor authentication,Valid ESP32 HMAC Reading,Valid ESP32 HMAC Reading,200
2026-08-14 12:25:39,Real ESP32 Room Sensor,temperature_humidity_sensor,Demo Room,30.2,46.0,Critical,0,Normal Pattern,100,High,Critical Cold-Storage Failure,Critical Cold-Storage Failure
2026-08-14 12:25:42,ESP32_ROOM_1,ESP32,External,ESP32_ROOM_1,30.2,46.0,-,0,Security Event,0,Low,Continue monitoring and maintain secure sensor authentication,Valid ESP32 HMAC Reading,Valid ESP32 HMAC Reading,200
2026-08-14 12:25:42,Real ESP32 Room Sensor,temperature_humidity_sensor,Demo Room,30.2,46.0,Critical,0,Normal Pattern,100,High,Critical Cold-Storage Failure,Critical Cold-Storage Failure
2026-08-14 12:25:44,ESP32_ROOM_1,ESP32,External,ESP32_ROOM_1,30.2,46.0,-,0,Security Event,0,Low,Continue monitoring and maintain secure sensor authentication,Valid ESP32 HMAC Reading,Valid ESP32 HMAC Reading,200
2026-08-14 12:25:44,Real ESP32 Room Sensor,temperature_humidity_sensor,Demo Room,30.2,46.0,Critical,0,Normal Pattern,100,High,Critical Cold-Storage Failure,Critical Cold-Storage Failure
2026-08-14 12:25:46,ESP32_ROOM_1,ESP32,External,ESP32_ROOM_1,30.2,46.0,-,0,Security Event,0,Low,Continue monitoring and maintain secure sensor authentication,Valid ESP32 HMAC Reading,Valid ESP32 HMAC Reading,200
2026-08-14 12:25:46,Real ESP32 Room Sensor,temperature_humidity_sensor,Demo Room,30.2,46.0,Critical,0,Normal Pattern,100,High,Critical Cold-Storage Failure,Critical Cold-Storage Failure
2026-08-14 12:25:49,ESP32_ROOM_1,ESP32,External,ESP32_ROOM_1,30.2,46.0,-,0,Security Event,0,Low,Continue monitoring and maintain secure sensor authentication,Valid ESP32 HMAC Reading,Valid ESP32 HMAC Reading,200
2026-08-14 12:25:49,Real ESP32 Room Sensor,temperature_humidity_sensor,Demo Room,30.2,46.0,Critical,0,Normal Pattern,100,High,Critical Cold-Storage Failure,Critical Cold-Storage Failure
2026-08-14 12:25:51,ESP32_ROOM_1,ESP32,External,ESP32_ROOM_1,30.2,46.0,-,0,Security Event,0,Low,Continue monitoring and maintain secure sensor authentication,Valid ESP32 HMAC Reading,Valid ESP32 HMAC Reading,200
2026-08-14 12:25:51,Real ESP32 Room Sensor,temperature_humidity_sensor,Demo Room,30.2,46.0,Critical,0,Normal Pattern,100,High,Critical Cold-Storage Failure,Critical Cold-Storage Failure
2026-08-14 12:25:53,ESP32_ROOM_1,ESP32,External,ESP32_ROOM_1,30.2,46.0,-,0,Security Event,0,Low,Continue monitoring and maintain secure sensor authentication,Valid ESP32 HMAC Reading,Valid ESP32 HMAC Reading,200
2026-08-14 12:25:53,Real ESP32 Room Sensor,temperature_humidity_sensor,Demo Room,30.2,46.0,Critical,0,Normal Pattern,100,High,Critical Cold-Storage Failure,Critical Cold-Storage Failure
2026-08-14 12:25:55,ESP32_ROOM_1,ESP32,External,ESP32_ROOM_1,30.2,46.0,-,0,Security Event,0,Low,Continue monitoring and maintain secure sensor authentication,Valid ESP32 HMAC Reading,Valid ESP32 HMAC Reading,200
2026-08-14 12:25:55,Real ESP32 Room Sensor,temperature_humidity_sensor,Demo Room,30.2,46.0,Critical,0,Normal Pattern,100,High,Critical Cold-Storage Failure,Critical Cold-Storage Failure
2026-08-14 12:25:59,ESP32_ROOM_1,ESP32,External,ESP32_ROOM_1,30.2,46.0,-,0,Security Event,0,Low,Continue monitoring and maintain secure sensor authentication,Valid ESP32 HMAC Reading,Valid ESP32 HMAC Reading,200
2026-08-14 12:25:59,Real ESP32 Room Sensor,temperature_humidity_sensor,Demo Room,30.2,46.0,Critical,0,Normal Pattern,100,High,Critical Cold-Storage Failure,Critical Cold-Storage Failure
2026-08-14 12:26:02,ESP32_ROOM_1,ESP32,External,ESP32_ROOM_1,30.2,46.0,-,0,Security Event,0,Low,Continue monitoring and maintain secure sensor authentication,Valid ESP32 HMAC Reading,Valid ESP32 HMAC Reading,200
2026-08-14 12:26:02,Real ESP32 Room Sensor,temperature_humidity_sensor,Demo Room,30.2,46.0,Critical,0,Normal Pattern,100,High,Critical Cold-Storage Failure,Critical Cold-Storage Failure
2026-08-14 12:26:05,ESP32_ROOM_1,ESP32,External,ESP32_ROOM_1,30.2,46.0,-,0,Security Event,0,Low,Continue monitoring and maintain secure sensor authentication,Valid ESP32 HMAC Reading,Valid ESP32 HMAC Reading,200
2026-08-14 12:26:05,Real ESP32 Room Sensor,temperature_humidity_sensor,Demo Room,30.2,46.0,Critical,0,Normal Pattern,100,High,Critical Cold-Storage Failure,Critical Cold-Storage Failure
2026-08-14 12:26:07,ESP32_ROOM_1,ESP32,External,ESP32_ROOM_1,30.2,46.0,-,0,Security Event,0,Low,Continue monitoring and maintain secure sensor authentication,Valid ESP32 HMAC Reading,Valid ESP32 HMAC Reading,200
2026-08-14 12:26:07,Real ESP32 Room Sensor,temperature_humidity_sensor,Demo Room,30.2,46.0,Critical,0,Normal Pattern,100,High,Critical Cold-Storage Failure,Critical Cold-Storage Failure
2026-08-14 12:26:09,ESP32_ROOM_1,ESP32,External,ESP32_ROOM_1,30.2,46.0,-,0,Security Event,0,Low,Continue monitoring and maintain secure sensor authentication,Valid ESP32 HMAC Reading,Valid ESP32 HMAC Reading,200
2026-08-14 12:26:09,Real ESP32 Room Sensor,temperature_humidity_sensor,Demo Room,30.2,46.0,Critical,0,Normal Pattern,100,High,Critical Cold-Storage Failure,Critical Cold-Storage Failure
2026-08-14 12:26:12,ESP32_ROOM_1,ESP32,External,ESP32_ROOM_1,30.2,46.0,-,0,Security Event,0,Low,Continue monitoring and maintain secure sensor authentication,Valid ESP32 HMAC Reading,Valid ESP32 HMAC Reading,200
2026-08-14 12:26:12,Real ESP32 Room Sensor,temperature_humidity_sensor,Demo Room,30.2,46.0,Critical,0,Normal Pattern,100,High,Critical Cold-Storage Failure,Critical Cold-Storage Failure
2026-08-14 12:26:14,ESP32_ROOM_1,ESP32,External,ESP32_ROOM_1,30.2,46.0,-,0,Security Event,0,Low,Continue monitoring and maintain secure sensor authentication,Valid ESP32 HMAC Reading,Valid ESP32 HMAC Reading,200
2026-08-14 12:26:14,Real ESP32 Room Sensor,temperature_humidity_sensor,Demo Room,30.2,46.0,Critical,0,Normal Pattern,100,High,Critical Cold-Storage Failure,Critical Cold-Storage Failure
2026-08-14 12:26:16,ESP32_ROOM_1,ESP32,External,ESP32_ROOM_1,30.2,46.0,-,0,Security Event,0,Low,Continue monitoring and maintain secure sensor authentication,Valid ESP32 HMAC Reading,Valid ESP32 HMAC Reading,200
2026-08-14 12:26:16,Real ESP32 Room Sensor,temperature_humidity_sensor,Demo Room,30.2,46.0,Critical,0,Normal Pattern,100,High,Critical Cold-Storage Failure,Critical Cold-Storage Failure
2026-08-14 12:26:19,ESP32_ROOM_1,ESP32,External,ESP32_ROOM_1,30.2,46.0,-,0,Security Event,0,Low,Continue monitoring and maintain secure sensor authentication,Valid ESP32 HMAC Reading,Valid ESP32 HMAC Reading,200
2026-08-14 12:26:19,Real ESP32 Room Sensor,temperature_humidity_sensor,Demo Room,30.2,46.0,Critical,0,Normal Pattern,100,High,Critical Cold-Storage Failure,Critical Cold-Storage Failure
2026-08-14 12:26:21,ESP32_ROOM_1,ESP32,External,ESP32_ROOM_1,30.2,46.0,-,0,Security Event,0,Low,Continue monitoring and maintain secure sensor authentication,Valid ESP32 HMAC Reading,Valid ESP32 HMAC Reading,200
2026-08-14 12:26:21,Real ESP32 Room Sensor,temperature_humidity_sensor,Demo Room,30.2,46.0,Critical,0,Normal Pattern,100,High,Critical Cold-Storage Failure,Critical Cold-Storage Failure
2026-08-14 12:26:23,ESP32_ROOM_1,ESP32,External,ESP32_ROOM_1,30.2,46.0,-,0,Security Event,0,Low,Continue monitoring and maintain secure sensor authentication,Valid ESP32 HMAC Reading,Valid ESP32 HMAC Reading,200
2026-08-14 12:26:23,Real ESP32 Room Sensor,temperature_humidity_sensor,Demo Room,30.2,46.0,Critical,0,Normal Pattern,100,High,Critical Cold-Storage Failure,Critical Cold-Storage Failure
2026-08-14 12:26:25,ESP32_ROOM_1,ESP32,External,ESP32_ROOM_1,30.2,46.0,-,0,Security Event,0,Low,Continue monitoring and maintain secure sensor authentication,Valid ESP32 HMAC Reading,Valid ESP32 HMAC Reading,200
2026-08-14 12:26:25,Real ESP32 Room Sensor,temperature_humidity_sensor,Demo Room,30.2,46.0,Critical,0,Normal Pattern,100,High,Critical Cold-Storage Failure,Critical Cold-Storage Failure
2026-08-14 12:26:28,ESP32_ROOM_1,ESP32,External,ESP32_ROOM_1,30.2,46.0,-,0,Security Event,0,Low,Continue monitoring and maintain secure sensor authentication,Valid ESP32 HMAC Reading,Valid ESP32 HMAC Reading,200
2026-08-14 12:26:28,Real ESP32 Room Sensor,temperature_humidity_sensor,Demo Room,30.2,46.0,Critical,0,Normal Pattern,100,High,Critical Cold-Storage Failure,Critical Cold-Storage Failure
2026-08-14 12:26:30,ESP32_ROOM_1,ESP32,External,ESP32_ROOM_1,30.2,46.0,-,0,Security Event,0,Low,Continue monitoring and maintain secure sensor authentication,Valid ESP32 HMAC Reading,Valid ESP32 HMAC Reading,200
2026-08-14 12:26:30,Real ESP32 Room Sensor,temperature_humidity_sensor,Demo Room,30.2,46.0,Critical,0,Normal Pattern,100,High,Critical Cold-Storage Failure,Critical Cold-Storage Failure
2026-08-14 12:26:32,ESP32_ROOM_1,ESP32,External,ESP32_ROOM_1,30.2,46.0,-,0,Security Event,0,Low,Continue monitoring and maintain secure sensor authentication,Valid ESP32 HMAC Reading,Valid ESP32 HMAC Reading,200
2026-08-14 12:26:32,Real ESP32 Room Sensor,temperature_humidity_sensor,Demo Room,30.2,46.0,Critical,0,Normal Pattern,100,High,Critical Cold-Storage Failure,Critical Cold-Storage Failure
2026-08-14 12:26:35,ESP32_ROOM_1,ESP32,External,ESP32_ROOM_1,30.2,46.0,-,0,Security Event,0,Low,Continue monitoring and maintain secure sensor authentication,Valid ESP32 HMAC Reading,Valid ESP32 HMAC Reading,200
2026-08-14 12:26:35,Real ESP32 Room Sensor,temperature_humidity_sensor,Demo Room,30.2,46.0,Critical,0,Normal Pattern,100,High,Critical Cold-Storage Failure,Critical Cold-Storage Failure
2026-08-14 12:26:37,ESP32_ROOM_1,ESP32,External,ESP32_ROOM_1,30.2,46.0,-,0,Security Event,0,Low,Continue monitoring and maintain secure sensor authentication,Valid ESP32 HMAC Reading,Valid ESP32 HMAC Reading,200
2026-08-14 12:26:37,Real ESP32 Room Sensor,temperature_humidity_sensor,Demo Room,30.2,46.0,Critical,0,Normal Pattern,100,High,Critical Cold-Storage Failure,Critical Cold-Storage Failure
2026-08-14 12:26:40,ESP32_ROOM_1,ESP32,External,ESP32_ROOM_1,30.2,46.0,-,0,Security Event,0,Low,Continue monitoring and maintain secure sensor authentication,Valid ESP32 HMAC Reading,Valid ESP32 HMAC Reading,200
2026-08-14 12:26:40,Real ESP32 Room Sensor,temperature_humidity_sensor,Demo Room,30.2,46.0,Critical,0,Normal Pattern,100,High,Critical Cold-Storage Failure,Critical Cold-Storage Failure
2026-08-14 12:26:42,ESP32_ROOM_1,ESP32,External,ESP32_ROOM_1,30.2,46.0,-,0,Security Event,0,Low,Continue monitoring and maintain secure sensor authentication,Valid ESP32 HMAC Reading,Valid ESP32 HMAC Reading,200
2026-08-14 12:26:42,Real ESP32 Room Sensor,temperature_humidity_sensor,Demo Room,30.2,46.0,Critical,0,Normal Pattern,100,High,Critical Cold-Storage Failure,Critical Cold-Storage Failure
2026-08-14 12:26:44,ESP32_ROOM_1,ESP32,External,ESP32_ROOM_1,30.2,46.0,-,0,Security Event,0,Low,Continue monitoring and maintain secure sensor authentication,Valid ESP32 HMAC Reading,Valid ESP32 HMAC Reading,200
2026-08-14 12:26:44,Real ESP32 Room Sensor,temperature_humidity_sensor,Demo Room,30.2,46.0,Critical,0,Normal Pattern,100,High,Critical Cold-Storage Failure,Critical Cold-Storage Failure
2026-08-14 12:26:47,ESP32_ROOM_1,ESP32,External,ESP32_ROOM_1,30.2,46.0,-,0,Security Event,0,Low,Continue monitoring and maintain secure sensor authentication,Valid ESP32 HMAC Reading,Valid ESP32 HMAC Reading,200
2026-08-14 12:26:47,Real ESP32 Room Sensor,temperature_humidity_sensor,Demo Room,30.2,46.0,Critical,0,Normal Pattern,100,High,Critical Cold-Storage Failure,Critical Cold-Storage Failure
2026-08-14 12:26:49,ESP32_ROOM_1,ESP32,External,ESP32_ROOM_1,30.2,46.0,-,0,Security Event,0,Low,Continue monitoring and maintain secure sensor authentication,Valid ESP32 HMAC Reading,Valid ESP32 HMAC Reading,200
2026-08-14 12:26:49,Real ESP32 Room Sensor,temperature_humidity_sensor,Demo Room,30.2,46.0,Critical,0,Normal Pattern,100,High,Critical Cold-Storage Failure,Critical Cold-Storage Failure
2026-08-14 12:26:51,ESP32_ROOM_1,ESP32,External,ESP32_ROOM_1,30.2,46.0,-,0,Security Event,0,Low,Continue monitoring and maintain secure sensor authentication,Valid ESP32 HMAC Reading,Valid ESP32 HMAC Reading,200
2026-08-14 12:26:51,Real ESP32 Room Sensor,temperature_humidity_sensor,Demo Room,30.2,46.0,Critical,0,Normal Pattern,100,High,Critical Cold-Storage Failure,Critical Cold-Storage Failure
2026-08-14 12:26:53,ESP32_ROOM_1,ESP32,External,ESP32_ROOM_1,30.2,46.0,-,0,Security Event,0,Low,Continue monitoring and maintain secure sensor authentication,Valid ESP32 HMAC Reading,Valid ESP32 HMAC Reading,200
2026-08-14 12:26:54,Real ESP32 Room Sensor,temperature_humidity_sensor,Demo Room,30.2,46.0,Critical,0,Normal Pattern,100,High,Critical Cold-Storage Failure,Critical Cold-Storage Failure
2026-08-14 12:26:56,ESP32_ROOM_1,ESP32,External,ESP32_ROOM_1,30.2,46.0,-,0,Security Event,0,Low,Continue monitoring and maintain secure sensor authentication,Valid ESP32 HMAC Reading,Valid ESP32 HMAC Reading,200
2026-08-14 12:26:56,Real ESP32 Room Sensor,temperature_humidity_sensor,Demo Room,30.2,46.0,Critical,0,Normal Pattern,100,High,Critical Cold-Storage Failure,Critical Cold-Storage Failure
2026-08-14 12:26:58,ESP32_ROOM_1,ESP32,External,ESP32_ROOM_1,30.2,46.0,-,0,Security Event,0,Low,Continue monitoring and maintain secure sensor authentication,Valid ESP32 HMAC Reading,Valid ESP32 HMAC Reading,200
2026-08-14 12:26:58,Real ESP32 Room Sensor,temperature_humidity_sensor,Demo Room,30.2,46.0,Critical,0,Normal Pattern,100,High,Critical Cold-Storage Failure,Critical Cold-Storage Failure
2026-08-14 12:27:00,ESP32_ROOM_1,ESP32,External,ESP32_ROOM_1,30.2,46.0,-,0,Security Event,0,Low,Continue monitoring and maintain secure sensor authentication,Valid ESP32 HMAC Reading,Valid ESP32 HMAC Reading,200
2026-08-14 12:27:00,Real ESP32 Room Sensor,temperature_humidity_sensor,Demo Room,30.2,46.0,Critical,0,Normal Pattern,100,High,Critical Cold-Storage Failure,Critical Cold-Storage Failure
2026-08-14 12:27:03,ESP32_ROOM_1,ESP32,External,ESP32_ROOM_1,30.2,46.0,-,0,Security Event,0,Low,Continue monitoring and maintain secure sensor authentication,Valid ESP32 HMAC Reading,Valid ESP32 HMAC Reading,200
2026-08-14 12:27:03,Real ESP32 Room Sensor,temperature_humidity_sensor,Demo Room,30.2,46.0,Critical,0,Normal Pattern,100,High,Critical Cold-Storage Failure,Critical Cold-Storage Failure
2026-08-14 12:27:05,ESP32_ROOM_1,ESP32,External,ESP32_ROOM_1,30.2,46.0,-,0,Security Event,0,Low,Continue monitoring and maintain secure sensor authentication,Valid ESP32 HMAC Reading,Valid ESP32 HMAC Reading,200
2026-08-14 12:27:05,Real ESP32 Room Sensor,temperature_humidity_sensor,Demo Room,30.2,46.0,Critical,0,Normal Pattern,100,High,Critical Cold-Storage Failure,Critical Cold-Storage Failure
2026-08-14 12:27:07,ESP32_ROOM_1,ESP32,External,ESP32_ROOM_1,30.2,46.0,-,0,Security Event,0,Low,Continue monitoring and maintain secure sensor authentication,Valid ESP32 HMAC Reading,Valid ESP32 HMAC Reading,200
2026-08-14 12:27:07,Real ESP32 Room Sensor,temperature_humidity_sensor,Demo Room,30.2,46.0,Critical,0,Normal Pattern,100,High,Critical Cold-Storage Failure,Critical Cold-Storage Failure
2026-08-14 12:27:10,ESP32_ROOM_1,ESP32,External,ESP32_ROOM_1,30.2,46.0,-,0,Security Event,0,Low,Continue monitoring and maintain secure sensor authentication,Valid ESP32 HMAC Reading,Valid ESP32 HMAC Reading,200
2026-08-14 12:27:10,Real ESP32 Room Sensor,temperature_humidity_sensor,Demo Room,30.2,46.0,Critical,0,Normal Pattern,100,High,Critical Cold-Storage Failure,Critical Cold-Storage Failure
2026-08-14 12:27:12,ESP32_ROOM_1,ESP32,External,ESP32_ROOM_1,30.2,46.0,-,0,Security Event,0,Low,Continue monitoring and maintain secure sensor authentication,Valid ESP32 HMAC Reading,Valid ESP32 HMAC Reading,200
2026-08-14 12:27:12,Real ESP32 Room Sensor,temperature_humidity_sensor,Demo Room,30.2,46.0,Critical,0,Normal Pattern,100,High,Critical Cold-Storage Failure,Critical Cold-Storage Failure
2026-08-14 12:27:14,ESP32_ROOM_1,ESP32,External,ESP32_ROOM_1,30.2,46.0,-,0,Security Event,0,Low,Continue monitoring and maintain secure sensor authentication,Valid ESP32 HMAC Reading,Valid ESP32 HMAC Reading,200
2026-08-14 12:27:14,Real ESP32 Room Sensor,temperature_humidity_sensor,Demo Room,30.2,46.0,Critical,0,Normal Pattern,100,High,Critical Cold-Storage Failure,Critical Cold-Storage Failure
2026-08-14 12:27:17,ESP32_ROOM_1,ESP32,External,ESP32_ROOM_1,30.2,46.0,-,0,Security Event,0,Low,Continue monitoring and maintain secure sensor authentication,Valid ESP32 HMAC Reading,Valid ESP32 HMAC Reading,200
2026-08-14 12:27:17,Real ESP32 Room Sensor,temperature_humidity_sensor,Demo Room,30.2,46.0,Critical,0,Normal Pattern,100,High,Critical Cold-Storage Failure,Critical Cold-Storage Failure
2026-08-14 12:27:19,ESP32_ROOM_1,ESP32,External,ESP32_ROOM_1,30.2,46.0,-,0,Security Event,0,Low,Continue monitoring and maintain secure sensor authentication,Valid ESP32 HMAC Reading,Valid ESP32 HMAC Reading,200
2026-08-14 12:27:19,Real ESP32 Room Sensor,temperature_humidity_sensor,Demo Room,30.2,46.0,Critical,0,Normal Pattern,100,High,Critical Cold-Storage Failure,Critical Cold-Storage Failure
2026-08-14 12:27:21,ESP32_ROOM_1,ESP32,External,ESP32_ROOM_1,30.2,46.0,-,0,Security Event,0,Low,Continue monitoring and maintain secure sensor authentication,Valid ESP32 HMAC Reading,Valid ESP32 HMAC Reading,200
2026-08-14 12:27:22,Real ESP32 Room Sensor,temperature_humidity_sensor,Demo Room,30.2,46.0,Critical,0,Normal Pattern,100,High,Critical Cold-Storage Failure,Critical Cold-Storage Failure
2026-08-14 12:27:24,ESP32_ROOM_1,ESP32,External,ESP32_ROOM_1,30.2,46.0,-,0,Security Event,0,Low,Continue monitoring and maintain secure sensor authentication,Valid ESP32 HMAC Reading,Valid ESP32 HMAC Reading,200
2026-08-14 12:27:24,Real ESP32 Room Sensor,temperature_humidity_sensor,Demo Room,30.2,46.0,Critical,0,Normal Pattern,100,High,Critical Cold-Storage Failure,Critical Cold-Storage Failure
2026-08-14 12:27:26,ESP32_ROOM_1,ESP32,External,ESP32_ROOM_1,30.2,46.0,-,0,Security Event,0,Low,Continue monitoring and maintain secure sensor authentication,Valid ESP32 HMAC Reading,Valid ESP32 HMAC Reading,200
2026-08-14 12:27:26,Real ESP32 Room Sensor,temperature_humidity_sensor,Demo Room,30.2,46.0,Critical,0,Normal Pattern,100,High,Critical Cold-Storage Failure,Critical Cold-Storage Failure
2026-08-14 12:27:29,ESP32_ROOM_1,ESP32,External,ESP32_ROOM_1,30.2,46.0,-,0,Security Event,0,Low,Continue monitoring and maintain secure sensor authentication,Valid ESP32 HMAC Reading,Valid ESP32 HMAC Reading,200
2026-08-14 12:27:29,Real ESP32 Room Sensor,temperature_humidity_sensor,Demo Room,30.2,46.0,Critical,0,Normal Pattern,100,High,Critical Cold-Storage Failure,Critical Cold-Storage Failure
2026-08-14 12:27:31,ESP32_ROOM_1,ESP32,External,ESP32_ROOM_1,30.2,46.0,-,0,Security Event,0,Low,Continue monitoring and maintain secure sensor authentication,Valid ESP32 HMAC Reading,Valid ESP32 HMAC Reading,200
2026-08-14 12:27:31,Real ESP32 Room Sensor,temperature_humidity_sensor,Demo Room,30.2,46.0,Critical,0,Normal Pattern,100,High,Critical Cold-Storage Failure,Critical Cold-Storage Failure
2026-08-14 12:27:33,ESP32_ROOM_1,ESP32,External,ESP32_ROOM_1,30.2,46.0,-,0,Security Event,0,Low,Continue monitoring and maintain secure sensor authentication,Valid ESP32 HMAC Reading,Valid ESP32 HMAC Reading,200
2026-08-14 12:27:33,Real ESP32 Room Sensor,temperature_humidity_sensor,Demo Room,30.2,46.0,Critical,0,Normal Pattern,100,High,Critical Cold-Storage Failure,Critical Cold-Storage Failure
2026-08-14 12:27:35,ESP32_ROOM_1,ESP32,External,ESP32_ROOM_1,30.2,46.0,-,0,Security Event,0,Low,Continue monitoring and maintain secure sensor authentication,Valid ESP32 HMAC Reading,Valid ESP32 HMAC Reading,200
2026-08-14 12:27:36,Real ESP32 Room Sensor,temperature_humidity_sensor,Demo Room,30.2,46.0,Critical,0,Normal Pattern,100,High,Critical Cold-Storage Failure,Critical Cold-Storage Failure
2026-08-14 12:27:38,ESP32_ROOM_1,ESP32,External,ESP32_ROOM_1,30.2,46.0,-,0,Security Event,0,Low,Continue monitoring and maintain secure sensor authentication,Valid ESP32 HMAC Reading,Valid ESP32 HMAC Reading,200
2026-08-14 12:27:38,Real ESP32 Room Sensor,temperature_humidity_sensor,Demo Room,30.2,46.0,Critical,0,Normal Pattern,100,High,Critical Cold-Storage Failure,Critical Cold-Storage Failure
2026-08-14 12:27:40,ESP32_ROOM_1,ESP32,External,ESP32_ROOM_1,30.2,46.0,-,0,Security Event,0,Low,Continue monitoring and maintain secure sensor authentication,Valid ESP32 HMAC Reading,Valid ESP32 HMAC Reading,200
2026-08-14 12:27:40,Real ESP32 Room Sensor,temperature_humidity_sensor,Demo Room,30.2,46.0,Critical,0,Normal Pattern,100,High,Critical Cold-Storage Failure,Critical Cold-Storage Failure
2026-08-14 12:27:42,ESP32_ROOM_1,ESP32,External,ESP32_ROOM_1,30.2,46.0,-,0,Security Event,0,Low,Continue monitoring and maintain secure sensor authentication,Valid ESP32 HMAC Reading,Valid ESP32 HMAC Reading,200
2026-08-14 12:27:43,Real ESP32 Room Sensor,temperature_humidity_sensor,Demo Room,30.2,46.0,Critical,0,Normal Pattern,100,High,Critical Cold-Storage Failure,Critical Cold-Storage Failure
2026-08-14 12:27:45,ESP32_ROOM_1,ESP32,External,ESP32_ROOM_1,30.2,46.0,-,0,Security Event,0,Low,Continue monitoring and maintain secure sensor authentication,Valid ESP32 HMAC Reading,Valid ESP32 HMAC Reading,200
2026-08-14 12:27:45,Real ESP32 Room Sensor,temperature_humidity_sensor,Demo Room,30.2,46.0,Critical,0,Normal Pattern,100,High,Critical Cold-Storage Failure,Critical Cold-Storage Failure
2026-08-14 12:27:47,ESP32_ROOM_1,ESP32,External,ESP32_ROOM_1,30.2,46.0,-,0,Security Event,0,Low,Continue monitoring and maintain secure sensor authentication,Valid ESP32 HMAC Reading,Valid ESP32 HMAC Reading,200
2026-08-14 12:27:47,Real ESP32 Room Sensor,temperature_humidity_sensor,Demo Room,30.2,46.0,Critical,0,Normal Pattern,100,High,Critical Cold-Storage Failure,Critical Cold-Storage Failure
2026-08-14 12:27:50,ESP32_ROOM_1,ESP32,External,ESP32_ROOM_1,30.2,46.0,-,0,Security Event,0,Low,Continue monitoring and maintain secure sensor authentication,Valid ESP32 HMAC Reading,Valid ESP32 HMAC Reading,200
2026-08-14 12:27:50,Real ESP32 Room Sensor,temperature_humidity_sensor,Demo Room,30.2,46.0,Critical,0,Normal Pattern,100,High,Critical Cold-Storage Failure,Critical Cold-Storage Failure
2026-08-14 12:27:52,ESP32_ROOM_1,ESP32,External,ESP32_ROOM_1,30.2,46.0,-,0,Security Event,0,Low,Continue monitoring and maintain secure sensor authentication,Valid ESP32 HMAC Reading,Valid ESP32 HMAC Reading,200
2026-08-14 12:27:52,Real ESP32 Room Sensor,temperature_humidity_sensor,Demo Room,30.2,46.0,Critical,0,Normal Pattern,100,High,Critical Cold-Storage Failure,Critical Cold-Storage Failure
2026-08-14 12:27:54,ESP32_ROOM_1,ESP32,External,ESP32_ROOM_1,30.2,46.0,-,0,Security Event,0,Low,Continue monitoring and maintain secure sensor authentication,Valid ESP32 HMAC Reading,Valid ESP32 HMAC Reading,200
2026-08-14 12:27:54,Real ESP32 Room Sensor,temperature_humidity_sensor,Demo Room,30.2,46.0,Critical,0,Normal Pattern,100,High,Critical Cold-Storage Failure,Critical Cold-Storage Failure
2026-08-14 12:27:56,ESP32_ROOM_1,ESP32,External,ESP32_ROOM_1,30.2,46.0,-,0,Security Event,0,Low,Continue monitoring and maintain secure sensor authentication,Valid ESP32 HMAC Reading,Valid ESP32 HMAC Reading,200
2026-08-14 12:27:56,Real ESP32 Room Sensor,temperature_humidity_sensor,Demo Room,30.2,46.0,Critical,0,Normal Pattern,100,High,Critical Cold-Storage Failure,Critical Cold-Storage Failure
2026-08-14 12:27:59,ESP32_ROOM_1,ESP32,External,ESP32_ROOM_1,30.2,46.0,-,0,Security Event,0,Low,Continue monitoring and maintain secure sensor authentication,Valid ESP32 HMAC Reading,Valid ESP32 HMAC Reading,200
2026-08-14 12:27:59,Real ESP32 Room Sensor,temperature_humidity_sensor,Demo Room,30.2,46.0,Critical,0,Normal Pattern,100,High,Critical Cold-Storage Failure,Critical Cold-Storage Failure
2026-08-14 12:28:01,ESP32_ROOM_1,ESP32,External,ESP32_ROOM_1,30.2,46.0,-,0,Security Event,0,Low,Continue monitoring and maintain secure sensor authentication,Valid ESP32 HMAC Reading,Valid ESP32 HMAC Reading,200
2026-08-14 12:28:01,Real ESP32 Room Sensor,temperature_humidity_sensor,Demo Room,30.2,46.0,Critical,0,Normal Pattern,100,High,Critical Cold-Storage Failure,Critical Cold-Storage Failure
2026-08-14 12:28:03,ESP32_ROOM_1,ESP32,External,ESP32_ROOM_1,30.2,46.0,-,0,Security Event,0,Low,Continue monitoring and maintain secure sensor authentication,Valid ESP32 HMAC Reading,Valid ESP32 HMAC Reading,200
2026-08-14 12:28:04,Real ESP32 Room Sensor,temperature_humidity_sensor,Demo Room,30.2,46.0,Critical,0,Normal Pattern,100,High,Critical Cold-Storage Failure,Critical Cold-Storage Failure
2026-08-14 12:28:06,ESP32_ROOM_1,ESP32,External,ESP32_ROOM_1,30.2,46.0,-,0,Security Event,0,Low,Continue monitoring and maintain secure sensor authentication,Valid ESP32 HMAC Reading,Valid ESP32 HMAC Reading,200
2026-08-14 12:28:06,Real ESP32 Room Sensor,temperature_humidity_sensor,Demo Room,30.2,46.0,Critical,0,Normal Pattern,100,High,Critical Cold-Storage Failure,Critical Cold-Storage Failure
2026-08-14 12:28:08,ESP32_ROOM_1,ESP32,External,ESP32_ROOM_1,30.2,46.0,-,0,Security Event,0,Low,Continue monitoring and maintain secure sensor authentication,Valid ESP32 HMAC Reading,Valid ESP32 HMAC Reading,200
2026-08-14 12:28:08,Real ESP32 Room Sensor,temperature_humidity_sensor,Demo Room,30.2,46.0,Critical,0,Normal Pattern,100,High,Critical Cold-Storage Failure,Critical Cold-Storage Failure
2026-08-14 12:28:10,ESP32_ROOM_1,ESP32,External,ESP32_ROOM_1,30.2,46.0,-,0,Security Event,0,Low,Continue monitoring and maintain secure sensor authentication,Valid ESP32 HMAC Reading,Valid ESP32 HMAC Reading,200
2026-08-14 12:28:11,Real ESP32 Room Sensor,temperature_humidity_sensor,Demo Room,30.2,46.0,Critical,0,Normal Pattern,100,High,Critical Cold-Storage Failure,Critical Cold-Storage Failure
2026-08-14 12:28:13,ESP32_ROOM_1,ESP32,External,ESP32_ROOM_1,30.2,46.0,-,0,Security Event,0,Low,Continue monitoring and maintain secure sensor authentication,Valid ESP32 HMAC Reading,Valid ESP32 HMAC Reading,200
2026-08-14 12:28:13,Real ESP32 Room Sensor,temperature_humidity_sensor,Demo Room,30.2,46.0,Critical,0,Normal Pattern,100,High,Critical Cold-Storage Failure,Critical Cold-Storage Failure
2026-08-14 12:28:15,ESP32_ROOM_1,ESP32,External,ESP32_ROOM_1,30.2,46.0,-,0,Security Event,0,Low,Continue monitoring and maintain secure sensor authentication,Valid ESP32 HMAC Reading,Valid ESP32 HMAC Reading,200
2026-08-14 12:28:15,Real ESP32 Room Sensor,temperature_humidity_sensor,Demo Room,30.2,46.0,Critical,0,Normal Pattern,100,High,Critical Cold-Storage Failure,Critical Cold-Storage Failure
2026-08-14 12:28:18,ESP32_ROOM_1,ESP32,External,ESP32_ROOM_1,30.2,46.0,-,0,Security Event,0,Low,Continue monitoring and maintain secure sensor authentication,Valid ESP32 HMAC Reading,Valid ESP32 HMAC Reading,200
2026-08-14 12:28:18,Real ESP32 Room Sensor,temperature_humidity_sensor,Demo Room,30.2,46.0,Critical,0,Normal Pattern,100,High,Critical Cold-Storage Failure,Critical Cold-Storage Failure
2026-08-14 12:28:20,ESP32_ROOM_1,ESP32,External,ESP32_ROOM_1,30.2,46.0,-,0,Security Event,0,Low,Continue monitoring and maintain secure sensor authentication,Valid ESP32 HMAC Reading,Valid ESP32 HMAC Reading,200
2026-08-14 12:28:20,Real ESP32 Room Sensor,temperature_humidity_sensor,Demo Room,30.2,46.0,Critical,0,Normal Pattern,100,High,Critical Cold-Storage Failure,Critical Cold-Storage Failure
2026-08-14 12:28:22,ESP32_ROOM_1,ESP32,External,ESP32_ROOM_1,30.2,46.0,-,0,Security Event,0,Low,Continue monitoring and maintain secure sensor authentication,Valid ESP32 HMAC Reading,Valid ESP32 HMAC Reading,200
2026-08-14 12:28:22,Real ESP32 Room Sensor,temperature_humidity_sensor,Demo Room,30.2,46.0,Critical,0,Normal Pattern,100,High,Critical Cold-Storage Failure,Critical Cold-Storage Failure
2026-08-14 12:28:24,ESP32_ROOM_1,ESP32,External,ESP32_ROOM_1,30.2,46.0,-,0,Security Event,0,Low,Continue monitoring and maintain secure sensor authentication,Valid ESP32 HMAC Reading,Valid ESP32 HMAC Reading,200
2026-08-14 12:28:24,Real ESP32 Room Sensor,temperature_humidity_sensor,Demo Room,30.2,46.0,Critical,0,Normal Pattern,100,High,Critical Cold-Storage Failure,Critical Cold-Storage Failure
2026-08-14 12:28:27,ESP32_ROOM_1,ESP32,External,ESP32_ROOM_1,30.2,46.0,-,0,Security Event,0,Low,Continue monitoring and maintain secure sensor authentication,Valid ESP32 HMAC Reading,Valid ESP32 HMAC Reading,200
2026-08-14 12:28:27,Real ESP32 Room Sensor,temperature_humidity_sensor,Demo Room,30.2,46.0,Critical,0,Normal Pattern,100,High,Critical Cold-Storage Failure,Critical Cold-Storage Failure
2026-08-14 12:28:29,ESP32_ROOM_1,ESP32,External,ESP32_ROOM_1,30.2,46.0,-,0,Security Event,0,Low,Continue monitoring and maintain secure sensor authentication,Valid ESP32 HMAC Reading,Valid ESP32 HMAC Reading,200
2026-08-14 12:28:29,Real ESP32 Room Sensor,temperature_humidity_sensor,Demo Room,30.2,46.0,Critical,0,Normal Pattern,100,High,Critical Cold-Storage Failure,Critical Cold-Storage Failure
2026-08-14 12:28:31,ESP32_ROOM_1,ESP32,External,ESP32_ROOM_1,30.2,46.0,-,0,Security Event,0,Low,Continue monitoring and maintain secure sensor authentication,Valid ESP32 HMAC Reading,Valid ESP32 HMAC Reading,200
2026-08-14 12:28:31,Real ESP32 Room Sensor,temperature_humidity_sensor,Demo Room,30.2,46.0,Critical,0,Normal Pattern,100,High,Critical Cold-Storage Failure,Critical Cold-Storage Failure
2026-08-14 12:28:34,ESP32_ROOM_1,ESP32,External,ESP32_ROOM_1,30.2,46.0,-,0,Security Event,0,Low,Continue monitoring and maintain secure sensor authentication,Valid ESP32 HMAC Reading,Valid ESP32 HMAC Reading,200
2026-08-14 12:28:34,Real ESP32 Room Sensor,temperature_humidity_sensor,Demo Room,30.2,46.0,Critical,0,Normal Pattern,100,High,Critical Cold-Storage Failure,Critical Cold-Storage Failure
2026-08-14 12:28:36,ESP32_ROOM_1,ESP32,External,ESP32_ROOM_1,30.2,46.0,-,0,Security Event,0,Low,Continue monitoring and maintain secure sensor authentication,Valid ESP32 HMAC Reading,Valid ESP32 HMAC Reading,200
2026-08-14 12:28:36,Real ESP32 Room Sensor,temperature_humidity_sensor,Demo Room,30.2,46.0,Critical,0,Normal Pattern,100,High,Critical Cold-Storage Failure,Critical Cold-Storage Failure
2026-08-14 12:28:38,ESP32_ROOM_1,ESP32,External,ESP32_ROOM_1,30.2,46.0,-,0,Security Event,0,Low,Continue monitoring and maintain secure sensor authentication,Valid ESP32 HMAC Reading,Valid ESP32 HMAC Reading,200
2026-08-14 12:28:38,Real ESP32 Room Sensor,temperature_humidity_sensor,Demo Room,30.2,46.0,Critical,0,Normal Pattern,100,High,Critical Cold-Storage Failure,Critical Cold-Storage Failure
2026-08-14 12:28:41,ESP32_ROOM_1,ESP32,External,ESP32_ROOM_1,30.2,46.0,-,0,Security Event,0,Low,Continue monitoring and maintain secure sensor authentication,Valid ESP32 HMAC Reading,Valid ESP32 HMAC Reading,200
2026-08-14 12:28:41,Real ESP32 Room Sensor,temperature_humidity_sensor,Demo Room,30.2,46.0,Critical,0,Normal Pattern,100,High,Critical Cold-Storage Failure,Critical Cold-Storage Failure
2026-08-14 12:28:43,ESP32_ROOM_1,ESP32,External,ESP32_ROOM_1,30.2,46.0,-,0,Security Event,0,Low,Continue monitoring and maintain secure sensor authentication,Valid ESP32 HMAC Reading,Valid ESP32 HMAC Reading,200
2026-08-14 12:28:43,Real ESP32 Room Sensor,temperature_humidity_sensor,Demo Room,30.2,46.0,Critical,0,Normal Pattern,100,High,Critical Cold-Storage Failure,Critical Cold-Storage Failure
2026-08-14 12:28:45,ESP32_ROOM_1,ESP32,External,ESP32_ROOM_1,30.2,46.0,-,0,Security Event,0,Low,Continue monitoring and maintain secure sensor authentication,Valid ESP32 HMAC Reading,Valid ESP32 HMAC Reading,200
2026-08-14 12:28:46,Real ESP32 Room Sensor,temperature_humidity_sensor,Demo Room,30.2,46.0,Critical,0,Normal Pattern,100,High,Critical Cold-Storage Failure,Critical Cold-Storage Failure
2026-08-14 12:28:48,ESP32_ROOM_1,ESP32,External,ESP32_ROOM_1,30.2,46.0,-,0,Security Event,0,Low,Continue monitoring and maintain secure sensor authentication,Valid ESP32 HMAC Reading,Valid ESP32 HMAC Reading,200
2026-08-14 12:28:48,Real ESP32 Room Sensor,temperature_humidity_sensor,Demo Room,30.2,46.0,Critical,0,Normal Pattern,100,High,Critical Cold-Storage Failure,Critical Cold-Storage Failure
2026-08-14 12:28:50,ESP32_ROOM_1,ESP32,External,ESP32_ROOM_1,30.2,46.0,-,0,Security Event,0,Low,Continue monitoring and maintain secure sensor authentication,Valid ESP32 HMAC Reading,Valid ESP32 HMAC Reading,200
2026-08-14 12:28:50,Real ESP32 Room Sensor,temperature_humidity_sensor,Demo Room,30.2,46.0,Critical,0,Normal Pattern,100,High,Critical Cold-Storage Failure,Critical Cold-Storage Failure
2026-08-14 12:28:52,ESP32_ROOM_1,ESP32,External,ESP32_ROOM_1,30.2,46.0,-,0,Security Event,0,Low,Continue monitoring and maintain secure sensor authentication,Valid ESP32 HMAC Reading,Valid ESP32 HMAC Reading,200
2026-08-14 12:28:52,Real ESP32 Room Sensor,temperature_humidity_sensor,Demo Room,30.2,46.0,Critical,0,Normal Pattern,100,High,Critical Cold-Storage Failure,Critical Cold-Storage Failure
2026-08-14 12:28:55,ESP32_ROOM_1,ESP32,External,ESP32_ROOM_1,30.2,46.0,-,0,Security Event,0,Low,Continue monitoring and maintain secure sensor authentication,Valid ESP32 HMAC Reading,Valid ESP32 HMAC Reading,200
2026-08-14 12:28:55,Real ESP32 Room Sensor,temperature_humidity_sensor,Demo Room,30.2,46.0,Critical,0,Normal Pattern,100,High,Critical Cold-Storage Failure,Critical Cold-Storage Failure
2026-08-14 12:28:57,ESP32_ROOM_1,ESP32,External,ESP32_ROOM_1,30.2,46.0,-,0,Security Event,0,Low,Continue monitoring and maintain secure sensor authentication,Valid ESP32 HMAC Reading,Valid ESP32 HMAC Reading,200
2026-08-14 12:28:57,Real ESP32 Room Sensor,temperature_humidity_sensor,Demo Room,30.2,46.0,Critical,0,Normal Pattern,100,High,Critical Cold-Storage Failure,Critical Cold-Storage Failure
2026-08-14 12:28:59,ESP32_ROOM_1,ESP32,External,ESP32_ROOM_1,30.2,46.0,-,0,Security Event,0,Low,Continue monitoring and maintain secure sensor authentication,Valid ESP32 HMAC Reading,Valid ESP32 HMAC Reading,200
2026-08-14 12:28:59,Real ESP32 Room Sensor,temperature_humidity_sensor,Demo Room,30.2,46.0,Critical,0,Normal Pattern,100,High,Critical Cold-Storage Failure,Critical Cold-Storage Failure
2026-08-14 12:29:02,ESP32_ROOM_1,ESP32,External,ESP32_ROOM_1,30.2,46.0,-,0,Security Event,0,Low,Continue monitoring and maintain secure sensor authentication,Valid ESP32 HMAC Reading,Valid ESP32 HMAC Reading,200
2026-08-14 12:29:02,Real ESP32 Room Sensor,temperature_humidity_sensor,Demo Room,30.2,46.0,Critical,0,Normal Pattern,100,High,Critical Cold-Storage Failure,Critical Cold-Storage Failure
2026-08-14 12:29:04,ESP32_ROOM_1,ESP32,External,ESP32_ROOM_1,30.2,46.0,-,0,Security Event,0,Low,Continue monitoring and maintain secure sensor authentication,Valid ESP32 HMAC Reading,Valid ESP32 HMAC Reading,200
2026-08-14 12:29:04,Real ESP32 Room Sensor,temperature_humidity_sensor,Demo Room,30.2,46.0,Critical,0,Normal Pattern,100,High,Critical Cold-Storage Failure,Critical Cold-Storage Failure
2026-08-14 12:29:06,ESP32_ROOM_1,ESP32,External,ESP32_ROOM_1,30.2,46.0,-,0,Security Event,0,Low,Continue monitoring and maintain secure sensor authentication,Valid ESP32 HMAC Reading,Valid ESP32 HMAC Reading,200
2026-08-14 12:29:06,Real ESP32 Room Sensor,temperature_humidity_sensor,Demo Room,30.2,46.0,Critical,0,Normal Pattern,100,High,Critical Cold-Storage Failure,Critical Cold-Storage Failure
2026-08-14 12:29:09,ESP32_ROOM_1,ESP32,External,ESP32_ROOM_1,30.2,46.0,-,0,Security Event,0,Low,Continue monitoring and maintain secure sensor authentication,Valid ESP32 HMAC Reading,Valid ESP32 HMAC Reading,200
2026-08-14 12:29:09,Real ESP32 Room Sensor,temperature_humidity_sensor,Demo Room,30.2,46.0,Critical,0,Normal Pattern,100,High,Critical Cold-Storage Failure,Critical Cold-Storage Failure
2026-08-14 12:29:11,ESP32_ROOM_1,ESP32,External,ESP32_ROOM_1,30.2,46.0,-,0,Security Event,0,Low,Continue monitoring and maintain secure sensor authentication,Valid ESP32 HMAC Reading,Valid ESP32 HMAC Reading,200
2026-08-14 12:29:11,Real ESP32 Room Sensor,temperature_humidity_sensor,Demo Room,30.2,46.0,Critical,0,Normal Pattern,100,High,Critical Cold-Storage Failure,Critical Cold-Storage Failure
2026-08-14 12:29:13,ESP32_ROOM_1,ESP32,External,ESP32_ROOM_1,30.2,46.0,-,0,Security Event,0,Low,Continue monitoring and maintain secure sensor authentication,Valid ESP32 HMAC Reading,Valid ESP32 HMAC Reading,200
2026-08-14 12:29:13,Real ESP32 Room Sensor,temperature_humidity_sensor,Demo Room,30.2,46.0,Critical,0,Normal Pattern,100,High,Critical Cold-Storage Failure,Critical Cold-Storage Failure
2026-08-14 12:29:16,ESP32_ROOM_1,ESP32,External,ESP32_ROOM_1,30.2,46.0,-,0,Security Event,0,Low,Continue monitoring and maintain secure sensor authentication,Valid ESP32 HMAC Reading,Valid ESP32 HMAC Reading,200
2026-08-14 12:29:16,Real ESP32 Room Sensor,temperature_humidity_sensor,Demo Room,30.2,46.0,Critical,0,Normal Pattern,100,High,Critical Cold-Storage Failure,Critical Cold-Storage Failure
2026-08-14 12:29:18,ESP32_ROOM_1,ESP32,External,ESP32_ROOM_1,30.2,46.0,-,0,Security Event,0,Low,Continue monitoring and maintain secure sensor authentication,Valid ESP32 HMAC Reading,Valid ESP32 HMAC Reading,200
2026-08-14 12:29:18,Real ESP32 Room Sensor,temperature_humidity_sensor,Demo Room,30.2,46.0,Critical,0,Normal Pattern,100,High,Critical Cold-Storage Failure,Critical Cold-Storage Failure
2026-08-14 12:29:20,ESP32_ROOM_1,ESP32,External,ESP32_ROOM_1,30.2,46.0,-,0,Security Event,0,Low,Continue monitoring and maintain secure sensor authentication,Valid ESP32 HMAC Reading,Valid ESP32 HMAC Reading,200
2026-08-14 12:29:20,Real ESP32 Room Sensor,temperature_humidity_sensor,Demo Room,30.2,46.0,Critical,0,Normal Pattern,100,High,Critical Cold-Storage Failure,Critical Cold-Storage Failure
2026-08-14 12:29:23,ESP32_ROOM_1,ESP32,External,ESP32_ROOM_1,30.2,46.0,-,0,Security Event,0,Low,Continue monitoring and maintain secure sensor authentication,Valid ESP32 HMAC Reading,Valid ESP32 HMAC Reading,200
2026-08-14 12:29:23,Real ESP32 Room Sensor,temperature_humidity_sensor,Demo Room,30.2,46.0,Critical,0,Normal Pattern,100,High,Critical Cold-Storage Failure,Critical Cold-Storage Failure
2026-08-14 12:29:25,ESP32_ROOM_1,ESP32,External,ESP32_ROOM_1,30.2,46.0,-,0,Security Event,0,Low,Continue monitoring and maintain secure sensor authentication,Valid ESP32 HMAC Reading,Valid ESP32 HMAC Reading,200
2026-08-14 12:29:25,Real ESP32 Room Sensor,temperature_humidity_sensor,Demo Room,30.2,46.0,Critical,0,Normal Pattern,100,High,Critical Cold-Storage Failure,Critical Cold-Storage Failure
2026-08-14 12:29:27,ESP32_ROOM_1,ESP32,External,ESP32_ROOM_1,30.2,46.0,-,0,Security Event,0,Low,Continue monitoring and maintain secure sensor authentication,Valid ESP32 HMAC Reading,Valid ESP32 HMAC Reading,200
2026-08-14 12:29:27,Real ESP32 Room Sensor,temperature_humidity_sensor,Demo Room,30.2,46.0,Critical,0,Normal Pattern,100,High,Critical Cold-Storage Failure,Critical Cold-Storage Failure
2026-08-14 12:29:30,ESP32_ROOM_1,ESP32,External,ESP32_ROOM_1,30.2,46.0,-,0,Security Event,0,Low,Continue monitoring and maintain secure sensor authentication,Valid ESP32 HMAC Reading,Valid ESP32 HMAC Reading,200
2026-08-14 12:29:30,Real ESP32 Room Sensor,temperature_humidity_sensor,Demo Room,30.2,46.0,Critical,0,Normal Pattern,100,High,Critical Cold-Storage Failure,Critical Cold-Storage Failure
2026-08-14 12:29:32,ESP32_ROOM_1,ESP32,External,ESP32_ROOM_1,30.2,46.0,-,0,Security Event,0,Low,Continue monitoring and maintain secure sensor authentication,Valid ESP32 HMAC Reading,Valid ESP32 HMAC Reading,200
2026-08-14 12:29:32,Real ESP32 Room Sensor,temperature_humidity_sensor,Demo Room,30.2,46.0,Critical,0,Normal Pattern,100,High,Critical Cold-Storage Failure,Critical Cold-Storage Failure
2026-08-14 12:29:34,ESP32_ROOM_1,ESP32,External,ESP32_ROOM_1,30.2,46.0,-,0,Security Event,0,Low,Continue monitoring and maintain secure sensor authentication,Valid ESP32 HMAC Reading,Valid ESP32 HMAC Reading,200
2026-08-14 12:29:34,Real ESP32 Room Sensor,temperature_humidity_sensor,Demo Room,30.2,46.0,Critical,0,Normal Pattern,100,High,Critical Cold-Storage Failure,Critical Cold-Storage Failure
2026-08-14 12:29:36,ESP32_ROOM_1,ESP32,External,ESP32_ROOM_1,30.2,46.0,-,0,Security Event,0,Low,Continue monitoring and maintain secure sensor authentication,Valid ESP32 HMAC Reading,Valid ESP32 HMAC Reading,200
2026-08-14 12:29:36,Real ESP32 Room Sensor,temperature_humidity_sensor,Demo Room,30.2,46.0,Critical,0,Normal Pattern,100,High,Critical Cold-Storage Failure,Critical Cold-Storage Failure
2026-08-14 12:29:39,ESP32_ROOM_1,ESP32,External,ESP32_ROOM_1,30.2,46.0,-,0,Security Event,0,Low,Continue monitoring and maintain secure sensor authentication,Valid ESP32 HMAC Reading,Valid ESP32 HMAC Reading,200
2026-08-14 12:29:39,Real ESP32 Room Sensor,temperature_humidity_sensor,Demo Room,30.2,46.0,Critical,0,Normal Pattern,100,High,Critical Cold-Storage Failure,Critical Cold-Storage Failure
2026-08-14 12:29:41,ESP32_ROOM_1,ESP32,External,ESP32_ROOM_1,30.2,46.0,-,0,Security Event,0,Low,Continue monitoring and maintain secure sensor authentication,Valid ESP32 HMAC Reading,Valid ESP32 HMAC Reading,200
2026-08-14 12:29:41,Real ESP32 Room Sensor,temperature_humidity_sensor,Demo Room,30.2,46.0,Critical,0,Normal Pattern,100,High,Critical Cold-Storage Failure,Critical Cold-Storage Failure
2026-08-14 12:29:44,ESP32_ROOM_1,ESP32,External,ESP32_ROOM_1,30.2,46.0,-,0,Security Event,0,Low,Continue monitoring and maintain secure sensor authentication,Valid ESP32 HMAC Reading,Valid ESP32 HMAC Reading,200
2026-08-14 12:29:44,Real ESP32 Room Sensor,temperature_humidity_sensor,Demo Room,30.2,46.0,Critical,0,Normal Pattern,100,High,Critical Cold-Storage Failure,Critical Cold-Storage Failure
2026-08-14 12:29:46,ESP32_ROOM_1,ESP32,External,ESP32_ROOM_1,30.2,46.0,-,0,Security Event,0,Low,Continue monitoring and maintain secure sensor authentication,Valid ESP32 HMAC Reading,Valid ESP32 HMAC Reading,200
2026-08-14 12:29:46,Real ESP32 Room Sensor,temperature_humidity_sensor,Demo Room,30.2,46.0,Critical,0,Normal Pattern,100,High,Critical Cold-Storage Failure,Critical Cold-Storage Failure
2026-08-14 12:29:48,ESP32_ROOM_1,ESP32,External,ESP32_ROOM_1,30.2,46.0,-,0,Security Event,0,Low,Continue monitoring and maintain secure sensor authentication,Valid ESP32 HMAC Reading,Valid ESP32 HMAC Reading,200
2026-08-14 12:29:48,Real ESP32 Room Sensor,temperature_humidity_sensor,Demo Room,30.2,46.0,Critical,0,Normal Pattern,100,High,Critical Cold-Storage Failure,Critical Cold-Storage Failure
2026-08-14 12:29:51,ESP32_ROOM_1,ESP32,External,ESP32_ROOM_1,30.2,46.0,-,0,Security Event,0,Low,Continue monitoring and maintain secure sensor authentication,Valid ESP32 HMAC Reading,Valid ESP32 HMAC Reading,200
2026-08-14 12:29:51,Real ESP32 Room Sensor,temperature_humidity_sensor,Demo Room,30.2,46.0,Critical,0,Normal Pattern,100,High,Critical Cold-Storage Failure,Critical Cold-Storage Failure
2026-08-14 12:29:53,ESP32_ROOM_1,ESP32,External,ESP32_ROOM_1,30.2,46.0,-,0,Security Event,0,Low,Continue monitoring and maintain secure sensor authentication,Valid ESP32 HMAC Reading,Valid ESP32 HMAC Reading,200
2026-08-14 12:29:53,Real ESP32 Room Sensor,temperature_humidity_sensor,Demo Room,30.2,46.0,Critical,0,Normal Pattern,100,High,Critical Cold-Storage Failure,Critical Cold-Storage Failure
2026-08-14 12:29:55,ESP32_ROOM_1,ESP32,External,ESP32_ROOM_1,30.2,46.0,-,0,Security Event,0,Low,Continue monitoring and maintain secure sensor authentication,Valid ESP32 HMAC Reading,Valid ESP32 HMAC Reading,200
2026-08-14 12:29:55,Real ESP32 Room Sensor,temperature_humidity_sensor,Demo Room,30.2,46.0,Critical,0,Normal Pattern,100,High,Critical Cold-Storage Failure,Critical Cold-Storage Failure
2026-08-14 12:29:58,ESP32_ROOM_1,ESP32,External,ESP32_ROOM_1,30.2,46.0,-,0,Security Event,0,Low,Continue monitoring and maintain secure sensor authentication,Valid ESP32 HMAC Reading,Valid ESP32 HMAC Reading,200
2026-08-14 12:29:58,Real ESP32 Room Sensor,temperature_humidity_sensor,Demo Room,30.2,46.0,Critical,0,Normal Pattern,100,High,Critical Cold-Storage Failure,Critical Cold-Storage Failure
2026-08-14 12:30:00,ESP32_ROOM_1,ESP32,External,ESP32_ROOM_1,30.2,46.0,-,0,Security Event,0,Low,Continue monitoring and maintain secure sensor authentication,Valid ESP32 HMAC Reading,Valid ESP32 HMAC Reading,200
2026-08-14 12:30:00,Real ESP32 Room Sensor,temperature_humidity_sensor,Demo Room,30.2,46.0,Critical,0,Normal Pattern,100,High,Critical Cold-Storage Failure,Critical Cold-Storage Failure
2026-08-14 12:30:02,ESP32_ROOM_1,ESP32,External,ESP32_ROOM_1,30.2,46.0,-,0,Security Event,0,Low,Continue monitoring and maintain secure sensor authentication,Valid ESP32 HMAC Reading,Valid ESP32 HMAC Reading,200
2026-08-14 12:30:02,Real ESP32 Room Sensor,temperature_humidity_sensor,Demo Room,30.2,46.0,Critical,0,Normal Pattern,100,High,Critical Cold-Storage Failure,Critical Cold-Storage Failure
2026-08-14 12:30:05,ESP32_ROOM_1,ESP32,External,ESP32_ROOM_1,30.2,46.0,-,0,Security Event,0,Low,Continue monitoring and maintain secure sensor authentication,Valid ESP32 HMAC Reading,Valid ESP32 HMAC Reading,200
2026-08-14 12:30:05,Real ESP32 Room Sensor,temperature_humidity_sensor,Demo Room,30.2,46.0,Critical,0,Normal Pattern,100,High,Critical Cold-Storage Failure,Critical Cold-Storage Failure
2026-08-14 12:30:07,ESP32_ROOM_1,ESP32,External,ESP32_ROOM_1,30.2,46.0,-,0,Security Event,0,Low,Continue monitoring and maintain secure sensor authentication,Valid ESP32 HMAC Reading,Valid ESP32 HMAC Reading,200
2026-08-14 12:30:07,Real ESP32 Room Sensor,temperature_humidity_sensor,Demo Room,30.2,46.0,Critical,0,Normal Pattern,100,High,Critical Cold-Storage Failure,Critical Cold-Storage Failure
2026-08-14 12:30:09,ESP32_ROOM_1,ESP32,External,ESP32_ROOM_1,30.2,46.0,-,0,Security Event,0,Low,Continue monitoring and maintain secure sensor authentication,Valid ESP32 HMAC Reading,Valid ESP32 HMAC Reading,200
2026-08-14 12:30:09,Real ESP32 Room Sensor,temperature_humidity_sensor,Demo Room,30.2,46.0,Critical,0,Normal Pattern,100,High,Critical Cold-Storage Failure,Critical Cold-Storage Failure
2026-08-14 12:30:12,ESP32_ROOM_1,ESP32,External,ESP32_ROOM_1,30.2,46.0,-,0,Security Event,0,Low,Continue monitoring and maintain secure sensor authentication,Valid ESP32 HMAC Reading,Valid ESP32 HMAC Reading,200
2026-08-14 12:30:12,Real ESP32 Room Sensor,temperature_humidity_sensor,Demo Room,30.2,46.0,Critical,0,Normal Pattern,100,High,Critical Cold-Storage Failure,Critical Cold-Storage Failure
2026-08-14 12:30:14,ESP32_ROOM_1,ESP32,External,ESP32_ROOM_1,30.2,46.0,-,0,Security Event,0,Low,Continue monitoring and maintain secure sensor authentication,Valid ESP32 HMAC Reading,Valid ESP32 HMAC Reading,200
2026-08-14 12:30:14,Real ESP32 Room Sensor,temperature_humidity_sensor,Demo Room,30.2,46.0,Critical,0,Normal Pattern,100,High,Critical Cold-Storage Failure,Critical Cold-Storage Failure
2026-08-14 12:30:17,ESP32_ROOM_1,ESP32,External,ESP32_ROOM_1,30.2,46.0,-,0,Security Event,0,Low,Continue monitoring and maintain secure sensor authentication,Valid ESP32 HMAC Reading,Valid ESP32 HMAC Reading,200
2026-08-14 12:30:17,Real ESP32 Room Sensor,temperature_humidity_sensor,Demo Room,30.2,46.0,Critical,0,Normal Pattern,100,High,Critical Cold-Storage Failure,Critical Cold-Storage Failure
2026-08-14 12:30:19,ESP32_ROOM_1,ESP32,External,ESP32_ROOM_1,30.2,46.0,-,0,Security Event,0,Low,Continue monitoring and maintain secure sensor authentication,Valid ESP32 HMAC Reading,Valid ESP32 HMAC Reading,200
2026-08-14 12:30:19,Real ESP32 Room Sensor,temperature_humidity_sensor,Demo Room,30.2,46.0,Critical,0,Normal Pattern,100,High,Critical Cold-Storage Failure,Critical Cold-Storage Failure
2026-08-14 12:30:21,ESP32_ROOM_1,ESP32,External,ESP32_ROOM_1,30.2,46.0,-,0,Security Event,0,Low,Continue monitoring and maintain secure sensor authentication,Valid ESP32 HMAC Reading,Valid ESP32 HMAC Reading,200
2026-08-14 12:30:21,Real ESP32 Room Sensor,temperature_humidity_sensor,Demo Room,30.2,46.0,Critical,0,Normal Pattern,100,High,Critical Cold-Storage Failure,Critical Cold-Storage Failure
2026-08-14 12:30:24,ESP32_ROOM_1,ESP32,External,ESP32_ROOM_1,30.2,46.0,-,0,Security Event,0,Low,Continue monitoring and maintain secure sensor authentication,Valid ESP32 HMAC Reading,Valid ESP32 HMAC Reading,200
2026-08-14 12:30:24,Real ESP32 Room Sensor,temperature_humidity_sensor,Demo Room,30.2,46.0,Critical,0,Normal Pattern,100,High,Critical Cold-Storage Failure,Critical Cold-Storage Failure
2026-08-14 12:30:26,ESP32_ROOM_1,ESP32,External,ESP32_ROOM_1,30.2,46.0,-,0,Security Event,0,Low,Continue monitoring and maintain secure sensor authentication,Valid ESP32 HMAC Reading,Valid ESP32 HMAC Reading,200
2026-08-14 12:30:26,Real ESP32 Room Sensor,temperature_humidity_sensor,Demo Room,30.2,46.0,Critical,0,Normal Pattern,100,High,Critical Cold-Storage Failure,Critical Cold-Storage Failure
2026-08-14 12:30:28,ESP32_ROOM_1,ESP32,External,ESP32_ROOM_1,30.2,46.0,-,0,Security Event,0,Low,Continue monitoring and maintain secure sensor authentication,Valid ESP32 HMAC Reading,Valid ESP32 HMAC Reading,200
2026-08-14 12:30:28,Real ESP32 Room Sensor,temperature_humidity_sensor,Demo Room,30.2,46.0,Critical,0,Normal Pattern,100,High,Critical Cold-Storage Failure,Critical Cold-Storage Failure
2026-08-14 12:30:31,ESP32_ROOM_1,ESP32,External,ESP32_ROOM_1,30.2,46.0,-,0,Security Event,0,Low,Continue monitoring and maintain secure sensor authentication,Valid ESP32 HMAC Reading,Valid ESP32 HMAC Reading,200
2026-08-14 12:30:31,Real ESP32 Room Sensor,temperature_humidity_sensor,Demo Room,30.2,46.0,Critical,0,Normal Pattern,100,High,Critical Cold-Storage Failure,Critical Cold-Storage Failure
2026-08-14 12:30:33,ESP32_ROOM_1,ESP32,External,ESP32_ROOM_1,30.2,46.0,-,0,Security Event,0,Low,Continue monitoring and maintain secure sensor authentication,Valid ESP32 HMAC Reading,Valid ESP32 HMAC Reading,200
2026-08-14 12:30:33,Real ESP32 Room Sensor,temperature_humidity_sensor,Demo Room,30.2,46.0,Critical,0,Normal Pattern,100,High,Critical Cold-Storage Failure,Critical Cold-Storage Failure
2026-08-14 12:30:35,ESP32_ROOM_1,ESP32,External,ESP32_ROOM_1,30.2,46.0,-,0,Security Event,0,Low,Continue monitoring and maintain secure sensor authentication,Valid ESP32 HMAC Reading,Valid ESP32 HMAC Reading,200
2026-08-14 12:30:35,Real ESP32 Room Sensor,temperature_humidity_sensor,Demo Room,30.2,46.0,Critical,0,Normal Pattern,100,High,Critical Cold-Storage Failure,Critical Cold-Storage Failure
2026-08-14 12:30:38,ESP32_ROOM_1,ESP32,External,ESP32_ROOM_1,30.2,46.0,-,0,Security Event,0,Low,Continue monitoring and maintain secure sensor authentication,Valid ESP32 HMAC Reading,Valid ESP32 HMAC Reading,200
2026-08-14 12:30:38,Real ESP32 Room Sensor,temperature_humidity_sensor,Demo Room,30.2,46.0,Critical,0,Normal Pattern,100,High,Critical Cold-Storage Failure,Critical Cold-Storage Failure
2026-08-14 12:30:40,ESP32_ROOM_1,ESP32,External,ESP32_ROOM_1,30.2,46.0,-,0,Security Event,0,Low,Continue monitoring and maintain secure sensor authentication,Valid ESP32 HMAC Reading,Valid ESP32 HMAC Reading,200
2026-08-14 12:30:40,Real ESP32 Room Sensor,temperature_humidity_sensor,Demo Room,30.2,46.0,Critical,0,Normal Pattern,100,High,Critical Cold-Storage Failure,Critical Cold-Storage Failure
2026-08-14 12:30:42,ESP32_ROOM_1,ESP32,External,ESP32_ROOM_1,30.2,46.0,-,0,Security Event,0,Low,Continue monitoring and maintain secure sensor authentication,Valid ESP32 HMAC Reading,Valid ESP32 HMAC Reading,200
2026-08-14 12:30:42,Real ESP32 Room Sensor,temperature_humidity_sensor,Demo Room,30.2,46.0,Critical,0,Normal Pattern,100,High,Critical Cold-Storage Failure,Critical Cold-Storage Failure
2026-08-14 12:30:45,ESP32_ROOM_1,ESP32,External,ESP32_ROOM_1,30.2,46.0,-,0,Security Event,0,Low,Continue monitoring and maintain secure sensor authentication,Valid ESP32 HMAC Reading,Valid ESP32 HMAC Reading,200
2026-08-14 12:30:45,Real ESP32 Room Sensor,temperature_humidity_sensor,Demo Room,30.2,46.0,Critical,0,Normal Pattern,100,High,Critical Cold-Storage Failure,Critical Cold-Storage Failure
2026-08-14 12:30:47,ESP32_ROOM_1,ESP32,External,ESP32_ROOM_1,30.2,46.0,-,0,Security Event,0,Low,Continue monitoring and maintain secure sensor authentication,Valid ESP32 HMAC Reading,Valid ESP32 HMAC Reading,200
2026-08-14 12:30:47,Real ESP32 Room Sensor,temperature_humidity_sensor,Demo Room,30.2,46.0,Critical,0,Normal Pattern,100,High,Critical Cold-Storage Failure,Critical Cold-Storage Failure
2026-08-14 12:30:49,ESP32_ROOM_1,ESP32,External,ESP32_ROOM_1,30.2,46.0,-,0,Security Event,0,Low,Continue monitoring and maintain secure sensor authentication,Valid ESP32 HMAC Reading,Valid ESP32 HMAC Reading,200
2026-08-14 12:30:49,Real ESP32 Room Sensor,temperature_humidity_sensor,Demo Room,30.2,46.0,Critical,0,Normal Pattern,100,High,Critical Cold-Storage Failure,Critical Cold-Storage Failure
2026-08-14 12:30:52,ESP32_ROOM_1,ESP32,External,ESP32_ROOM_1,30.2,46.0,-,0,Security Event,0,Low,Continue monitoring and maintain secure sensor authentication,Valid ESP32 HMAC Reading,Valid ESP32 HMAC Reading,200
2026-08-14 12:30:52,Real ESP32 Room Sensor,temperature_humidity_sensor,Demo Room,30.2,46.0,Critical,0,Normal Pattern,100,High,Critical Cold-Storage Failure,Critical Cold-Storage Failure
2026-08-14 12:30:54,ESP32_ROOM_1,ESP32,External,ESP32_ROOM_1,30.2,46.0,-,0,Security Event,0,Low,Continue monitoring and maintain secure sensor authentication,Valid ESP32 HMAC Reading,Valid ESP32 HMAC Reading,200
2026-08-14 12:30:54,Real ESP32 Room Sensor,temperature_humidity_sensor,Demo Room,30.2,46.0,Critical,0,Normal Pattern,100,High,Critical Cold-Storage Failure,Critical Cold-Storage Failure
2026-08-14 12:30:56,ESP32_ROOM_1,ESP32,External,ESP32_ROOM_1,30.2,46.0,-,0,Security Event,0,Low,Continue monitoring and maintain secure sensor authentication,Valid ESP32 HMAC Reading,Valid ESP32 HMAC Reading,200
2026-08-14 12:30:56,Real ESP32 Room Sensor,temperature_humidity_sensor,Demo Room,30.2,46.0,Critical,0,Normal Pattern,100,High,Critical Cold-Storage Failure,Critical Cold-Storage Failure
2026-08-14 12:30:59,ESP32_ROOM_1,ESP32,External,ESP32_ROOM_1,30.2,46.0,-,0,Security Event,0,Low,Continue monitoring and maintain secure sensor authentication,Valid ESP32 HMAC Reading,Valid ESP32 HMAC Reading,200
2026-08-14 12:30:59,Real ESP32 Room Sensor,temperature_humidity_sensor,Demo Room,30.2,46.0,Critical,0,Normal Pattern,100,High,Critical Cold-Storage Failure,Critical Cold-Storage Failure
2026-08-14 12:31:01,ESP32_ROOM_1,ESP32,External,ESP32_ROOM_1,30.2,46.0,-,0,Security Event,0,Low,Continue monitoring and maintain secure sensor authentication,Valid ESP32 HMAC Reading,Valid ESP32 HMAC Reading,200
2026-08-14 12:31:01,Real ESP32 Room Sensor,temperature_humidity_sensor,Demo Room,30.2,46.0,Critical,0,Normal Pattern,100,High,Critical Cold-Storage Failure,Critical Cold-Storage Failure
2026-08-14 12:31:05,ESP32_ROOM_1,ESP32,External,ESP32_ROOM_1,30.2,46.0,-,0,Security Event,0,Low,Continue monitoring and maintain secure sensor authentication,Valid ESP32 HMAC Reading,Valid ESP32 HMAC Reading,200
2026-08-14 12:31:05,Real ESP32 Room Sensor,temperature_humidity_sensor,Demo Room,30.2,46.0,Critical,0,Normal Pattern,100,High,Critical Cold-Storage Failure,Critical Cold-Storage Failure
2026-08-14 12:31:08,ESP32_ROOM_1,ESP32,External,ESP32_ROOM_1,30.2,46.0,-,0,Security Event,0,Low,Continue monitoring and maintain secure sensor authentication,Valid ESP32 HMAC Reading,Valid ESP32 HMAC Reading,200
2026-08-14 12:31:08,Real ESP32 Room Sensor,temperature_humidity_sensor,Demo Room,30.2,46.0,Critical,0,Normal Pattern,100,High,Critical Cold-Storage Failure,Critical Cold-Storage Failure
2026-08-14 12:31:10,ESP32_ROOM_1,ESP32,External,ESP32_ROOM_1,30.2,46.0,-,0,Security Event,0,Low,Continue monitoring and maintain secure sensor authentication,Valid ESP32 HMAC Reading,Valid ESP32 HMAC Reading,200
2026-08-14 12:31:10,Real ESP32 Room Sensor,temperature_humidity_sensor,Demo Room,30.2,46.0,Critical,0,Normal Pattern,100,High,Critical Cold-Storage Failure,Critical Cold-Storage Failure
2026-08-14 12:31:12,ESP32_ROOM_1,ESP32,External,ESP32_ROOM_1,30.2,46.0,-,0,Security Event,0,Low,Continue monitoring and maintain secure sensor authentication,Valid ESP32 HMAC Reading,Valid ESP32 HMAC Reading,200
2026-08-14 12:31:12,Real ESP32 Room Sensor,temperature_humidity_sensor,Demo Room,30.2,46.0,Critical,0,Normal Pattern,100,High,Critical Cold-Storage Failure,Critical Cold-Storage Failure
2026-08-14 12:31:15,ESP32_ROOM_1,ESP32,External,ESP32_ROOM_1,30.2,46.0,-,0,Security Event,0,Low,Continue monitoring and maintain secure sensor authentication,Valid ESP32 HMAC Reading,Valid ESP32 HMAC Reading,200
2026-08-14 12:31:15,Real ESP32 Room Sensor,temperature_humidity_sensor,Demo Room,30.2,46.0,Critical,0,Normal Pattern,100,High,Critical Cold-Storage Failure,Critical Cold-Storage Failure
2026-08-14 12:31:17,ESP32_ROOM_1,ESP32,External,ESP32_ROOM_1,30.2,46.0,-,0,Security Event,0,Low,Continue monitoring and maintain secure sensor authentication,Valid ESP32 HMAC Reading,Valid ESP32 HMAC Reading,200
2026-08-14 12:31:17,Real ESP32 Room Sensor,temperature_humidity_sensor,Demo Room,30.2,46.0,Critical,0,Normal Pattern,100,High,Critical Cold-Storage Failure,Critical Cold-Storage Failure
2026-08-14 12:31:19,ESP32_ROOM_1,ESP32,External,ESP32_ROOM_1,30.2,46.0,-,0,Security Event,0,Low,Continue monitoring and maintain secure sensor authentication,Valid ESP32 HMAC Reading,Valid ESP32 HMAC Reading,200
2026-08-14 12:31:19,Real ESP32 Room Sensor,temperature_humidity_sensor,Demo Room,30.2,46.0,Critical,0,Normal Pattern,100,High,Critical Cold-Storage Failure,Critical Cold-Storage Failure
2026-08-14 12:31:22,ESP32_ROOM_1,ESP32,External,ESP32_ROOM_1,30.2,46.0,-,0,Security Event,0,Low,Continue monitoring and maintain secure sensor authentication,Valid ESP32 HMAC Reading,Valid ESP32 HMAC Reading,200
2026-08-14 12:31:22,Real ESP32 Room Sensor,temperature_humidity_sensor,Demo Room,30.2,46.0,Critical,0,Normal Pattern,100,High,Critical Cold-Storage Failure,Critical Cold-Storage Failure
2026-08-14 12:31:24,ESP32_ROOM_1,ESP32,External,ESP32_ROOM_1,30.2,46.0,-,0,Security Event,0,Low,Continue monitoring and maintain secure sensor authentication,Valid ESP32 HMAC Reading,Valid ESP32 HMAC Reading,200
2026-08-14 12:31:24,Real ESP32 Room Sensor,temperature_humidity_sensor,Demo Room,30.2,46.0,Critical,0,Normal Pattern,100,High,Critical Cold-Storage Failure,Critical Cold-Storage Failure
2026-08-14 12:31:26,ESP32_ROOM_1,ESP32,External,ESP32_ROOM_1,30.2,46.0,-,0,Security Event,0,Low,Continue monitoring and maintain secure sensor authentication,Valid ESP32 HMAC Reading,Valid ESP32 HMAC Reading,200
2026-08-14 12:31:26,Real ESP32 Room Sensor,temperature_humidity_sensor,Demo Room,30.2,46.0,Critical,0,Normal Pattern,100,High,Critical Cold-Storage Failure,Critical Cold-Storage Failure
2026-08-14 12:31:29,ESP32_ROOM_1,ESP32,External,ESP32_ROOM_1,30.2,46.0,-,0,Security Event,0,Low,Continue monitoring and maintain secure sensor authentication,Valid ESP32 HMAC Reading,Valid ESP32 HMAC Reading,200
2026-08-14 12:31:29,Real ESP32 Room Sensor,temperature_humidity_sensor,Demo Room,30.2,46.0,Critical,0,Normal Pattern,100,High,Critical Cold-Storage Failure,Critical Cold-Storage Failure
2026-08-14 12:31:31,ESP32_ROOM_1,ESP32,External,ESP32_ROOM_1,30.2,46.0,-,0,Security Event,0,Low,Continue monitoring and maintain secure sensor authentication,Valid ESP32 HMAC Reading,Valid ESP32 HMAC Reading,200
2026-08-14 12:31:31,Real ESP32 Room Sensor,temperature_humidity_sensor,Demo Room,30.2,46.0,Critical,0,Normal Pattern,100,High,Critical Cold-Storage Failure,Critical Cold-Storage Failure
2026-08-14 12:31:33,ESP32_ROOM_1,ESP32,External,ESP32_ROOM_1,30.2,46.0,-,0,Security Event,0,Low,Continue monitoring and maintain secure sensor authentication,Valid ESP32 HMAC Reading,Valid ESP32 HMAC Reading,200
2026-08-14 12:31:34,Real ESP32 Room Sensor,temperature_humidity_sensor,Demo Room,30.2,46.0,Critical,0,Normal Pattern,100,High,Critical Cold-Storage Failure,Critical Cold-Storage Failure
2026-08-14 12:31:36,ESP32_ROOM_1,ESP32,External,ESP32_ROOM_1,30.2,46.0,-,0,Security Event,0,Low,Continue monitoring and maintain secure sensor authentication,Valid ESP32 HMAC Reading,Valid ESP32 HMAC Reading,200
2026-08-14 12:31:36,Real ESP32 Room Sensor,temperature_humidity_sensor,Demo Room,30.2,46.0,Critical,0,Normal Pattern,100,High,Critical Cold-Storage Failure,Critical Cold-Storage Failure
2026-08-14 12:31:38,ESP32_ROOM_1,ESP32,External,ESP32_ROOM_1,30.2,46.0,-,0,Security Event,0,Low,Continue monitoring and maintain secure sensor authentication,Valid ESP32 HMAC Reading,Valid ESP32 HMAC Reading,200
2026-08-14 12:31:38,Real ESP32 Room Sensor,temperature_humidity_sensor,Demo Room,30.2,46.0,Critical,0,Normal Pattern,100,High,Critical Cold-Storage Failure,Critical Cold-Storage Failure
2026-08-14 12:31:41,ESP32_ROOM_1,ESP32,External,ESP32_ROOM_1,30.2,46.0,-,0,Security Event,0,Low,Continue monitoring and maintain secure sensor authentication,Valid ESP32 HMAC Reading,Valid ESP32 HMAC Reading,200
2026-08-14 12:31:41,Real ESP32 Room Sensor,temperature_humidity_sensor,Demo Room,30.2,46.0,Critical,0,Normal Pattern,100,High,Critical Cold-Storage Failure,Critical Cold-Storage Failure
2026-08-14 12:31:43,ESP32_ROOM_1,ESP32,External,ESP32_ROOM_1,30.2,46.0,-,0,Security Event,0,Low,Continue monitoring and maintain secure sensor authentication,Valid ESP32 HMAC Reading,Valid ESP32 HMAC Reading,200
2026-08-14 12:31:43,Real ESP32 Room Sensor,temperature_humidity_sensor,Demo Room,30.2,46.0,Critical,0,Normal Pattern,100,High,Critical Cold-Storage Failure,Critical Cold-Storage Failure
2026-08-14 12:31:45,ESP32_ROOM_1,ESP32,External,ESP32_ROOM_1,30.2,46.0,-,0,Security Event,0,Low,Continue monitoring and maintain secure sensor authentication,Valid ESP32 HMAC Reading,Valid ESP32 HMAC Reading,200
2026-08-14 12:31:45,Real ESP32 Room Sensor,temperature_humidity_sensor,Demo Room,30.2,46.0,Critical,0,Normal Pattern,100,High,Critical Cold-Storage Failure,Critical Cold-Storage Failure
2026-08-14 12:31:48,ESP32_ROOM_1,ESP32,External,ESP32_ROOM_1,30.2,46.0,-,0,Security Event,0,Low,Continue monitoring and maintain secure sensor authentication,Valid ESP32 HMAC Reading,Valid ESP32 HMAC Reading,200
2026-08-14 12:31:48,Real ESP32 Room Sensor,temperature_humidity_sensor,Demo Room,30.2,46.0,Critical,0,Normal Pattern,100,High,Critical Cold-Storage Failure,Critical Cold-Storage Failure
2026-08-14 12:31:50,ESP32_ROOM_1,ESP32,External,ESP32_ROOM_1,30.2,46.0,-,0,Security Event,0,Low,Continue monitoring and maintain secure sensor authentication,Valid ESP32 HMAC Reading,Valid ESP32 HMAC Reading,200
2026-08-14 12:31:50,Real ESP32 Room Sensor,temperature_humidity_sensor,Demo Room,30.2,46.0,Critical,0,Normal Pattern,100,High,Critical Cold-Storage Failure,Critical Cold-Storage Failure
2026-08-14 12:31:52,ESP32_ROOM_1,ESP32,External,ESP32_ROOM_1,30.2,46.0,-,0,Security Event,0,Low,Continue monitoring and maintain secure sensor authentication,Valid ESP32 HMAC Reading,Valid ESP32 HMAC Reading,200
2026-08-14 12:31:52,Real ESP32 Room Sensor,temperature_humidity_sensor,Demo Room,30.2,46.0,Critical,0,Normal Pattern,100,High,Critical Cold-Storage Failure,Critical Cold-Storage Failure
2026-08-14 12:31:55,ESP32_ROOM_1,ESP32,External,ESP32_ROOM_1,30.2,46.0,-,0,Security Event,0,Low,Continue monitoring and maintain secure sensor authentication,Valid ESP32 HMAC Reading,Valid ESP32 HMAC Reading,200
2026-08-14 12:31:55,Real ESP32 Room Sensor,temperature_humidity_sensor,Demo Room,30.2,46.0,Critical,0,Normal Pattern,100,High,Critical Cold-Storage Failure,Critical Cold-Storage Failure
2026-08-14 12:31:57,ESP32_ROOM_1,ESP32,External,ESP32_ROOM_1,30.2,46.0,-,0,Security Event,0,Low,Continue monitoring and maintain secure sensor authentication,Valid ESP32 HMAC Reading,Valid ESP32 HMAC Reading,200
2026-08-14 12:31:57,Real ESP32 Room Sensor,temperature_humidity_sensor,Demo Room,30.2,46.0,Critical,0,Normal Pattern,100,High,Critical Cold-Storage Failure,Critical Cold-Storage Failure
2026-08-14 12:32:00,ESP32_ROOM_1,ESP32,External,ESP32_ROOM_1,30.2,46.0,-,0,Security Event,0,Low,Continue monitoring and maintain secure sensor authentication,Valid ESP32 HMAC Reading,Valid ESP32 HMAC Reading,200
2026-08-14 12:32:00,Real ESP32 Room Sensor,temperature_humidity_sensor,Demo Room,30.2,46.0,Critical,0,Normal Pattern,100,High,Critical Cold-Storage Failure,Critical Cold-Storage Failure
2026-08-14 12:32:02,ESP32_ROOM_1,ESP32,External,ESP32_ROOM_1,30.2,46.0,-,0,Security Event,0,Low,Continue monitoring and maintain secure sensor authentication,Valid ESP32 HMAC Reading,Valid ESP32 HMAC Reading,200
2026-08-14 12:32:02,Real ESP32 Room Sensor,temperature_humidity_sensor,Demo Room,30.2,46.0,Critical,0,Normal Pattern,100,High,Critical Cold-Storage Failure,Critical Cold-Storage Failure
2026-08-14 12:32:04,ESP32_ROOM_1,ESP32,External,ESP32_ROOM_1,30.2,46.0,-,0,Security Event,0,Low,Continue monitoring and maintain secure sensor authentication,Valid ESP32 HMAC Reading,Valid ESP32 HMAC Reading,200
2026-08-14 12:32:04,Real ESP32 Room Sensor,temperature_humidity_sensor,Demo Room,30.2,46.0,Critical,0,Normal Pattern,100,High,Critical Cold-Storage Failure,Critical Cold-Storage Failure
2026-08-14 12:32:07,ESP32_ROOM_1,ESP32,External,ESP32_ROOM_1,30.2,46.0,-,0,Security Event,0,Low,Continue monitoring and maintain secure sensor authentication,Valid ESP32 HMAC Reading,Valid ESP32 HMAC Reading,200
2026-08-14 12:32:07,Real ESP32 Room Sensor,temperature_humidity_sensor,Demo Room,30.2,46.0,Critical,0,Normal Pattern,100,High,Critical Cold-Storage Failure,Critical Cold-Storage Failure
2026-08-14 12:32:09,ESP32_ROOM_1,ESP32,External,ESP32_ROOM_1,30.2,46.0,-,0,Security Event,0,Low,Continue monitoring and maintain secure sensor authentication,Valid ESP32 HMAC Reading,Valid ESP32 HMAC Reading,200
2026-08-14 12:32:09,Real ESP32 Room Sensor,temperature_humidity_sensor,Demo Room,30.2,46.0,Critical,0,Normal Pattern,100,High,Critical Cold-Storage Failure,Critical Cold-Storage Failure
2026-08-14 12:32:12,ESP32_ROOM_1,ESP32,External,ESP32_ROOM_1,30.2,46.0,-,0,Security Event,0,Low,Continue monitoring and maintain secure sensor authentication,Valid ESP32 HMAC Reading,Valid ESP32 HMAC Reading,200
2026-08-14 12:32:12,Real ESP32 Room Sensor,temperature_humidity_sensor,Demo Room,30.2,46.0,Critical,0,Normal Pattern,100,High,Critical Cold-Storage Failure,Critical Cold-Storage Failure
2026-08-14 12:32:14,ESP32_ROOM_1,ESP32,External,ESP32_ROOM_1,30.2,46.0,-,0,Security Event,0,Low,Continue monitoring and maintain secure sensor authentication,Valid ESP32 HMAC Reading,Valid ESP32 HMAC Reading,200
2026-08-14 12:32:14,Real ESP32 Room Sensor,temperature_humidity_sensor,Demo Room,30.2,46.0,Critical,0,Normal Pattern,100,High,Critical Cold-Storage Failure,Critical Cold-Storage Failure
2026-08-14 12:32:16,ESP32_ROOM_1,ESP32,External,ESP32_ROOM_1,30.2,46.0,-,0,Security Event,0,Low,Continue monitoring and maintain secure sensor authentication,Valid ESP32 HMAC Reading,Valid ESP32 HMAC Reading,200
2026-08-14 12:32:16,Real ESP32 Room Sensor,temperature_humidity_sensor,Demo Room,30.2,46.0,Critical,0,Normal Pattern,100,High,Critical Cold-Storage Failure,Critical Cold-Storage Failure
2026-08-14 12:32:19,ESP32_ROOM_1,ESP32,External,ESP32_ROOM_1,30.2,46.0,-,0,Security Event,0,Low,Continue monitoring and maintain secure sensor authentication,Valid ESP32 HMAC Reading,Valid ESP32 HMAC Reading,200
2026-08-14 12:32:19,Real ESP32 Room Sensor,temperature_humidity_sensor,Demo Room,30.2,46.0,Critical,0,Normal Pattern,100,High,Critical Cold-Storage Failure,Critical Cold-Storage Failure
2026-08-14 12:32:21,ESP32_ROOM_1,ESP32,External,ESP32_ROOM_1,30.2,46.0,-,0,Security Event,0,Low,Continue monitoring and maintain secure sensor authentication,Valid ESP32 HMAC Reading,Valid ESP32 HMAC Reading,200
2026-08-14 12:32:21,Real ESP32 Room Sensor,temperature_humidity_sensor,Demo Room,30.2,46.0,Critical,0,Normal Pattern,100,High,Critical Cold-Storage Failure,Critical Cold-Storage Failure
2026-08-14 12:32:24,ESP32_ROOM_1,ESP32,External,ESP32_ROOM_1,30.2,46.0,-,0,Security Event,0,Low,Continue monitoring and maintain secure sensor authentication,Valid ESP32 HMAC Reading,Valid ESP32 HMAC Reading,200
2026-08-14 12:32:24,Real ESP32 Room Sensor,temperature_humidity_sensor,Demo Room,30.2,46.0,Critical,0,Normal Pattern,100,High,Critical Cold-Storage Failure,Critical Cold-Storage Failure
2026-08-14 12:32:26,ESP32_ROOM_1,ESP32,External,ESP32_ROOM_1,30.2,46.0,-,0,Security Event,0,Low,Continue monitoring and maintain secure sensor authentication,Valid ESP32 HMAC Reading,Valid ESP32 HMAC Reading,200
2026-08-14 12:32:26,Real ESP32 Room Sensor,temperature_humidity_sensor,Demo Room,30.2,46.0,Critical,0,Normal Pattern,100,High,Critical Cold-Storage Failure,Critical Cold-Storage Failure
2026-08-14 12:32:28,ESP32_ROOM_1,ESP32,External,ESP32_ROOM_1,30.2,46.0,-,0,Security Event,0,Low,Continue monitoring and maintain secure sensor authentication,Valid ESP32 HMAC Reading,Valid ESP32 HMAC Reading,200
2026-08-14 12:32:28,Real ESP32 Room Sensor,temperature_humidity_sensor,Demo Room,30.2,46.0,Critical,0,Normal Pattern,100,High,Critical Cold-Storage Failure,Critical Cold-Storage Failure
2026-08-14 12:32:30,ESP32_ROOM_1,ESP32,External,ESP32_ROOM_1,30.2,46.0,-,0,Security Event,0,Low,Continue monitoring and maintain secure sensor authentication,Valid ESP32 HMAC Reading,Valid ESP32 HMAC Reading,200
2026-08-14 12:32:31,Real ESP32 Room Sensor,temperature_humidity_sensor,Demo Room,30.2,46.0,Critical,0,Normal Pattern,100,High,Critical Cold-Storage Failure,Critical Cold-Storage Failure
2026-08-14 12:32:33,ESP32_ROOM_1,ESP32,External,ESP32_ROOM_1,30.2,46.0,-,0,Security Event,0,Low,Continue monitoring and maintain secure sensor authentication,Valid ESP32 HMAC Reading,Valid ESP32 HMAC Reading,200
2026-08-14 12:32:33,Real ESP32 Room Sensor,temperature_humidity_sensor,Demo Room,30.2,46.0,Critical,0,Normal Pattern,100,High,Critical Cold-Storage Failure,Critical Cold-Storage Failure
2026-08-14 12:32:35,ESP32_ROOM_1,ESP32,External,ESP32_ROOM_1,30.2,46.0,-,0,Security Event,0,Low,Continue monitoring and maintain secure sensor authentication,Valid ESP32 HMAC Reading,Valid ESP32 HMAC Reading,200
2026-08-14 12:32:35,Real ESP32 Room Sensor,temperature_humidity_sensor,Demo Room,30.2,46.0,Critical,0,Normal Pattern,100,High,Critical Cold-Storage Failure,Critical Cold-Storage Failure
2026-08-14 12:32:37,ESP32_ROOM_1,ESP32,External,ESP32_ROOM_1,30.2,46.0,-,0,Security Event,0,Low,Continue monitoring and maintain secure sensor authentication,Valid ESP32 HMAC Reading,Valid ESP32 HMAC Reading,200
2026-08-14 12:32:37,Real ESP32 Room Sensor,temperature_humidity_sensor,Demo Room,30.2,46.0,Critical,0,Normal Pattern,100,High,Critical Cold-Storage Failure,Critical Cold-Storage Failure
2026-08-14 12:32:40,ESP32_ROOM_1,ESP32,External,ESP32_ROOM_1,30.2,46.0,-,0,Security Event,0,Low,Continue monitoring and maintain secure sensor authentication,Valid ESP32 HMAC Reading,Valid ESP32 HMAC Reading,200
2026-08-14 12:32:40,Real ESP32 Room Sensor,temperature_humidity_sensor,Demo Room,30.2,46.0,Critical,0,Normal Pattern,100,High,Critical Cold-Storage Failure,Critical Cold-Storage Failure
2026-08-14 12:32:42,ESP32_ROOM_1,ESP32,External,ESP32_ROOM_1,30.2,46.0,-,0,Security Event,0,Low,Continue monitoring and maintain secure sensor authentication,Valid ESP32 HMAC Reading,Valid ESP32 HMAC Reading,200
2026-08-14 12:32:42,Real ESP32 Room Sensor,temperature_humidity_sensor,Demo Room,30.2,46.0,Critical,0,Normal Pattern,100,High,Critical Cold-Storage Failure,Critical Cold-Storage Failure
2026-08-14 12:32:44,ESP32_ROOM_1,ESP32,External,ESP32_ROOM_1,30.2,45.0,-,0,Security Event,0,Low,Continue monitoring and maintain secure sensor authentication,Valid ESP32 HMAC Reading,Valid ESP32 HMAC Reading,200
2026-08-14 12:32:45,Real ESP32 Room Sensor,temperature_humidity_sensor,Demo Room,30.2,45.0,Critical,0,Normal Pattern,100,High,Critical Cold-Storage Failure,Critical Cold-Storage Failure
2026-08-14 12:32:47,ESP32_ROOM_1,ESP32,External,ESP32_ROOM_1,30.2,46.0,-,0,Security Event,0,Low,Continue monitoring and maintain secure sensor authentication,Valid ESP32 HMAC Reading,Valid ESP32 HMAC Reading,200
2026-08-14 12:32:47,Real ESP32 Room Sensor,temperature_humidity_sensor,Demo Room,30.2,46.0,Critical,0,Normal Pattern,100,High,Critical Cold-Storage Failure,Critical Cold-Storage Failure
2026-08-14 12:32:49,ESP32_ROOM_1,ESP32,External,ESP32_ROOM_1,30.2,46.0,-,0,Security Event,0,Low,Continue monitoring and maintain secure sensor authentication,Valid ESP32 HMAC Reading,Valid ESP32 HMAC Reading,200
2026-08-14 12:32:49,Real ESP32 Room Sensor,temperature_humidity_sensor,Demo Room,30.2,46.0,Critical,0,Normal Pattern,100,High,Critical Cold-Storage Failure,Critical Cold-Storage Failure
2026-08-14 12:32:51,ESP32_ROOM_1,ESP32,External,ESP32_ROOM_1,30.2,46.0,-,0,Security Event,0,Low,Continue monitoring and maintain secure sensor authentication,Valid ESP32 HMAC Reading,Valid ESP32 HMAC Reading,200
2026-08-14 12:32:51,Real ESP32 Room Sensor,temperature_humidity_sensor,Demo Room,30.2,46.0,Critical,0,Normal Pattern,100,High,Critical Cold-Storage Failure,Critical Cold-Storage Failure
2026-08-14 12:32:54,ESP32_ROOM_1,ESP32,External,ESP32_ROOM_1,30.2,46.0,-,0,Security Event,0,Low,Continue monitoring and maintain secure sensor authentication,Valid ESP32 HMAC Reading,Valid ESP32 HMAC Reading,200
2026-08-14 12:32:54,Real ESP32 Room Sensor,temperature_humidity_sensor,Demo Room,30.2,46.0,Critical,0,Normal Pattern,100,High,Critical Cold-Storage Failure,Critical Cold-Storage Failure
2026-08-14 12:32:56,ESP32_ROOM_1,ESP32,External,ESP32_ROOM_1,30.2,46.0,-,0,Security Event,0,Low,Continue monitoring and maintain secure sensor authentication,Valid ESP32 HMAC Reading,Valid ESP32 HMAC Reading,200
2026-08-14 12:32:56,Real ESP32 Room Sensor,temperature_humidity_sensor,Demo Room,30.2,46.0,Critical,0,Normal Pattern,100,High,Critical Cold-Storage Failure,Critical Cold-Storage Failure
2026-08-14 12:32:58,ESP32_ROOM_1,ESP32,External,ESP32_ROOM_1,30.2,46.0,-,0,Security Event,0,Low,Continue monitoring and maintain secure sensor authentication,Valid ESP32 HMAC Reading,Valid ESP32 HMAC Reading,200
2026-08-14 12:32:58,Real ESP32 Room Sensor,temperature_humidity_sensor,Demo Room,30.2,46.0,Critical,0,Normal Pattern,100,High,Critical Cold-Storage Failure,Critical Cold-Storage Failure
2026-08-14 12:33:01,ESP32_ROOM_1,ESP32,External,ESP32_ROOM_1,30.2,46.0,-,0,Security Event,0,Low,Continue monitoring and maintain secure sensor authentication,Valid ESP32 HMAC Reading,Valid ESP32 HMAC Reading,200
2026-08-14 12:33:01,Real ESP32 Room Sensor,temperature_humidity_sensor,Demo Room,30.2,46.0,Critical,0,Normal Pattern,100,High,Critical Cold-Storage Failure,Critical Cold-Storage Failure
2026-08-14 12:33:03,ESP32_ROOM_1,ESP32,External,ESP32_ROOM_1,30.2,46.0,-,0,Security Event,0,Low,Continue monitoring and maintain secure sensor authentication,Valid ESP32 HMAC Reading,Valid ESP32 HMAC Reading,200
2026-08-14 12:33:03,Real ESP32 Room Sensor,temperature_humidity_sensor,Demo Room,30.2,46.0,Critical,0,Normal Pattern,100,High,Critical Cold-Storage Failure,Critical Cold-Storage Failure
2026-08-14 12:33:05,ESP32_ROOM_1,ESP32,External,ESP32_ROOM_1,30.2,46.0,-,0,Security Event,0,Low,Continue monitoring and maintain secure sensor authentication,Valid ESP32 HMAC Reading,Valid ESP32 HMAC Reading,200
2026-08-14 12:33:06,Real ESP32 Room Sensor,temperature_humidity_sensor,Demo Room,30.2,46.0,Critical,0,Normal Pattern,100,High,Critical Cold-Storage Failure,Critical Cold-Storage Failure
2026-08-14 12:33:08,ESP32_ROOM_1,ESP32,External,ESP32_ROOM_1,30.2,45.0,-,0,Security Event,0,Low,Continue monitoring and maintain secure sensor authentication,Valid ESP32 HMAC Reading,Valid ESP32 HMAC Reading,200
2026-08-14 12:33:08,Real ESP32 Room Sensor,temperature_humidity_sensor,Demo Room,30.2,45.0,Critical,0,Normal Pattern,100,High,Critical Cold-Storage Failure,Critical Cold-Storage Failure
2026-08-14 12:33:10,ESP32_ROOM_1,ESP32,External,ESP32_ROOM_1,30.2,45.0,-,0,Security Event,0,Low,Continue monitoring and maintain secure sensor authentication,Valid ESP32 HMAC Reading,Valid ESP32 HMAC Reading,200
2026-08-14 12:33:10,Real ESP32 Room Sensor,temperature_humidity_sensor,Demo Room,30.2,45.0,Critical,0,Normal Pattern,100,High,Critical Cold-Storage Failure,Critical Cold-Storage Failure
2026-08-14 12:33:13,ESP32_ROOM_1,ESP32,External,ESP32_ROOM_1,30.2,46.0,-,0,Security Event,0,Low,Continue monitoring and maintain secure sensor authentication,Valid ESP32 HMAC Reading,Valid ESP32 HMAC Reading,200
2026-08-14 12:33:13,Real ESP32 Room Sensor,temperature_humidity_sensor,Demo Room,30.2,46.0,Critical,0,Normal Pattern,100,High,Critical Cold-Storage Failure,Critical Cold-Storage Failure
2026-08-14 12:33:15,ESP32_ROOM_1,ESP32,External,ESP32_ROOM_1,30.2,46.0,-,0,Security Event,0,Low,Continue monitoring and maintain secure sensor authentication,Valid ESP32 HMAC Reading,Valid ESP32 HMAC Reading,200
2026-08-14 12:33:15,Real ESP32 Room Sensor,temperature_humidity_sensor,Demo Room,30.2,46.0,Critical,0,Normal Pattern,100,High,Critical Cold-Storage Failure,Critical Cold-Storage Failure
2026-08-14 12:33:17,ESP32_ROOM_1,ESP32,External,ESP32_ROOM_1,30.2,45.0,-,0,Security Event,0,Low,Continue monitoring and maintain secure sensor authentication,Valid ESP32 HMAC Reading,Valid ESP32 HMAC Reading,200
2026-08-14 12:33:17,Real ESP32 Room Sensor,temperature_humidity_sensor,Demo Room,30.2,45.0,Critical,0,Normal Pattern,100,High,Critical Cold-Storage Failure,Critical Cold-Storage Failure
2026-08-14 12:33:20,ESP32_ROOM_1,ESP32,External,ESP32_ROOM_1,30.2,46.0,-,0,Security Event,0,Low,Continue monitoring and maintain secure sensor authentication,Valid ESP32 HMAC Reading,Valid ESP32 HMAC Reading,200
2026-08-14 12:33:20,Real ESP32 Room Sensor,temperature_humidity_sensor,Demo Room,30.2,46.0,Critical,0,Normal Pattern,100,High,Critical Cold-Storage Failure,Critical Cold-Storage Failure
2026-08-14 12:33:22,ESP32_ROOM_1,ESP32,External,ESP32_ROOM_1,30.2,46.0,-,0,Security Event,0,Low,Continue monitoring and maintain secure sensor authentication,Valid ESP32 HMAC Reading,Valid ESP32 HMAC Reading,200
2026-08-14 12:33:22,Real ESP32 Room Sensor,temperature_humidity_sensor,Demo Room,30.2,46.0,Critical,0,Normal Pattern,100,High,Critical Cold-Storage Failure,Critical Cold-Storage Failure
2026-08-14 12:33:24,ESP32_ROOM_1,ESP32,External,ESP32_ROOM_1,30.2,46.0,-,0,Security Event,0,Low,Continue monitoring and maintain secure sensor authentication,Valid ESP32 HMAC Reading,Valid ESP32 HMAC Reading,200
2026-08-14 12:33:24,Real ESP32 Room Sensor,temperature_humidity_sensor,Demo Room,30.2,46.0,Critical,0,Normal Pattern,100,High,Critical Cold-Storage Failure,Critical Cold-Storage Failure
2026-08-14 12:33:26,ESP32_ROOM_1,ESP32,External,ESP32_ROOM_1,30.2,46.0,-,0,Security Event,0,Low,Continue monitoring and maintain secure sensor authentication,Valid ESP32 HMAC Reading,Valid ESP32 HMAC Reading,200
2026-08-14 12:33:26,Real ESP32 Room Sensor,temperature_humidity_sensor,Demo Room,30.2,46.0,Critical,0,Normal Pattern,100,High,Critical Cold-Storage Failure,Critical Cold-Storage Failure
2026-08-14 12:33:29,ESP32_ROOM_1,ESP32,External,ESP32_ROOM_1,30.2,46.0,-,0,Security Event,0,Low,Continue monitoring and maintain secure sensor authentication,Valid ESP32 HMAC Reading,Valid ESP32 HMAC Reading,200
2026-08-14 12:33:29,Real ESP32 Room Sensor,temperature_humidity_sensor,Demo Room,30.2,46.0,Critical,0,Normal Pattern,100,High,Critical Cold-Storage Failure,Critical Cold-Storage Failure
2026-08-14 12:33:31,ESP32_ROOM_1,ESP32,External,ESP32_ROOM_1,30.2,45.0,-,0,Security Event,0,Low,Continue monitoring and maintain secure sensor authentication,Valid ESP32 HMAC Reading,Valid ESP32 HMAC Reading,200
2026-08-14 12:33:31,Real ESP32 Room Sensor,temperature_humidity_sensor,Demo Room,30.2,45.0,Critical,0,Normal Pattern,100,High,Critical Cold-Storage Failure,Critical Cold-Storage Failure
2026-08-14 12:33:33,ESP32_ROOM_1,ESP32,External,ESP32_ROOM_1,30.2,45.0,-,0,Security Event,0,Low,Continue monitoring and maintain secure sensor authentication,Valid ESP32 HMAC Reading,Valid ESP32 HMAC Reading,200
2026-08-14 12:33:33,Real ESP32 Room Sensor,temperature_humidity_sensor,Demo Room,30.2,45.0,Critical,0,Normal Pattern,100,High,Critical Cold-Storage Failure,Critical Cold-Storage Failure
2026-08-14 12:33:36,ESP32_ROOM_1,ESP32,External,ESP32_ROOM_1,30.2,45.0,-,0,Security Event,0,Low,Continue monitoring and maintain secure sensor authentication,Valid ESP32 HMAC Reading,Valid ESP32 HMAC Reading,200
2026-08-14 12:33:36,Real ESP32 Room Sensor,temperature_humidity_sensor,Demo Room,30.2,45.0,Critical,0,Normal Pattern,100,High,Critical Cold-Storage Failure,Critical Cold-Storage Failure
2026-08-14 12:33:38,ESP32_ROOM_1,ESP32,External,ESP32_ROOM_1,30.2,45.0,-,0,Security Event,0,Low,Continue monitoring and maintain secure sensor authentication,Valid ESP32 HMAC Reading,Valid ESP32 HMAC Reading,200
2026-08-14 12:33:38,Real ESP32 Room Sensor,temperature_humidity_sensor,Demo Room,30.2,45.0,Critical,0,Normal Pattern,100,High,Critical Cold-Storage Failure,Critical Cold-Storage Failure
2026-08-14 12:33:40,ESP32_ROOM_1,ESP32,External,ESP32_ROOM_1,30.2,45.0,-,0,Security Event,0,Low,Continue monitoring and maintain secure sensor authentication,Valid ESP32 HMAC Reading,Valid ESP32 HMAC Reading,200
2026-08-14 12:33:40,Real ESP32 Room Sensor,temperature_humidity_sensor,Demo Room,30.2,45.0,Critical,0,Normal Pattern,100,High,Critical Cold-Storage Failure,Critical Cold-Storage Failure
2026-08-14 12:33:43,ESP32_ROOM_1,ESP32,External,ESP32_ROOM_1,30.2,46.0,-,0,Security Event,0,Low,Continue monitoring and maintain secure sensor authentication,Valid ESP32 HMAC Reading,Valid ESP32 HMAC Reading,200
2026-08-14 12:33:43,Real ESP32 Room Sensor,temperature_humidity_sensor,Demo Room,30.2,46.0,Critical,0,Normal Pattern,100,High,Critical Cold-Storage Failure,Critical Cold-Storage Failure
2026-08-14 12:33:45,ESP32_ROOM_1,ESP32,External,ESP32_ROOM_1,30.2,46.0,-,0,Security Event,0,Low,Continue monitoring and maintain secure sensor authentication,Valid ESP32 HMAC Reading,Valid ESP32 HMAC Reading,200
2026-08-14 12:33:45,Real ESP32 Room Sensor,temperature_humidity_sensor,Demo Room,30.2,46.0,Critical,0,Normal Pattern,100,High,Critical Cold-Storage Failure,Critical Cold-Storage Failure
2026-08-14 12:33:47,ESP32_ROOM_1,ESP32,External,ESP32_ROOM_1,30.2,46.0,-,0,Security Event,0,Low,Continue monitoring and maintain secure sensor authentication,Valid ESP32 HMAC Reading,Valid ESP32 HMAC Reading,200
2026-08-14 12:33:47,Real ESP32 Room Sensor,temperature_humidity_sensor,Demo Room,30.2,46.0,Critical,0,Normal Pattern,100,High,Critical Cold-Storage Failure,Critical Cold-Storage Failure
2026-08-14 12:33:50,ESP32_ROOM_1,ESP32,External,ESP32_ROOM_1,30.2,46.0,-,0,Security Event,0,Low,Continue monitoring and maintain secure sensor authentication,Valid ESP32 HMAC Reading,Valid ESP32 HMAC Reading,200
2026-08-14 12:33:50,Real ESP32 Room Sensor,temperature_humidity_sensor,Demo Room,30.2,46.0,Critical,0,Normal Pattern,100,High,Critical Cold-Storage Failure,Critical Cold-Storage Failure
2026-08-14 12:33:52,ESP32_ROOM_1,ESP32,External,ESP32_ROOM_1,30.2,46.0,-,0,Security Event,0,Low,Continue monitoring and maintain secure sensor authentication,Valid ESP32 HMAC Reading,Valid ESP32 HMAC Reading,200
2026-08-14 12:33:52,Real ESP32 Room Sensor,temperature_humidity_sensor,Demo Room,30.2,46.0,Critical,0,Normal Pattern,100,High,Critical Cold-Storage Failure,Critical Cold-Storage Failure
2026-08-14 12:33:54,ESP32_ROOM_1,ESP32,External,ESP32_ROOM_1,30.2,46.0,-,0,Security Event,0,Low,Continue monitoring and maintain secure sensor authentication,Valid ESP32 HMAC Reading,Valid ESP32 HMAC Reading,200
2026-08-14 12:33:54,Real ESP32 Room Sensor,temperature_humidity_sensor,Demo Room,30.2,46.0,Critical,0,Normal Pattern,100,High,Critical Cold-Storage Failure,Critical Cold-Storage Failure
2026-08-14 12:33:57,ESP32_ROOM_1,ESP32,External,ESP32_ROOM_1,30.2,46.0,-,0,Security Event,0,Low,Continue monitoring and maintain secure sensor authentication,Valid ESP32 HMAC Reading,Valid ESP32 HMAC Reading,200
2026-08-14 12:33:57,Real ESP32 Room Sensor,temperature_humidity_sensor,Demo Room,30.2,46.0,Critical,0,Normal Pattern,100,High,Critical Cold-Storage Failure,Critical Cold-Storage Failure
2026-08-14 12:33:59,ESP32_ROOM_1,ESP32,External,ESP32_ROOM_1,30.2,46.0,-,0,Security Event,0,Low,Continue monitoring and maintain secure sensor authentication,Valid ESP32 HMAC Reading,Valid ESP32 HMAC Reading,200
2026-08-14 12:33:59,Real ESP32 Room Sensor,temperature_humidity_sensor,Demo Room,30.2,46.0,Critical,0,Normal Pattern,100,High,Critical Cold-Storage Failure,Critical Cold-Storage Failure
2026-08-14 12:34:01,ESP32_ROOM_1,ESP32,External,ESP32_ROOM_1,30.2,46.0,-,0,Security Event,0,Low,Continue monitoring and maintain secure sensor authentication,Valid ESP32 HMAC Reading,Valid ESP32 HMAC Reading,200
2026-08-14 12:34:01,Real ESP32 Room Sensor,temperature_humidity_sensor,Demo Room,30.2,46.0,Critical,0,Normal Pattern,100,High,Critical Cold-Storage Failure,Critical Cold-Storage Failure
2026-08-14 12:34:04,ESP32_ROOM_1,ESP32,External,ESP32_ROOM_1,30.2,46.0,-,0,Security Event,0,Low,Continue monitoring and maintain secure sensor authentication,Valid ESP32 HMAC Reading,Valid ESP32 HMAC Reading,200
2026-08-14 12:34:04,Real ESP32 Room Sensor,temperature_humidity_sensor,Demo Room,30.2,46.0,Critical,0,Normal Pattern,100,High,Critical Cold-Storage Failure,Critical Cold-Storage Failure
2026-08-14 12:34:06,ESP32_ROOM_1,ESP32,External,ESP32_ROOM_1,30.2,46.0,-,0,Security Event,0,Low,Continue monitoring and maintain secure sensor authentication,Valid ESP32 HMAC Reading,Valid ESP32 HMAC Reading,200
2026-08-14 12:34:06,Real ESP32 Room Sensor,temperature_humidity_sensor,Demo Room,30.2,46.0,Critical,0,Normal Pattern,100,High,Critical Cold-Storage Failure,Critical Cold-Storage Failure
2026-08-14 12:34:08,ESP32_ROOM_1,ESP32,External,ESP32_ROOM_1,30.2,46.0,-,0,Security Event,0,Low,Continue monitoring and maintain secure sensor authentication,Valid ESP32 HMAC Reading,Valid ESP32 HMAC Reading,200
2026-08-14 12:34:08,Real ESP32 Room Sensor,temperature_humidity_sensor,Demo Room,30.2,46.0,Critical,0,Normal Pattern,100,High,Critical Cold-Storage Failure,Critical Cold-Storage Failure
2026-08-14 12:34:11,ESP32_ROOM_1,ESP32,External,ESP32_ROOM_1,30.2,46.0,-,0,Security Event,0,Low,Continue monitoring and maintain secure sensor authentication,Valid ESP32 HMAC Reading,Valid ESP32 HMAC Reading,200
2026-08-14 12:34:11,Real ESP32 Room Sensor,temperature_humidity_sensor,Demo Room,30.2,46.0,Critical,0,Normal Pattern,100,High,Critical Cold-Storage Failure,Critical Cold-Storage Failure
2026-08-14 12:34:13,ESP32_ROOM_1,ESP32,External,ESP32_ROOM_1,30.2,46.0,-,0,Security Event,0,Low,Continue monitoring and maintain secure sensor authentication,Valid ESP32 HMAC Reading,Valid ESP32 HMAC Reading,200
2026-08-14 12:34:13,Real ESP32 Room Sensor,temperature_humidity_sensor,Demo Room,30.2,46.0,Critical,0,Normal Pattern,100,High,Critical Cold-Storage Failure,Critical Cold-Storage Failure
2026-08-14 12:34:15,ESP32_ROOM_1,ESP32,External,ESP32_ROOM_1,30.2,46.0,-,0,Security Event,0,Low,Continue monitoring and maintain secure sensor authentication,Valid ESP32 HMAC Reading,Valid ESP32 HMAC Reading,200
2026-08-14 12:34:15,Real ESP32 Room Sensor,temperature_humidity_sensor,Demo Room,30.2,46.0,Critical,0,Normal Pattern,100,High,Critical Cold-Storage Failure,Critical Cold-Storage Failure
2026-08-14 12:34:18,ESP32_ROOM_1,ESP32,External,ESP32_ROOM_1,30.2,46.0,-,0,Security Event,0,Low,Continue monitoring and maintain secure sensor authentication,Valid ESP32 HMAC Reading,Valid ESP32 HMAC Reading,200
2026-08-14 12:34:18,Real ESP32 Room Sensor,temperature_humidity_sensor,Demo Room,30.2,46.0,Critical,0,Normal Pattern,100,High,Critical Cold-Storage Failure,Critical Cold-Storage Failure
2026-08-14 12:34:20,ESP32_ROOM_1,ESP32,External,ESP32_ROOM_1,30.2,46.0,-,0,Security Event,0,Low,Continue monitoring and maintain secure sensor authentication,Valid ESP32 HMAC Reading,Valid ESP32 HMAC Reading,200
2026-08-14 12:34:20,Real ESP32 Room Sensor,temperature_humidity_sensor,Demo Room,30.2,46.0,Critical,0,Normal Pattern,100,High,Critical Cold-Storage Failure,Critical Cold-Storage Failure
2026-08-14 12:34:22,ESP32_ROOM_1,ESP32,External,ESP32_ROOM_1,30.2,46.0,-,0,Security Event,0,Low,Continue monitoring and maintain secure sensor authentication,Valid ESP32 HMAC Reading,Valid ESP32 HMAC Reading,200
2026-08-14 12:34:23,Real ESP32 Room Sensor,temperature_humidity_sensor,Demo Room,30.2,46.0,Critical,0,Normal Pattern,100,High,Critical Cold-Storage Failure,Critical Cold-Storage Failure
2026-08-14 12:34:25,ESP32_ROOM_1,ESP32,External,ESP32_ROOM_1,30.2,46.0,-,0,Security Event,0,Low,Continue monitoring and maintain secure sensor authentication,Valid ESP32 HMAC Reading,Valid ESP32 HMAC Reading,200
2026-08-14 12:34:25,Real ESP32 Room Sensor,temperature_humidity_sensor,Demo Room,30.2,46.0,Critical,0,Normal Pattern,100,High,Critical Cold-Storage Failure,Critical Cold-Storage Failure
2026-08-14 12:34:27,ESP32_ROOM_1,ESP32,External,ESP32_ROOM_1,30.2,46.0,-,0,Security Event,0,Low,Continue monitoring and maintain secure sensor authentication,Valid ESP32 HMAC Reading,Valid ESP32 HMAC Reading,200
2026-08-14 12:34:27,Real ESP32 Room Sensor,temperature_humidity_sensor,Demo Room,30.2,46.0,Critical,0,Normal Pattern,100,High,Critical Cold-Storage Failure,Critical Cold-Storage Failure
2026-08-14 12:34:29,ESP32_ROOM_1,ESP32,External,ESP32_ROOM_1,30.2,46.0,-,0,Security Event,0,Low,Continue monitoring and maintain secure sensor authentication,Valid ESP32 HMAC Reading,Valid ESP32 HMAC Reading,200
2026-08-14 12:34:29,Real ESP32 Room Sensor,temperature_humidity_sensor,Demo Room,30.2,46.0,Critical,0,Normal Pattern,100,High,Critical Cold-Storage Failure,Critical Cold-Storage Failure
2026-08-14 12:34:32,ESP32_ROOM_1,ESP32,External,ESP32_ROOM_1,30.2,46.0,-,0,Security Event,0,Low,Continue monitoring and maintain secure sensor authentication,Valid ESP32 HMAC Reading,Valid ESP32 HMAC Reading,200
2026-08-14 12:34:32,Real ESP32 Room Sensor,temperature_humidity_sensor,Demo Room,30.2,46.0,Critical,0,Normal Pattern,100,High,Critical Cold-Storage Failure,Critical Cold-Storage Failure
2026-08-14 12:34:34,ESP32_ROOM_1,ESP32,External,ESP32_ROOM_1,30.2,45.0,-,0,Security Event,0,Low,Continue monitoring and maintain secure sensor authentication,Valid ESP32 HMAC Reading,Valid ESP32 HMAC Reading,200
2026-08-14 12:34:34,Real ESP32 Room Sensor,temperature_humidity_sensor,Demo Room,30.2,45.0,Critical,0,Normal Pattern,100,High,Critical Cold-Storage Failure,Critical Cold-Storage Failure
2026-08-14 12:34:37,ESP32_ROOM_1,ESP32,External,ESP32_ROOM_1,30.2,46.0,-,0,Security Event,0,Low,Continue monitoring and maintain secure sensor authentication,Valid ESP32 HMAC Reading,Valid ESP32 HMAC Reading,200
2026-08-14 12:34:37,Real ESP32 Room Sensor,temperature_humidity_sensor,Demo Room,30.2,46.0,Critical,0,Normal Pattern,100,High,Critical Cold-Storage Failure,Critical Cold-Storage Failure
2026-08-14 12:34:39,ESP32_ROOM_1,ESP32,External,ESP32_ROOM_1,30.2,45.0,-,0,Security Event,0,Low,Continue monitoring and maintain secure sensor authentication,Valid ESP32 HMAC Reading,Valid ESP32 HMAC Reading,200
2026-08-14 12:34:39,Real ESP32 Room Sensor,temperature_humidity_sensor,Demo Room,30.2,45.0,Critical,0,Normal Pattern,100,High,Critical Cold-Storage Failure,Critical Cold-Storage Failure
2026-08-14 12:34:41,ESP32_ROOM_1,ESP32,External,ESP32_ROOM_1,30.2,45.0,-,0,Security Event,0,Low,Continue monitoring and maintain secure sensor authentication,Valid ESP32 HMAC Reading,Valid ESP32 HMAC Reading,200
2026-08-14 12:34:41,Real ESP32 Room Sensor,temperature_humidity_sensor,Demo Room,30.2,45.0,Critical,0,Normal Pattern,100,High,Critical Cold-Storage Failure,Critical Cold-Storage Failure
2026-08-14 12:34:44,ESP32_ROOM_1,ESP32,External,ESP32_ROOM_1,30.2,46.0,-,0,Security Event,0,Low,Continue monitoring and maintain secure sensor authentication,Valid ESP32 HMAC Reading,Valid ESP32 HMAC Reading,200
2026-08-14 12:34:44,Real ESP32 Room Sensor,temperature_humidity_sensor,Demo Room,30.2,46.0,Critical,0,Normal Pattern,100,High,Critical Cold-Storage Failure,Critical Cold-Storage Failure
2026-08-14 12:34:46,ESP32_ROOM_1,ESP32,External,ESP32_ROOM_1,30.2,46.0,-,0,Security Event,0,Low,Continue monitoring and maintain secure sensor authentication,Valid ESP32 HMAC Reading,Valid ESP32 HMAC Reading,200
2026-08-14 12:34:46,Real ESP32 Room Sensor,temperature_humidity_sensor,Demo Room,30.2,46.0,Critical,0,Normal Pattern,100,High,Critical Cold-Storage Failure,Critical Cold-Storage Failure
2026-08-14 12:34:49,ESP32_ROOM_1,ESP32,External,ESP32_ROOM_1,30.2,46.0,-,0,Security Event,0,Low,Continue monitoring and maintain secure sensor authentication,Valid ESP32 HMAC Reading,Valid ESP32 HMAC Reading,200
2026-08-14 12:34:49,Real ESP32 Room Sensor,temperature_humidity_sensor,Demo Room,30.2,46.0,Critical,0,Normal Pattern,100,High,Critical Cold-Storage Failure,Critical Cold-Storage Failure
2026-08-14 12:34:51,ESP32_ROOM_1,ESP32,External,ESP32_ROOM_1,30.2,46.0,-,0,Security Event,0,Low,Continue monitoring and maintain secure sensor authentication,Valid ESP32 HMAC Reading,Valid ESP32 HMAC Reading,200
2026-08-14 12:34:51,Real ESP32 Room Sensor,temperature_humidity_sensor,Demo Room,30.2,46.0,Critical,0,Normal Pattern,100,High,Critical Cold-Storage Failure,Critical Cold-Storage Failure
2026-08-14 12:34:54,ESP32_ROOM_1,ESP32,External,ESP32_ROOM_1,30.2,45.0,-,0,Security Event,0,Low,Continue monitoring and maintain secure sensor authentication,Valid ESP32 HMAC Reading,Valid ESP32 HMAC Reading,200
2026-08-14 12:34:54,Real ESP32 Room Sensor,temperature_humidity_sensor,Demo Room,30.2,45.0,Critical,0,Normal Pattern,100,High,Critical Cold-Storage Failure,Critical Cold-Storage Failure
2026-08-14 12:34:59,ESP32_ROOM_1,ESP32,External,ESP32_ROOM_1,30.2,45.0,-,0,Security Event,0,Low,Continue monitoring and maintain secure sensor authentication,Valid ESP32 HMAC Reading,Valid ESP32 HMAC Reading,200
2026-08-14 12:34:59,Real ESP32 Room Sensor,temperature_humidity_sensor,Demo Room,30.2,45.0,Critical,0,Normal Pattern,100,High,Critical Cold-Storage Failure,Critical Cold-Storage Failure
2026-08-14 12:35:01,ESP32_ROOM_1,ESP32,External,ESP32_ROOM_1,30.2,45.0,-,0,Security Event,0,Low,Continue monitoring and maintain secure sensor authentication,Valid ESP32 HMAC Reading,Valid ESP32 HMAC Reading,200
2026-08-14 12:35:01,Real ESP32 Room Sensor,temperature_humidity_sensor,Demo Room,30.2,45.0,Critical,0,Normal Pattern,100,High,Critical Cold-Storage Failure,Critical Cold-Storage Failure
2026-08-14 12:35:04,ESP32_ROOM_1,ESP32,External,ESP32_ROOM_1,30.2,45.0,-,0,Security Event,0,Low,Continue monitoring and maintain secure sensor authentication,Valid ESP32 HMAC Reading,Valid ESP32 HMAC Reading,200
2026-08-14 12:35:04,Real ESP32 Room Sensor,temperature_humidity_sensor,Demo Room,30.2,45.0,Critical,0,Normal Pattern,100,High,Critical Cold-Storage Failure,Critical Cold-Storage Failure
2026-08-14 12:35:06,ESP32_ROOM_1,ESP32,External,ESP32_ROOM_1,30.2,45.0,-,0,Security Event,0,Low,Continue monitoring and maintain secure sensor authentication,Valid ESP32 HMAC Reading,Valid ESP32 HMAC Reading,200
2026-08-14 12:35:06,Real ESP32 Room Sensor,temperature_humidity_sensor,Demo Room,30.2,45.0,Critical,0,Normal Pattern,100,High,Critical Cold-Storage Failure,Critical Cold-Storage Failure
2026-08-14 12:35:08,ESP32_ROOM_1,ESP32,External,ESP32_ROOM_1,30.2,45.0,-,0,Security Event,0,Low,Continue monitoring and maintain secure sensor authentication,Valid ESP32 HMAC Reading,Valid ESP32 HMAC Reading,200
2026-08-14 12:35:08,Real ESP32 Room Sensor,temperature_humidity_sensor,Demo Room,30.2,45.0,Critical,0,Normal Pattern,100,High,Critical Cold-Storage Failure,Critical Cold-Storage Failure
2026-08-14 12:35:11,ESP32_ROOM_1,ESP32,External,ESP32_ROOM_1,30.2,45.0,-,0,Security Event,0,Low,Continue monitoring and maintain secure sensor authentication,Valid ESP32 HMAC Reading,Valid ESP32 HMAC Reading,200
2026-08-14 12:35:11,Real ESP32 Room Sensor,temperature_humidity_sensor,Demo Room,30.2,45.0,Critical,0,Normal Pattern,100,High,Critical Cold-Storage Failure,Critical Cold-Storage Failure
2026-08-14 12:35:13,ESP32_ROOM_1,ESP32,External,ESP32_ROOM_1,30.2,45.0,-,0,Security Event,0,Low,Continue monitoring and maintain secure sensor authentication,Valid ESP32 HMAC Reading,Valid ESP32 HMAC Reading,200
2026-08-14 12:35:13,Real ESP32 Room Sensor,temperature_humidity_sensor,Demo Room,30.2,45.0,Critical,0,Normal Pattern,100,High,Critical Cold-Storage Failure,Critical Cold-Storage Failure
2026-08-14 12:35:15,ESP32_ROOM_1,ESP32,External,ESP32_ROOM_1,30.2,45.0,-,0,Security Event,0,Low,Continue monitoring and maintain secure sensor authentication,Valid ESP32 HMAC Reading,Valid ESP32 HMAC Reading,200
2026-08-14 12:35:15,Real ESP32 Room Sensor,temperature_humidity_sensor,Demo Room,30.2,45.0,Critical,0,Normal Pattern,100,High,Critical Cold-Storage Failure,Critical Cold-Storage Failure
2026-08-14 12:35:18,ESP32_ROOM_1,ESP32,External,ESP32_ROOM_1,30.2,45.0,-,0,Security Event,0,Low,Continue monitoring and maintain secure sensor authentication,Valid ESP32 HMAC Reading,Valid ESP32 HMAC Reading,200
2026-08-14 12:35:18,Real ESP32 Room Sensor,temperature_humidity_sensor,Demo Room,30.2,45.0,Critical,0,Normal Pattern,100,High,Critical Cold-Storage Failure,Critical Cold-Storage Failure
2026-08-14 12:35:23,ESP32_ROOM_1,ESP32,External,ESP32_ROOM_1,30.2,45.0,-,0,Security Event,0,Low,Continue monitoring and maintain secure sensor authentication,Valid ESP32 HMAC Reading,Valid ESP32 HMAC Reading,200
2026-08-14 12:35:23,Real ESP32 Room Sensor,temperature_humidity_sensor,Demo Room,30.2,45.0,Critical,0,Normal Pattern,100,High,Critical Cold-Storage Failure,Critical Cold-Storage Failure
2026-08-14 12:35:25,ESP32_ROOM_1,ESP32,External,ESP32_ROOM_1,30.2,45.0,-,0,Security Event,0,Low,Continue monitoring and maintain secure sensor authentication,Valid ESP32 HMAC Reading,Valid ESP32 HMAC Reading,200
2026-08-14 12:35:25,Real ESP32 Room Sensor,temperature_humidity_sensor,Demo Room,30.2,45.0,Critical,0,Normal Pattern,100,High,Critical Cold-Storage Failure,Critical Cold-Storage Failure
2026-08-14 12:35:27,ESP32_ROOM_1,ESP32,External,ESP32_ROOM_1,30.2,45.0,-,0,Security Event,0,Low,Continue monitoring and maintain secure sensor authentication,Valid ESP32 HMAC Reading,Valid ESP32 HMAC Reading,200
2026-08-14 12:35:28,Real ESP32 Room Sensor,temperature_humidity_sensor,Demo Room,30.2,45.0,Critical,0,Normal Pattern,100,High,Critical Cold-Storage Failure,Critical Cold-Storage Failure
2026-08-14 12:35:30,ESP32_ROOM_1,ESP32,External,ESP32_ROOM_1,30.2,45.0,-,0,Security Event,0,Low,Continue monitoring and maintain secure sensor authentication,Valid ESP32 HMAC Reading,Valid ESP32 HMAC Reading,200
2026-08-14 12:35:30,Real ESP32 Room Sensor,temperature_humidity_sensor,Demo Room,30.2,45.0,Critical,0,Normal Pattern,100,High,Critical Cold-Storage Failure,Critical Cold-Storage Failure
2026-08-14 12:35:32,ESP32_ROOM_1,ESP32,External,ESP32_ROOM_1,30.2,45.0,-,0,Security Event,0,Low,Continue monitoring and maintain secure sensor authentication,Valid ESP32 HMAC Reading,Valid ESP32 HMAC Reading,200
2026-08-14 12:35:32,Real ESP32 Room Sensor,temperature_humidity_sensor,Demo Room,30.2,45.0,Critical,0,Normal Pattern,100,High,Critical Cold-Storage Failure,Critical Cold-Storage Failure
2026-08-14 12:35:35,ESP32_ROOM_1,ESP32,External,ESP32_ROOM_1,30.2,45.0,-,0,Security Event,0,Low,Continue monitoring and maintain secure sensor authentication,Valid ESP32 HMAC Reading,Valid ESP32 HMAC Reading,200
2026-08-14 12:35:35,Real ESP32 Room Sensor,temperature_humidity_sensor,Demo Room,30.2,45.0,Critical,0,Normal Pattern,100,High,Critical Cold-Storage Failure,Critical Cold-Storage Failure
2026-08-14 12:35:37,ESP32_ROOM_1,ESP32,External,ESP32_ROOM_1,30.2,45.0,-,0,Security Event,0,Low,Continue monitoring and maintain secure sensor authentication,Valid ESP32 HMAC Reading,Valid ESP32 HMAC Reading,200
2026-08-14 12:35:37,Real ESP32 Room Sensor,temperature_humidity_sensor,Demo Room,30.2,45.0,Critical,0,Normal Pattern,100,High,Critical Cold-Storage Failure,Critical Cold-Storage Failure
2026-08-14 12:35:39,ESP32_ROOM_1,ESP32,External,ESP32_ROOM_1,30.2,45.0,-,0,Security Event,0,Low,Continue monitoring and maintain secure sensor authentication,Valid ESP32 HMAC Reading,Valid ESP32 HMAC Reading,200
2026-08-14 12:35:39,Real ESP32 Room Sensor,temperature_humidity_sensor,Demo Room,30.2,45.0,Critical,0,Normal Pattern,100,High,Critical Cold-Storage Failure,Critical Cold-Storage Failure
2026-08-14 12:35:42,ESP32_ROOM_1,ESP32,External,ESP32_ROOM_1,30.2,45.0,-,0,Security Event,0,Low,Continue monitoring and maintain secure sensor authentication,Valid ESP32 HMAC Reading,Valid ESP32 HMAC Reading,200
2026-08-14 12:35:42,Real ESP32 Room Sensor,temperature_humidity_sensor,Demo Room,30.2,45.0,Critical,0,Normal Pattern,100,High,Critical Cold-Storage Failure,Critical Cold-Storage Failure
2026-08-14 12:35:44,ESP32_ROOM_1,ESP32,External,ESP32_ROOM_1,30.2,45.0,-,0,Security Event,0,Low,Continue monitoring and maintain secure sensor authentication,Valid ESP32 HMAC Reading,Valid ESP32 HMAC Reading,200
2026-08-14 12:35:44,Real ESP32 Room Sensor,temperature_humidity_sensor,Demo Room,30.2,45.0,Critical,0,Normal Pattern,100,High,Critical Cold-Storage Failure,Critical Cold-Storage Failure
2026-08-14 12:35:46,ESP32_ROOM_1,ESP32,External,ESP32_ROOM_1,30.2,45.0,-,0,Security Event,0,Low,Continue monitoring and maintain secure sensor authentication,Valid ESP32 HMAC Reading,Valid ESP32 HMAC Reading,200
2026-08-14 12:35:46,Real ESP32 Room Sensor,temperature_humidity_sensor,Demo Room,30.2,45.0,Critical,0,Normal Pattern,100,High,Critical Cold-Storage Failure,Critical Cold-Storage Failure
2026-08-14 12:35:49,ESP32_ROOM_1,ESP32,External,ESP32_ROOM_1,30.2,45.0,-,0,Security Event,0,Low,Continue monitoring and maintain secure sensor authentication,Valid ESP32 HMAC Reading,Valid ESP32 HMAC Reading,200
2026-08-14 12:35:49,Real ESP32 Room Sensor,temperature_humidity_sensor,Demo Room,30.2,45.0,Critical,0,Normal Pattern,100,High,Critical Cold-Storage Failure,Critical Cold-Storage Failure
2026-08-14 12:35:51,ESP32_ROOM_1,ESP32,External,ESP32_ROOM_1,30.2,45.0,-,0,Security Event,0,Low,Continue monitoring and maintain secure sensor authentication,Valid ESP32 HMAC Reading,Valid ESP32 HMAC Reading,200
2026-08-14 12:35:51,Real ESP32 Room Sensor,temperature_humidity_sensor,Demo Room,30.2,45.0,Critical,0,Normal Pattern,100,High,Critical Cold-Storage Failure,Critical Cold-Storage Failure
2026-08-14 12:35:53,ESP32_ROOM_1,ESP32,External,ESP32_ROOM_1,30.2,45.0,-,0,Security Event,0,Low,Continue monitoring and maintain secure sensor authentication,Valid ESP32 HMAC Reading,Valid ESP32 HMAC Reading,200
2026-08-14 12:35:53,Real ESP32 Room Sensor,temperature_humidity_sensor,Demo Room,30.2,45.0,Critical,0,Normal Pattern,100,High,Critical Cold-Storage Failure,Critical Cold-Storage Failure
2026-08-14 12:35:56,ESP32_ROOM_1,ESP32,External,ESP32_ROOM_1,30.2,45.0,-,0,Security Event,0,Low,Continue monitoring and maintain secure sensor authentication,Valid ESP32 HMAC Reading,Valid ESP32 HMAC Reading,200
2026-08-14 12:35:56,Real ESP32 Room Sensor,temperature_humidity_sensor,Demo Room,30.2,45.0,Critical,0,Normal Pattern,100,High,Critical Cold-Storage Failure,Critical Cold-Storage Failure
2026-08-14 12:35:58,ESP32_ROOM_1,ESP32,External,ESP32_ROOM_1,30.2,45.0,-,0,Security Event,0,Low,Continue monitoring and maintain secure sensor authentication,Valid ESP32 HMAC Reading,Valid ESP32 HMAC Reading,200
2026-08-14 12:35:58,Real ESP32 Room Sensor,temperature_humidity_sensor,Demo Room,30.2,45.0,Critical,0,Normal Pattern,100,High,Critical Cold-Storage Failure,Critical Cold-Storage Failure
2026-08-14 12:36:00,ESP32_ROOM_1,ESP32,External,ESP32_ROOM_1,30.2,45.0,-,0,Security Event,0,Low,Continue monitoring and maintain secure sensor authentication,Valid ESP32 HMAC Reading,Valid ESP32 HMAC Reading,200
2026-08-14 12:36:00,Real ESP32 Room Sensor,temperature_humidity_sensor,Demo Room,30.2,45.0,Critical,0,Normal Pattern,100,High,Critical Cold-Storage Failure,Critical Cold-Storage Failure
2026-08-14 12:36:03,ESP32_ROOM_1,ESP32,External,ESP32_ROOM_1,30.2,45.0,-,0,Security Event,0,Low,Continue monitoring and maintain secure sensor authentication,Valid ESP32 HMAC Reading,Valid ESP32 HMAC Reading,200
2026-08-14 12:36:03,Real ESP32 Room Sensor,temperature_humidity_sensor,Demo Room,30.2,45.0,Critical,0,Normal Pattern,100,High,Critical Cold-Storage Failure,Critical Cold-Storage Failure
2026-08-14 12:36:05,ESP32_ROOM_1,ESP32,External,ESP32_ROOM_1,30.2,45.0,-,0,Security Event,0,Low,Continue monitoring and maintain secure sensor authentication,Valid ESP32 HMAC Reading,Valid ESP32 HMAC Reading,200
2026-08-14 12:36:05,Real ESP32 Room Sensor,temperature_humidity_sensor,Demo Room,30.2,45.0,Critical,0,Normal Pattern,100,High,Critical Cold-Storage Failure,Critical Cold-Storage Failure
2026-08-14 12:36:07,ESP32_ROOM_1,ESP32,External,ESP32_ROOM_1,30.2,45.0,-,0,Security Event,0,Low,Continue monitoring and maintain secure sensor authentication,Valid ESP32 HMAC Reading,Valid ESP32 HMAC Reading,200
2026-08-14 12:36:07,Real ESP32 Room Sensor,temperature_humidity_sensor,Demo Room,30.2,45.0,Critical,0,Normal Pattern,100,High,Critical Cold-Storage Failure,Critical Cold-Storage Failure
2026-08-14 12:36:10,ESP32_ROOM_1,ESP32,External,ESP32_ROOM_1,30.2,45.0,-,0,Security Event,0,Low,Continue monitoring and maintain secure sensor authentication,Valid ESP32 HMAC Reading,Valid ESP32 HMAC Reading,200
2026-08-14 12:36:10,Real ESP32 Room Sensor,temperature_humidity_sensor,Demo Room,30.2,45.0,Critical,0,Normal Pattern,100,High,Critical Cold-Storage Failure,Critical Cold-Storage Failure
2026-08-14 12:36:12,ESP32_ROOM_1,ESP32,External,ESP32_ROOM_1,30.2,45.0,-,0,Security Event,0,Low,Continue monitoring and maintain secure sensor authentication,Valid ESP32 HMAC Reading,Valid ESP32 HMAC Reading,200
2026-08-14 12:36:12,Real ESP32 Room Sensor,temperature_humidity_sensor,Demo Room,30.2,45.0,Critical,0,Normal Pattern,100,High,Critical Cold-Storage Failure,Critical Cold-Storage Failure
2026-08-14 12:36:15,ESP32_ROOM_1,ESP32,External,ESP32_ROOM_1,30.2,45.0,-,0,Security Event,0,Low,Continue monitoring and maintain secure sensor authentication,Valid ESP32 HMAC Reading,Valid ESP32 HMAC Reading,200
2026-08-14 12:36:15,Real ESP32 Room Sensor,temperature_humidity_sensor,Demo Room,30.2,45.0,Critical,0,Normal Pattern,100,High,Critical Cold-Storage Failure,Critical Cold-Storage Failure
2026-08-14 12:36:17,ESP32_ROOM_1,ESP32,External,ESP32_ROOM_1,30.2,45.0,-,0,Security Event,0,Low,Continue monitoring and maintain secure sensor authentication,Valid ESP32 HMAC Reading,Valid ESP32 HMAC Reading,200
2026-08-14 12:36:17,Real ESP32 Room Sensor,temperature_humidity_sensor,Demo Room,30.2,45.0,Critical,0,Normal Pattern,100,High,Critical Cold-Storage Failure,Critical Cold-Storage Failure
2026-08-14 12:36:19,ESP32_ROOM_1,ESP32,External,ESP32_ROOM_1,30.2,45.0,-,0,Security Event,0,Low,Continue monitoring and maintain secure sensor authentication,Valid ESP32 HMAC Reading,Valid ESP32 HMAC Reading,200
2026-08-14 12:36:19,Real ESP32 Room Sensor,temperature_humidity_sensor,Demo Room,30.2,45.0,Critical,0,Normal Pattern,100,High,Critical Cold-Storage Failure,Critical Cold-Storage Failure
2026-08-14 12:36:21,ESP32_ROOM_1,ESP32,External,ESP32_ROOM_1,30.2,45.0,-,0,Security Event,0,Low,Continue monitoring and maintain secure sensor authentication,Valid ESP32 HMAC Reading,Valid ESP32 HMAC Reading,200
2026-08-14 12:36:21,Real ESP32 Room Sensor,temperature_humidity_sensor,Demo Room,30.2,45.0,Critical,0,Normal Pattern,100,High,Critical Cold-Storage Failure,Critical Cold-Storage Failure
2026-08-14 12:36:24,ESP32_ROOM_1,ESP32,External,ESP32_ROOM_1,30.2,45.0,-,0,Security Event,0,Low,Continue monitoring and maintain secure sensor authentication,Valid ESP32 HMAC Reading,Valid ESP32 HMAC Reading,200
2026-08-14 12:36:24,Real ESP32 Room Sensor,temperature_humidity_sensor,Demo Room,30.2,45.0,Critical,0,Normal Pattern,100,High,Critical Cold-Storage Failure,Critical Cold-Storage Failure
2026-08-14 12:36:26,ESP32_ROOM_1,ESP32,External,ESP32_ROOM_1,30.2,45.0,-,0,Security Event,0,Low,Continue monitoring and maintain secure sensor authentication,Valid ESP32 HMAC Reading,Valid ESP32 HMAC Reading,200
2026-08-14 12:36:26,Real ESP32 Room Sensor,temperature_humidity_sensor,Demo Room,30.2,45.0,Critical,0,Normal Pattern,100,High,Critical Cold-Storage Failure,Critical Cold-Storage Failure
2026-08-14 12:36:28,ESP32_ROOM_1,ESP32,External,ESP32_ROOM_1,30.2,45.0,-,0,Security Event,0,Low,Continue monitoring and maintain secure sensor authentication,Valid ESP32 HMAC Reading,Valid ESP32 HMAC Reading,200
2026-08-14 12:36:28,Real ESP32 Room Sensor,temperature_humidity_sensor,Demo Room,30.2,45.0,Critical,0,Normal Pattern,100,High,Critical Cold-Storage Failure,Critical Cold-Storage Failure
2026-08-14 12:36:31,ESP32_ROOM_1,ESP32,External,ESP32_ROOM_1,30.2,45.0,-,0,Security Event,0,Low,Continue monitoring and maintain secure sensor authentication,Valid ESP32 HMAC Reading,Valid ESP32 HMAC Reading,200
2026-08-14 12:36:31,Real ESP32 Room Sensor,temperature_humidity_sensor,Demo Room,30.2,45.0,Critical,0,Normal Pattern,100,High,Critical Cold-Storage Failure,Critical Cold-Storage Failure
2026-08-14 12:36:33,ESP32_ROOM_1,ESP32,External,ESP32_ROOM_1,30.2,45.0,-,0,Security Event,0,Low,Continue monitoring and maintain secure sensor authentication,Valid ESP32 HMAC Reading,Valid ESP32 HMAC Reading,200
2026-08-14 12:36:33,Real ESP32 Room Sensor,temperature_humidity_sensor,Demo Room,30.2,45.0,Critical,0,Normal Pattern,100,High,Critical Cold-Storage Failure,Critical Cold-Storage Failure
2026-08-14 12:36:35,ESP32_ROOM_1,ESP32,External,ESP32_ROOM_1,30.2,45.0,-,0,Security Event,0,Low,Continue monitoring and maintain secure sensor authentication,Valid ESP32 HMAC Reading,Valid ESP32 HMAC Reading,200
2026-08-14 12:36:35,Real ESP32 Room Sensor,temperature_humidity_sensor,Demo Room,30.2,45.0,Critical,0,Normal Pattern,100,High,Critical Cold-Storage Failure,Critical Cold-Storage Failure
2026-08-14 12:36:38,ESP32_ROOM_1,ESP32,External,ESP32_ROOM_1,30.2,45.0,-,0,Security Event,0,Low,Continue monitoring and maintain secure sensor authentication,Valid ESP32 HMAC Reading,Valid ESP32 HMAC Reading,200
2026-08-14 12:36:38,Real ESP32 Room Sensor,temperature_humidity_sensor,Demo Room,30.2,45.0,Critical,0,Normal Pattern,100,High,Critical Cold-Storage Failure,Critical Cold-Storage Failure
2026-08-14 12:36:40,ESP32_ROOM_1,ESP32,External,ESP32_ROOM_1,30.2,45.0,-,0,Security Event,0,Low,Continue monitoring and maintain secure sensor authentication,Valid ESP32 HMAC Reading,Valid ESP32 HMAC Reading,200
2026-08-14 12:36:40,Real ESP32 Room Sensor,temperature_humidity_sensor,Demo Room,30.2,45.0,Critical,0,Normal Pattern,100,High,Critical Cold-Storage Failure,Critical Cold-Storage Failure
2026-08-14 12:36:42,ESP32_ROOM_1,ESP32,External,ESP32_ROOM_1,30.2,45.0,-,0,Security Event,0,Low,Continue monitoring and maintain secure sensor authentication,Valid ESP32 HMAC Reading,Valid ESP32 HMAC Reading,200
2026-08-14 12:36:43,Real ESP32 Room Sensor,temperature_humidity_sensor,Demo Room,30.2,45.0,Critical,0,Normal Pattern,100,High,Critical Cold-Storage Failure,Critical Cold-Storage Failure
2026-08-14 12:36:45,ESP32_ROOM_1,ESP32,External,ESP32_ROOM_1,30.2,45.0,-,0,Security Event,0,Low,Continue monitoring and maintain secure sensor authentication,Valid ESP32 HMAC Reading,Valid ESP32 HMAC Reading,200
2026-08-14 12:36:45,Real ESP32 Room Sensor,temperature_humidity_sensor,Demo Room,30.2,45.0,Critical,0,Normal Pattern,100,High,Critical Cold-Storage Failure,Critical Cold-Storage Failure
2026-08-14 12:36:47,ESP32_ROOM_1,ESP32,External,ESP32_ROOM_1,30.2,45.0,-,0,Security Event,0,Low,Continue monitoring and maintain secure sensor authentication,Valid ESP32 HMAC Reading,Valid ESP32 HMAC Reading,200
2026-08-14 12:36:47,Real ESP32 Room Sensor,temperature_humidity_sensor,Demo Room,30.2,45.0,Critical,0,Normal Pattern,100,High,Critical Cold-Storage Failure,Critical Cold-Storage Failure
2026-08-14 12:36:50,ESP32_ROOM_1,ESP32,External,ESP32_ROOM_1,30.2,45.0,-,0,Security Event,0,Low,Continue monitoring and maintain secure sensor authentication,Valid ESP32 HMAC Reading,Valid ESP32 HMAC Reading,200
2026-08-14 12:36:50,Real ESP32 Room Sensor,temperature_humidity_sensor,Demo Room,30.2,45.0,Critical,0,Normal Pattern,100,High,Critical Cold-Storage Failure,Critical Cold-Storage Failure
2026-08-14 12:36:52,ESP32_ROOM_1,ESP32,External,ESP32_ROOM_1,30.2,45.0,-,0,Security Event,0,Low,Continue monitoring and maintain secure sensor authentication,Valid ESP32 HMAC Reading,Valid ESP32 HMAC Reading,200
2026-08-14 12:36:52,Real ESP32 Room Sensor,temperature_humidity_sensor,Demo Room,30.2,45.0,Critical,0,Normal Pattern,100,High,Critical Cold-Storage Failure,Critical Cold-Storage Failure
2026-08-14 12:36:54,ESP32_ROOM_1,ESP32,External,ESP32_ROOM_1,30.2,45.0,-,0,Security Event,0,Low,Continue monitoring and maintain secure sensor authentication,Valid ESP32 HMAC Reading,Valid ESP32 HMAC Reading,200
2026-08-14 12:36:54,Real ESP32 Room Sensor,temperature_humidity_sensor,Demo Room,30.2,45.0,Critical,0,Normal Pattern,100,High,Critical Cold-Storage Failure,Critical Cold-Storage Failure
2026-08-14 12:36:57,ESP32_ROOM_1,ESP32,External,ESP32_ROOM_1,30.2,45.0,-,0,Security Event,0,Low,Continue monitoring and maintain secure sensor authentication,Valid ESP32 HMAC Reading,Valid ESP32 HMAC Reading,200
2026-08-14 12:36:57,Real ESP32 Room Sensor,temperature_humidity_sensor,Demo Room,30.2,45.0,Critical,0,Normal Pattern,100,High,Critical Cold-Storage Failure,Critical Cold-Storage Failure
2026-08-14 12:36:59,ESP32_ROOM_1,ESP32,External,ESP32_ROOM_1,30.2,45.0,-,0,Security Event,0,Low,Continue monitoring and maintain secure sensor authentication,Valid ESP32 HMAC Reading,Valid ESP32 HMAC Reading,200
2026-08-14 12:36:59,Real ESP32 Room Sensor,temperature_humidity_sensor,Demo Room,30.2,45.0,Critical,0,Normal Pattern,100,High,Critical Cold-Storage Failure,Critical Cold-Storage Failure
2026-08-14 12:37:01,ESP32_ROOM_1,ESP32,External,ESP32_ROOM_1,30.2,45.0,-,0,Security Event,0,Low,Continue monitoring and maintain secure sensor authentication,Valid ESP32 HMAC Reading,Valid ESP32 HMAC Reading,200
2026-08-14 12:37:01,Real ESP32 Room Sensor,temperature_humidity_sensor,Demo Room,30.2,45.0,Critical,0,Normal Pattern,100,High,Critical Cold-Storage Failure,Critical Cold-Storage Failure
2026-08-14 12:37:04,ESP32_ROOM_1,ESP32,External,ESP32_ROOM_1,30.2,45.0,-,0,Security Event,0,Low,Continue monitoring and maintain secure sensor authentication,Valid ESP32 HMAC Reading,Valid ESP32 HMAC Reading,200
2026-08-14 12:37:04,Real ESP32 Room Sensor,temperature_humidity_sensor,Demo Room,30.2,45.0,Critical,0,Normal Pattern,100,High,Critical Cold-Storage Failure,Critical Cold-Storage Failure
2026-08-14 12:37:06,ESP32_ROOM_1,ESP32,External,ESP32_ROOM_1,30.3,45.0,-,0,Security Event,0,Low,Continue monitoring and maintain secure sensor authentication,Valid ESP32 HMAC Reading,Valid ESP32 HMAC Reading,200
2026-08-14 12:37:06,Real ESP32 Room Sensor,temperature_humidity_sensor,Demo Room,30.3,45.0,Critical,0,Normal Pattern,100,High,Critical Cold-Storage Failure,Critical Cold-Storage Failure
2026-08-14 12:37:08,ESP32_ROOM_1,ESP32,External,ESP32_ROOM_1,30.3,45.0,-,0,Security Event,0,Low,Continue monitoring and maintain secure sensor authentication,Valid ESP32 HMAC Reading,Valid ESP32 HMAC Reading,200
2026-08-14 12:37:08,Real ESP32 Room Sensor,temperature_humidity_sensor,Demo Room,30.3,45.0,Critical,0,Normal Pattern,100,High,Critical Cold-Storage Failure,Critical Cold-Storage Failure
2026-08-14 12:37:11,ESP32_ROOM_1,ESP32,External,ESP32_ROOM_1,30.6,45.0,-,0,Security Event,0,Low,Continue monitoring and maintain secure sensor authentication,Valid ESP32 HMAC Reading,Valid ESP32 HMAC Reading,200
2026-08-14 12:37:11,Real ESP32 Room Sensor,temperature_humidity_sensor,Demo Room,30.6,45.0,Critical,0,Normal Pattern,100,High,Critical Cold-Storage Failure,Critical Cold-Storage Failure
2026-08-14 12:37:13,ESP32_ROOM_1,ESP32,External,ESP32_ROOM_1,30.7,45.0,-,0,Security Event,0,Low,Continue monitoring and maintain secure sensor authentication,Valid ESP32 HMAC Reading,Valid ESP32 HMAC Reading,200
2026-08-14 12:37:13,Real ESP32 Room Sensor,temperature_humidity_sensor,Demo Room,30.7,45.0,Critical,0,Normal Pattern,100,High,Critical Cold-Storage Failure,Critical Cold-Storage Failure
2026-08-14 12:37:15,ESP32_ROOM_1,ESP32,External,ESP32_ROOM_1,30.8,45.0,-,0,Security Event,0,Low,Continue monitoring and maintain secure sensor authentication,Valid ESP32 HMAC Reading,Valid ESP32 HMAC Reading,200
2026-08-14 12:37:15,Real ESP32 Room Sensor,temperature_humidity_sensor,Demo Room,30.8,45.0,Critical,0,Normal Pattern,100,High,Critical Cold-Storage Failure,Critical Cold-Storage Failure
2026-08-14 12:37:17,ESP32_ROOM_1,ESP32,External,ESP32_ROOM_1,30.8,45.0,-,0,Security Event,0,Low,Continue monitoring and maintain secure sensor authentication,Valid ESP32 HMAC Reading,Valid ESP32 HMAC Reading,200
2026-08-14 12:37:18,Real ESP32 Room Sensor,temperature_humidity_sensor,Demo Room,30.8,45.0,Critical,0,Normal Pattern,100,High,Critical Cold-Storage Failure,Critical Cold-Storage Failure
2026-08-14 12:37:20,ESP32_ROOM_1,ESP32,External,ESP32_ROOM_1,30.8,45.0,-,0,Security Event,0,Low,Continue monitoring and maintain secure sensor authentication,Valid ESP32 HMAC Reading,Valid ESP32 HMAC Reading,200
2026-08-14 12:37:20,Real ESP32 Room Sensor,temperature_humidity_sensor,Demo Room,30.8,45.0,Critical,0,Normal Pattern,100,High,Critical Cold-Storage Failure,Critical Cold-Storage Failure
2026-08-14 12:37:22,ESP32_ROOM_1,ESP32,External,ESP32_ROOM_1,30.8,45.0,-,0,Security Event,0,Low,Continue monitoring and maintain secure sensor authentication,Valid ESP32 HMAC Reading,Valid ESP32 HMAC Reading,200
2026-08-14 12:37:22,Real ESP32 Room Sensor,temperature_humidity_sensor,Demo Room,30.8,45.0,Critical,0,Normal Pattern,100,High,Critical Cold-Storage Failure,Critical Cold-Storage Failure
2026-08-14 12:37:24,ESP32_ROOM_1,ESP32,External,ESP32_ROOM_1,30.8,45.0,-,0,Security Event,0,Low,Continue monitoring and maintain secure sensor authentication,Valid ESP32 HMAC Reading,Valid ESP32 HMAC Reading,200
2026-08-14 12:37:24,Real ESP32 Room Sensor,temperature_humidity_sensor,Demo Room,30.8,45.0,Critical,0,Normal Pattern,100,High,Critical Cold-Storage Failure,Critical Cold-Storage Failure
2026-08-14 12:37:27,ESP32_ROOM_1,ESP32,External,ESP32_ROOM_1,30.8,45.0,-,0,Security Event,0,Low,Continue monitoring and maintain secure sensor authentication,Valid ESP32 HMAC Reading,Valid ESP32 HMAC Reading,200
2026-08-14 12:37:27,Real ESP32 Room Sensor,temperature_humidity_sensor,Demo Room,30.8,45.0,Critical,0,Normal Pattern,100,High,Critical Cold-Storage Failure,Critical Cold-Storage Failure
2026-08-14 12:37:29,ESP32_ROOM_1,ESP32,External,ESP32_ROOM_1,30.8,45.0,-,0,Security Event,0,Low,Continue monitoring and maintain secure sensor authentication,Valid ESP32 HMAC Reading,Valid ESP32 HMAC Reading,200
2026-08-14 12:37:29,Real ESP32 Room Sensor,temperature_humidity_sensor,Demo Room,30.8,45.0,Critical,0,Normal Pattern,100,High,Critical Cold-Storage Failure,Critical Cold-Storage Failure
2026-08-14 12:37:32,ESP32_ROOM_1,ESP32,External,ESP32_ROOM_1,30.8,45.0,-,0,Security Event,0,Low,Continue monitoring and maintain secure sensor authentication,Valid ESP32 HMAC Reading,Valid ESP32 HMAC Reading,200
2026-08-14 12:37:32,Real ESP32 Room Sensor,temperature_humidity_sensor,Demo Room,30.8,45.0,Critical,0,Normal Pattern,100,High,Critical Cold-Storage Failure,Critical Cold-Storage Failure
2026-08-14 12:37:34,ESP32_ROOM_1,ESP32,External,ESP32_ROOM_1,30.8,45.0,-,0,Security Event,0,Low,Continue monitoring and maintain secure sensor authentication,Valid ESP32 HMAC Reading,Valid ESP32 HMAC Reading,200
2026-08-14 12:37:34,Real ESP32 Room Sensor,temperature_humidity_sensor,Demo Room,30.8,45.0,Critical,0,Normal Pattern,100,High,Critical Cold-Storage Failure,Critical Cold-Storage Failure
2026-08-14 12:37:36,ESP32_ROOM_1,ESP32,External,ESP32_ROOM_1,30.8,45.0,-,0,Security Event,0,Low,Continue monitoring and maintain secure sensor authentication,Valid ESP32 HMAC Reading,Valid ESP32 HMAC Reading,200
2026-08-14 12:37:36,Real ESP32 Room Sensor,temperature_humidity_sensor,Demo Room,30.8,45.0,Critical,0,Normal Pattern,100,High,Critical Cold-Storage Failure,Critical Cold-Storage Failure
2026-08-14 12:37:39,ESP32_ROOM_1,ESP32,External,ESP32_ROOM_1,30.8,45.0,-,0,Security Event,0,Low,Continue monitoring and maintain secure sensor authentication,Valid ESP32 HMAC Reading,Valid ESP32 HMAC Reading,200
2026-08-14 12:37:39,Real ESP32 Room Sensor,temperature_humidity_sensor,Demo Room,30.8,45.0,Critical,0,Normal Pattern,100,High,Critical Cold-Storage Failure,Critical Cold-Storage Failure
2026-08-14 12:37:41,ESP32_ROOM_1,ESP32,External,ESP32_ROOM_1,30.8,45.0,-,0,Security Event,0,Low,Continue monitoring and maintain secure sensor authentication,Valid ESP32 HMAC Reading,Valid ESP32 HMAC Reading,200
2026-08-14 12:37:41,Real ESP32 Room Sensor,temperature_humidity_sensor,Demo Room,30.8,45.0,Critical,0,Normal Pattern,100,High,Critical Cold-Storage Failure,Critical Cold-Storage Failure
2026-08-14 12:37:43,ESP32_ROOM_1,ESP32,External,ESP32_ROOM_1,30.8,45.0,-,0,Security Event,0,Low,Continue monitoring and maintain secure sensor authentication,Valid ESP32 HMAC Reading,Valid ESP32 HMAC Reading,200
2026-08-14 12:37:43,Real ESP32 Room Sensor,temperature_humidity_sensor,Demo Room,30.8,45.0,Critical,0,Normal Pattern,100,High,Critical Cold-Storage Failure,Critical Cold-Storage Failure
2026-08-14 12:37:46,ESP32_ROOM_1,ESP32,External,ESP32_ROOM_1,30.8,45.0,-,0,Security Event,0,Low,Continue monitoring and maintain secure sensor authentication,Valid ESP32 HMAC Reading,Valid ESP32 HMAC Reading,200
2026-08-14 12:37:46,Real ESP32 Room Sensor,temperature_humidity_sensor,Demo Room,30.8,45.0,Critical,0,Normal Pattern,100,High,Critical Cold-Storage Failure,Critical Cold-Storage Failure
2026-08-14 12:37:48,ESP32_ROOM_1,ESP32,External,ESP32_ROOM_1,30.8,45.0,-,0,Security Event,0,Low,Continue monitoring and maintain secure sensor authentication,Valid ESP32 HMAC Reading,Valid ESP32 HMAC Reading,200
2026-08-14 12:37:48,Real ESP32 Room Sensor,temperature_humidity_sensor,Demo Room,30.8,45.0,Critical,0,Normal Pattern,100,High,Critical Cold-Storage Failure,Critical Cold-Storage Failure
2026-08-14 12:37:50,ESP32_ROOM_1,ESP32,External,ESP32_ROOM_1,30.8,45.0,-,0,Security Event,0,Low,Continue monitoring and maintain secure sensor authentication,Valid ESP32 HMAC Reading,Valid ESP32 HMAC Reading,200
2026-08-14 12:37:50,Real ESP32 Room Sensor,temperature_humidity_sensor,Demo Room,30.8,45.0,Critical,0,Normal Pattern,100,High,Critical Cold-Storage Failure,Critical Cold-Storage Failure
2026-08-14 12:37:52,ESP32_ROOM_1,ESP32,External,ESP32_ROOM_1,30.8,45.0,-,0,Security Event,0,Low,Continue monitoring and maintain secure sensor authentication,Valid ESP32 HMAC Reading,Valid ESP32 HMAC Reading,200
2026-08-14 12:37:52,Real ESP32 Room Sensor,temperature_humidity_sensor,Demo Room,30.8,45.0,Critical,0,Normal Pattern,100,High,Critical Cold-Storage Failure,Critical Cold-Storage Failure
